filename,extension,detected_type,file_size_kb,width,height,has_exif,has_gps,latitude,longitude,camera_make,camera_model,datetime_original,page_count,sha256_hash
0016de66dec79799db292d26ea7a10de.jpg,.jpg,jpg,11.28,180,512,False,False,,,,,,,1a8ae42f7fc1448d...
0021831c5a13300ee0551339b95c07cf.jpg,.jpg,jpg,13.67,513,686,False,False,,,,,,,035f9f4c84a8348d...
0044d261420f07b180b4fe87763bfb88.pdf,.pdf,pdf,243.04,,,False,False,,,,,,1,5435920dc75c236f...
0049357a99babeefcd4621bef5ff4f5e.jpg,.jpg,jpg,54.18,717,753,False,False,,,,,,,412e328a50192ba4...
00509ba5652aad83b0d37a8083fea229.pdf,.pdf,pdf,208.78,,,False,False,,,,,,1,90bf65e0f3d38918...
005145df1c0af69a5c3ca2ec6e48b319.pdf,.pdf,pdf,227.77,,,False,False,,,,,,1,3af2da48f04c6b65...
00849ccd07215385485c4fc0a415b772.pdf,.pdf,pdf,221.35,,,False,False,,,,,,1,df0e31be90d5b4b4...
0084d12ae02d78fbd77fb25ed421ca9a.pdf,.pdf,pdf,212.7,,,False,False,,,,,,1,d258681bcb276b7c...
00880ad96126e6fea6c1bb6bda3b2f92.pdf,.pdf,pdf,499.42,,,False,False,,,,,,1,17cc7aff0d3799fc...
00916f7dea52549113d7e7fc75982a76.pdf,.pdf,pdf,320.79,,,False,False,,,,,,1,abbb09a694ddb60f...
00b41f913fe7998ad23a06558389b7eb.jpg,.jpg,jpg,18.05,364,478,False,False,,,,,,,86490234be6885da...
00b7f52e4ab9b5e4bbab8bb5975fbdd6.jpg,.jpg,jpg,51.99,542,692,False,False,,,,,,,5af586c423e4b4d6...
011be2c381f9d0d7aff6c14fb478f088.png,.png,png,369.46,562,692,False,False,,,,,,,341fff72fd193823...
013796594e1e2d41f45447cbe3110f72.pdf,.pdf,pdf,117.32,,,False,False,,,,,,1,aca5de01ff367a39...
0147fb43ca6c3a3509130b29f7995b76.jpg,.jpg,jpg,74.24,608,940,False,False,,,,,,,8ba6050856c1fecf...
0148f060f40fb4f7a50f45935e33af86.jpg,.jpg,jpg,22.16,299,692,False,False,,,,,,,198ca187bea69d2c...
0162de8292bfe6e4b76d9814f4e53c7f.pdf,.pdf,pdf,191.88,,,False,False,,,,,,1,fcdf107efb5a2ba8...
0185995a1b5286dbc1faea8f7afab407.pdf,.pdf,pdf,276.29,,,False,False,,,,,,1,14c5040d9a074a4e...
01871eec490aa4e70a1f3925f797611d.pdf,.pdf,pdf,231.85,,,False,False,,,,,,1,061e0705cd873d6c...
01b2a124e0fff6d243cd25d158d39a9c.pdf,.pdf,pdf,137.46,,,False,False,,,,,,1,ac0ffa65408399cf...
01f44ccfe36c5975b1eb12edf0c64d43.pdf,.pdf,pdf,226.92,,,False,False,,,,,,2,458ba708619acf69...
02243d3a48b6a339123345a59581f73d.jpg,.jpg,jpg,43.57,533,692,False,False,,,,,,,58c315cbfa76e1dd...
023fc707117a324a551868b8620379d1.pdf,.pdf,pdf,382.82,,,False,False,,,,,,1,353eb899684ae56f...
024e8e647ae85e55914bc0e320d8c78a.jpg,.jpg,jpg,30.16,536,692,False,False,,,,,,,a6ce7fddec4bb58e...
025b309422faf72500ef89e760a3dc49.pdf,.pdf,pdf,74.39,,,False,False,,,,,,1,cb71b5c828d0c1f4...
0281331a0b4ccea87d726cfe76314847.pdf,.pdf,pdf,246.72,,,False,False,,,,,,1,01100f58014b9efc...
029cb7b15a7deec74ad4ca53a82235c4.pdf,.pdf,pdf,183.19,,,False,False,,,,,,1,7b4496e52dd0df0f...
02c624612a8820468b7a41d17653c9b6.pdf,.pdf,pdf,228.27,,,False,False,,,,,,1,f0b9f8825f1f9ad6...
02cc0c0de6940090ebcbf1dec55db4de.jpeg,.jpeg,jpg,27.69,517,692,False,False,,,,,,,e832c71b3553e67b...
02d97a3e733e0a97b894a240479d418d.jpg,.jpg,jpg,25.31,513,686,False,False,,,,,,,53bcc7b0791c40f0...
0311fb8c1f79110cd8b7c5a06d9ab81b.jpg,.jpg,jpg,152.13,1212,686,False,False,,,,,,,6a861b308af2e9fc...
0315e5b4f40e5a38b66950973807f730.pdf,.pdf,pdf,269.08,,,False,False,,,,,,1,97796c7f79d842bc...
03393034e1ec275e9a66d2104628b1b2.pdf,.pdf,pdf,260.39,,,False,False,,,,,,1,f06d7781753e6aef...
035e7b79fc95bf6a617f5ed9c38ddfc1.pdf,.pdf,pdf,339.5,,,False,False,,,,,,1,425ab7dcad3fabc7...
0364c685a5070de489c3197368c7b0c3.jpg,.jpg,jpg,28.11,703,692,False,False,,,,,,,49333c8f9a793b0d...
038bfafff9edebf4f3be79212ee2d4a4.pdf,.pdf,pdf,243.29,,,False,False,,,,,,1,2e74fb7c8f6671b2...
0394b4e9203b6df44bc8f4d8960c81b8.pdf,.pdf,pdf,189.11,,,False,False,,,,,,1,f35bc4070ed3d878...
03b380a3af5f42855266747b59a113f7.jpg,.jpg,jpg,33.07,578,578,False,False,,,,,,,de98e2a34d6218ed...
03c0c065f3fb335ba0f8561e0247d8ad.pdf,.pdf,pdf,207.87,,,False,False,,,,,,1,ed3fc6925c3c6bad...
03f2ff00decb9a8c3843a13da149bd3a.pdf,.pdf,pdf,109.11,,,False,False,,,,,,1,0a090aa29c59be49...
040ce26d44922bf22ce925acb35f292e.pdf,.pdf,pdf,269.93,,,False,False,,,,,,1,c81e07eba31d0aa2...
0415f9ddbb9f5c860f741cca896de7a1.png,.png,png,278.55,586,692,False,False,,,,,,,ab62ecdcd4f85c0c...
04161df884c4c60924d10bf39fabcbac.jpg,.jpg,jpg,307.07,1709,1658,False,False,,,,,,,6c0efcfc85134d4a...
041a62fad969b8f9ab42dc55bdf49855.pdf,.pdf,pdf,310.73,,,False,False,,,,,,1,e0beff5013efb518...
046d1e123d8d226477bc04425cbc0039.pdf,.pdf,pdf,139.83,,,False,False,,,,,,1,9394d7515f38c282...
0474d3701fb7021e74ceab53e3392291.pdf,.pdf,pdf,227.15,,,False,False,,,,,,1,e2036b45311a811c...
0477c0e8dfbfe5c8cb5e01f7d355c911.pdf,.pdf,pdf,98.67,,,False,False,,,,,,1,8671022ef5593099...
04863895eee74d742ebea87f9d937cd7.pdf,.pdf,pdf,85.07,,,False,False,,,,,,1,20040d509aa8b8ae...
048b17c0982408687b4dfcf37c92b039.pdf,.pdf,pdf,439.24,,,False,False,,,,,,2,955c9b2a2d40a296...
04999ce9892f94d6fce9a6e1c4a6ab14.jpg,.jpg,jpg,20.47,513,686,False,False,,,,,,,1ffd177a798179e7...
04b360b0d2297fa959f5003b2673fea2.pdf,.pdf,pdf,2029.03,,,False,False,,,,,,1,06abbb059b39df90...
04bc45da5570199c3ac6b6d5931f990e.png,.png,png,335.46,534,692,False,False,,,,,,,f4fa0effa70ebc47...
04cd9a508a508d3b145c18a780ed864d.pdf,.pdf,pdf,492.37,,,False,False,,,,,,2,c6d4d3b4ff8a693d...
04d46f43f744aa7e56c8fb1b81ddd2d4.jpg,.jpg,jpg,21.79,513,686,False,False,,,,,,,161bc318da3f231d...
04d94d5d687827b56a2a2d0a17d5054a.jpg,.jpg,jpg,126.86,1319,1444,False,False,,,,,,,8f7136f76edbc6e6...
04ed9b88af7a37824dd4450901438f0d.pdf,.pdf,pdf,436.66,,,False,False,,,,,,1,d1b7e4e9f4255f61...
05199cec08b8fc5c01e00ae2dbb414b1.pdf,.pdf,pdf,343.26,,,False,False,,,,,,1,108ef0a59849dac7...
0532fb1c7d43a65d2f9dd676908f79ec.pdf,.pdf,pdf,897.28,,,False,False,,,,,,1,be10419793ca8fc5...
053416dedac38a336578783c105d0efc.jpg,.jpg,jpg,31.65,506,630,False,False,,,,,,,abf416c30ac87793...
054b17ebd1c59357c11c2118fce3a19f.jpg,.jpg,jpg,35.14,462,692,False,False,,,,,,,6f351c84e52ac38b...
055020341ae853e814f753b2ef7d8c1a.pdf,.pdf,pdf,127.21,,,False,False,,,,,,1,3b728873b433cb9a...
0555b608219dec6501cfeb9322e4cfa7.jpg,.jpg,jpg,27.99,513,686,False,False,,,,,,,13bb2cf492ac45c8...
055d9f90b829cc61271420f0db7d0043.pdf,.pdf,pdf,68.74,,,False,False,,,,,,1,e78b27ab25801eac...
056058625e4a1b1bbeb5781db645e832.pdf,.pdf,pdf,999.15,,,False,False,,,,,,2,f98d46458b655972...
057f91281be8d6ac4c1b155210caf004.pdf,.pdf,pdf,346.71,,,False,False,,,,,,1,89cea5d85f326e43...
05a95a774bb4e9997561be1892a4ecf5.pdf,.pdf,pdf,361.54,,,False,False,,,,,,2,a6296fde2a96d6bb...
05b9606150aa49a7f171d015d8d812b5.pdf,.pdf,pdf,232.06,,,False,False,,,,,,1,36f4562dd2fa874f...
05c90689354cead23f57fe98e9724802.pdf,.pdf,pdf,139.82,,,False,False,,,,,,1,29d082d774f8a09e...
05f2ed6465c97d3f37e62bc5e1d218ea.jpg,.jpg,jpg,44.2,422,692,False,False,,,,,,,dd12837cb8755c89...
060634955030d904de506d739a16a7ca.jpg,.jpg,jpg,16.87,428,572,False,False,,,,,,,260fc1dc4cc91529...
0612926dcfc18bd2a022c65ddd803b67.pdf,.pdf,pdf,260.94,,,False,False,,,,,,1,6d2484056f8bd169...
06184d854ef7f21d5817a61e07ecc116.jpg,.jpg,jpg,28.34,703,692,False,False,,,,,,,a1abf55cb17b5429...
0660689736e7f3efe3f6f30c59191c09.pdf,.pdf,pdf,105.83,,,False,False,,,,,,1,efdd0e045bf49cd6...
069755dd3c6ffba4cf68e0aebb442228.jpg,.jpg,jpg,25.49,602,692,False,False,,,,,,,e8048d011fdb0c09...
06ac2993bce75ce00841c427ccf3324d.pdf,.pdf,pdf,618.77,,,False,False,,,,,,1,dcc5a7402cd7c793...
06caa80f240148098a98985e5b8d8aaf.pdf,.pdf,pdf,213.33,,,False,False,,,,,,1,76121c14f8f33e34...
06cadc022284ad3fc6af5ec34da02f99.jpg,.jpg,jpg,97.96,1158,692,False,False,,,,,,,c64342ea328579b9...
06d960ce60e2bbaf43b989dfa4c0461c.pdf,.pdf,pdf,227.24,,,False,False,,,,,,1,84079dc852f45119...
06e6c1d888c4fb8aaffcfd21cc77cdc4.pdf,.pdf,pdf,442.04,,,False,False,,,,,,1,adc25c297c783a00...
06ea728a46c3a0a6fe3cffbc2925a536.pdf,.pdf,pdf,317.62,,,False,False,,,,,,1,8972779b3c5f1469...
06eba7e043a4255355deae70707b6bbf.jpg,.jpg,jpg,50.61,544,692,False,False,,,,,,,786745d2c306e9a2...
07655863dd87cd4688904d2720398f08.png,.png,png,735.76,512,691,False,False,,,,,,,b128e92780e92918...
0767fe0297aa02049a97934eb4a3f316.pdf,.pdf,pdf,348.01,,,False,False,,,,,,1,4e04765611b0bda8...
07a2a73b510bb53bd5957076f13692a4.jpg,.jpg,png,1840.39,1170,1275,False,False,,,,,,,4d16c819ecece84c...
07becf7d6deb6a7342d9f1e4bfa02cc8.pdf,.pdf,pdf,118.92,,,False,False,,,,,,1,8c78a74e509a5b76...
07c73b3c1a9570633c1a7eb52c433600.pdf,.pdf,pdf,224.94,,,False,False,,,,,,1,4ae78a3913886563...
07d7d9056242c8fc24dd8ad3835cd583.jpg,.jpg,jpg,42.22,547,686,False,False,,,,,,,1607d80f7c08ad13...
07dee5752ea5735bc69f51ab0ff7fa5d.pdf,.pdf,pdf,278.03,,,False,False,,,,,,1,5ede2c8169c2fc3e...
080254104f9f1087ec69335ba0912b42.pdf,.pdf,pdf,292.72,,,False,False,,,,,,1,fa89032e49e2ca1d...
08035ef172e8f16d2303cabb339a1350.pdf,.pdf,pdf,263.2,,,False,False,,,,,,1,86cfee7be2886fb0...
08112c33badda66e12cdfb6f95ec49c7.pdf,.pdf,pdf,1251.94,,,False,False,,,,,,1,cffbed74288ef7b8...
0812503ba0f6a9cdf8959ffdd7766d07.jpg,.jpg,jpg,896.78,2745,1721,False,False,,,,,,,4cc6394fcb736d2d...
0814b8f75d3d8403156248e7404eb2ef.png,.png,png,156.45,222,541,False,False,,,,,,,1ca55fa676b34bd0...
0816feb1a1dd91968c33b83e93e8ba04.pdf,.pdf,pdf,302.63,,,False,False,,,,,,1,4b8f76f8817ea9b9...
081ac151ce23d3e6ff683b6c3097e686.pdf,.pdf,pdf,834.71,,,False,False,,,,,,1,6bd320652022e55a...
0831d54ab0b103eb44052d95bd1fa783.pdf,.pdf,pdf,241.38,,,False,False,,,,,,1,983b453c4b5a2fb0...
08692efee4132f592fcf153878730884.jpg,.jpg,jpg,19.98,452,692,False,False,,,,,,,727860bbd9ead6a8...
08716746334cdd5ac5fb6b14d083edda.jpg,.jpg,jpg,20.13,547,686,False,False,,,,,,,95791be08e92adcc...
0872ece31b276acb39a3d89ee15abf23.pdf,.pdf,pdf,264.96,,,False,False,,,,,,1,048a4f4fbfca1ff9...
0882697fb38cc942a9df415aa48a09ed.pdf,.pdf,pdf,131.59,,,False,False,,,,,,1,946f5bfd0bd79d79...
089b696e7461e79805b7dcf6fa2c6995.jpg,.jpg,jpg,24.15,615,685,False,False,,,,,,,63847fbb7b800c7e...
08a97860c7baf9d6e02f4d95824a337b.pdf,.pdf,pdf,137.92,,,False,False,,,,,,1,2fd4bc548b136831...
08acb3efd9eed844febd838e99897808.jpg,.jpg,jpg,18.97,575,692,False,False,,,,,,,6a962da8b82fa32b...
08e384e72fecf99688632a6d507f5c8a.pdf,.pdf,pdf,344.55,,,False,False,,,,,,1,41f3e5f9f314c7c3...
08e4685a5ef9a54a9a48157b5960516c.pdf,.pdf,pdf,359.1,,,False,False,,,,,,1,d13ae4e4b691e9ea...
091113b270f1985ffd28ff5806e71402.pdf,.pdf,pdf,343.86,,,False,False,,,,,,1,dce6b2a39e073b3d...
091bfbc59c15cb816c941e790f01ddc0.pdf,.pdf,pdf,117.64,,,False,False,,,,,,1,aacb509fad3c72ce...
0939c51e99c8f95a1e8145a8a6437eb4.pdf,.pdf,pdf,311.44,,,False,False,,,,,,1,2fad922e646ab5f1...
094fa1cd83a5c7cc8cba910b5fcc89d9.pdf,.pdf,pdf,191.91,,,False,False,,,,,,1,a9f7d50379d49de5...
094fe459f5c0ecf24ae1820734a0014c.pdf,.pdf,pdf,274.15,,,False,False,,,,,,1,67b506fee6d2d576...
095ad65dbf2f31ff6e262f8fc2cda2c4.jpg,.jpg,jpg,270.07,1152,864,False,False,,,,,,,b96f15ef5b063d5e...
09640da9b305a087010e6d76dbd83d8c.pdf,.pdf,pdf,178.75,,,False,False,,,,,,2,365a34f68ffc800b...
097b3719a74316b1f0cd3d5751e7dafc.jpg,.jpg,jpg,135.08,646,774,False,False,,,,,,,b85fb35b04b7febb...
09847032ea2b6f80c5e4dcefed23b172.pdf,.pdf,pdf,368.04,,,False,False,,,,,,1,536626b5ce3fca2f...
0998a9b046a627542d1b8a2818c3d00f.jpg,.jpg,jpg,35.08,519,692,False,False,,,,,,,ddee5bee29bff9c3...
099e7ef74c5247b25a53a69197136fe0.jpg,.jpg,jpg,27.36,513,686,False,False,,,,,,,564e1b2572714abc...
09a501238ce3148a5038bba66b86dece.pdf,.pdf,pdf,260.6,,,False,False,,,,,,1,44bd7a3b54a2bd0e...
09bbebecaf403b4409c14872a2a04b80.pdf,.pdf,pdf,953.04,,,False,False,,,,,,1,7d345e43ddb92370...
0a04bea9005ebd5d5a9ef3cd2018a6a7.pdf,.pdf,pdf,189.2,,,False,False,,,,,,1,afe408af69506d47...
0a13acc1840495954f7f59cb0d351c01.jpg,.jpg,jpg,26.61,607,692,False,False,,,,,,,e1b4b2b69906479e...
0a439fc42ee3ec3cda7e2c7100c4e289.pdf,.pdf,pdf,2363.39,,,False,False,,,,,,1,e44325eae9f9fb5d...
0a63a0a786a846210389cc3f0cf67a2f.jpg,.jpg,jpg,23.25,513,686,False,False,,,,,,,5ad3c799c188e732...
0a64a60a2ca610e4561ce9c7a72b55a7.pdf,.pdf,pdf,298.53,,,False,False,,,,,,2,cd473beb59a44c3a...
0a6ec976f536d1681ffba5f00daeab65.jpg,.jpg,jpg,29.25,513,686,False,False,,,,,,,982419e61695f4c9...
0a6f0dd5a4f9dd21fee6d80f3c85533c.png,.png,png,435.97,551,692,False,False,,,,,,,3759d1c76f8f1ccd...
0aaa8170613ecba582e9f5259072eac3.pdf,.pdf,pdf,667.27,,,False,False,,,,,,1,e65b2c4dad75c7e3...
0ad9a2ea819e780231a55a5171e13e3f.pdf,.pdf,pdf,1116.03,,,False,False,,,,,,1,e70abb36cc04b6d3...
0ae68a74fbdffae27faf8281e8c7684e.pdf,.pdf,pdf,3321.05,,,False,False,,,,,,2,cd61d644b790ac68...
0afeaaf99c0dbd993b0ab2f2aff867b1.pdf,.pdf,pdf,186.88,,,False,False,,,,,,1,a04c82dc47a4c0a5...
0b2dab23b1d851456caf852d096d9487.pdf,.pdf,pdf,256.31,,,False,False,,,,,,1,240b805279d64074...
0b3d7346ce8a03a1730124b8b359b51d.jpg,.jpg,jpg,32.27,592,692,False,False,,,,,,,462bc90f13296b39...
0b441340b0568a9c963294756f92838d.pdf,.pdf,pdf,452.12,,,False,False,,,,,,1,cc29d9cda6990ccf...
0b5f0eeb0cbd43569d1f7876c52ff196.pdf,.pdf,pdf,325.08,,,False,False,,,,,,1,a1703c8dddc4294d...
0b9a10c3f5c0f7810a80f40f5eb5fc75.pdf,.pdf,pdf,1954.79,,,False,False,,,,,,1,e6f0638420639798...
0bb267d9802bc4e90165aa07cc9bbffb.jpg,.jpg,jpg,152.53,864,1154,False,False,,,,,,,5b2c28d1827270d6...
0bd34de09dfc585f516fa380a2d0aec9.pdf,.pdf,pdf,311.5,,,False,False,,,,,,1,43bc462a9d15cb8e...
0bd8c9780140534dc649244480be9a81.png,.png,png,167.22,466,692,False,False,,,,,,,239e0a5c23eabbe5...
0bdd440b28b50dd26b8ef952a0a3f049.pdf,.pdf,pdf,308.48,,,False,False,,,,,,1,dd05b8944738a155...
0c1969aa347c0f5269587672f6949de5.pdf,.pdf,pdf,155.83,,,False,False,,,,,,1,69c74fef7ef42420...
0c2d0a9011e7759df55980c8ef5c16ee.jpg,.jpg,jpg,21.42,509,692,False,False,,,,,,,8c5518367828ba2a...
0c403d536d80da5f382ea85205eb262e.jpg,.jpg,jpg,107.77,1100,884,False,False,,,,,,,bf17bcda1e221787...
0c7de850e63e9b5d44dc0c2a64e61246.jpg,.jpg,jpg,21.16,482,692,False,False,,,,,,,70f414b19f4b65c8...
0c8d5082ec5cfd36c930c7857f021493.pdf,.pdf,pdf,259.7,,,False,False,,,,,,1,e4b5ec1d3bc31606...
0ce74b182cf28b5adf99abd74c70cbfd.jpg,.jpg,jpg,245.95,697,1049,False,False,,,,,,,9d67e16f7a56cb42...
0cf9c69b2469636aeeadb5ea7b7939cc.jpg,.jpg,jpg,380.31,1471,1900,False,False,,,,,,,7ad5d20beefd989c...
0cfa162bb72672cb0e732c21238bbc8f.jpg,.jpg,jpg,34.92,519,692,False,False,,,,,,,48d27cde6d9da718...
0d057c5027d48e9c5400e7795d3d8fee.pdf,.pdf,pdf,301.03,,,False,False,,,,,,1,92c0b808a2c42963...
0d18083b3226c2e51dd1d17316afd8ec.pdf,.pdf,pdf,377.5,,,False,False,,,,,,1,929061274098c06b...
0d33d7205e13f5acb2dee4a93d113dea.pdf,.pdf,pdf,100.86,,,False,False,,,,,,1,4510a0fe9884760b...
0d6acd100ead1972399785c5d29f18bf.jpg,.jpg,jpg,14.07,264,392,False,False,,,,,,,482c41779c9cc323...
0d782978ca184481f678aab31bee048f.pdf,.pdf,pdf,5672.78,,,False,False,,,,,,1,f3d7f58fa5d569ee...
0d83636248f8de88c7c832fb06cc10a0.jpg,.jpg,jpg,43.67,526,692,False,False,,,,,,,6ad53c5d4f6c8cc1...
0d959d53d2170d8c57eb94252d5a47a7.jpg,.jpg,jpg,156.97,720,866,False,False,,,,,,,69e7751efffee20d...
0da082ab1a49d158a6a73ecdfe3570ef.png,.png,png,353.76,520,691,False,False,,,,,,,a6ba0a0615289a60...
0dd5ff1beada1e1220f046271e8b6699.jpg,.jpg,jpg,23.5,546,692,False,False,,,,,,,3bb2a24fb494b890...
0e01da800bb5091a1572af9d141032f8.pdf,.pdf,pdf,273.1,,,False,False,,,,,,1,44747e41aa1ba825...
0e14e7acde90680759c18aee5c2993e2.pdf,.pdf,pdf,160.39,,,False,False,,,,,,1,b5c003ff31acdd4e...
0e1b03192228d2ee9a865b9f0831206f.jpg,.jpg,jpg,24.09,559,692,False,False,,,,,,,857ae05c4336e87c...
0e2adbe1c19c0b713ca90d9e26fa2ff9.jpg,.jpg,jpg,30.5,416,692,False,False,,,,,,,3b4fab419642149f...
0e2bb0972c436c20b8389aed6242c2ae.jpg,.jpg,png,270.65,565,692,False,False,,,,,,,f9dc8c52c7c7d415...
0e2f2e3b71b4eee54f010344b6ede955.pdf,.pdf,pdf,296.61,,,False,False,,,,,,1,9945b103558ff094...
0e40865acaaf900b23f0597e3c1d6534.pdf,.pdf,pdf,165.78,,,False,False,,,,,,1,0b56ec3f428e723f...
0e589f14ab9392a734e15fed4fbe1526.pdf,.pdf,pdf,2239.27,,,False,False,,,,,,1,d4eb5e6d8f6fe150...
0e5ffa587a56116f2a47db9baa542c6f.jpg,.jpg,jpg,35.45,570,762,False,False,,,,,,,8be1566501fbf492...
0e8a71f303d936a546543228c89bcb28.pdf,.pdf,pdf,444.66,,,False,False,,,,,,1,08e93601d0dc8db5...
0e993c837ca64ec8e5db210564f0b21a.pdf,.pdf,pdf,427.69,,,False,False,,,,,,1,5ae9c9fdcdd1abf8...
0e9e9fc9270cd3ae1120ac728ae7d232.png,.png,png,480.04,507,692,False,False,,,,,,,2b420a3315a440bc...
0ea4939d6ba000c1b383c9104d4c61cb.jpg,.jpg,jpg,39.77,539,692,False,False,,,,,,,d09edd9a3101a952...
0ec1c582f55b13afd9d59918da6c01c5.pdf,.pdf,pdf,254.67,,,False,False,,,,,,1,3695e258a463d570...
0f0323323021edc55fd81000b40be8d1.pdf,.pdf,pdf,328.37,,,False,False,,,,,,1,29ce2dcb19668d91...
0f0b424f9ed4409096604115758e03bb.pdf,.pdf,pdf,321.64,,,False,False,,,,,,1,31d406a97e68d361...
0f1123ec4e1c834406c987849136ea3b.pdf,.pdf,pdf,120.95,,,False,False,,,,,,1,40b8bbcd1d70c2a9...
0f27f70e096e652f3a14a2d1c4add7e0.pdf,.pdf,pdf,184.46,,,False,False,,,,,,1,98c187024ff68d82...
0f474b35d114a1e38e1ad392ce591c54.jpg,.jpg,jpg,114.11,1008,1148,False,False,,,,,,,5293e8d49a4652fa...
0f4de53d26f9160236521a99036c22b4.jpg,.jpg,jpg,32.74,526,692,False,False,,,,,,,5f78c936a3f839d7...
0f5b8dcc19a58fe152ab217d637bad85.jpg,.jpg,jpg,30.94,524,691,False,False,,,,,,,014a7e6be595dafe...
0f5c2f93aa5c91cb6e609f7afd3adcb4.jpg,.jpg,jpg,27.51,513,686,False,False,,,,,,,16fc6c3ea8f6008a...
0fb23ffecc044e49e0958e0663d845f7.pdf,.pdf,pdf,129.78,,,False,False,,,,,,1,0fcfc7fb901a3665...
0fc2240d9d42ed23d06287402762f6e6.pdf,.pdf,pdf,210.55,,,False,False,,,,,,2,5c5f77eb76ff2f36...
0fd1c7d8fd14e9dc6afee1e6ced9b2cb.pdf,.pdf,pdf,122.83,,,False,False,,,,,,1,634fb81bbaadc19c...
0ff2a6049ea341a3aca2175465bbb072.jpg,.jpg,jpg,104.68,1000,1400,False,False,,,,,,,bcc454565201a835...
1065d382ccf0ffcde7d0cb34afc4a611.pdf,.pdf,pdf,350.29,,,False,False,,,,,,1,654d71381f850933...
106d00550527b2a855ccad42d615525b.jpg,.jpg,jpg,26.97,500,692,False,False,,,,,,,546a762c95bc51e0...
10874f10663fe4e508d865abc9413c58.jpg,.jpg,jpg,34.45,498,556,False,False,,,,,,,633f6a6e94f36cca...
108b045f62ac761e9c9a8b89b7a30250.jpg,.jpg,jpg,58.5,696,843,False,False,,,,,,,aca5b53451dca158...
108fb172af0d9928e4f9fde12262c29b.jpg,.jpg,jpg,25.39,488,686,False,False,,,,,,,d841d88667887007...
10a0f49585d51d4063df29a141d8f13b.png,.png,png,1566.47,800,1000,False,False,,,,,,,0348db9de23f4f0c...
10a6d44e5e74997b2cf4adfd642f81e5.pdf,.pdf,pdf,317.69,,,False,False,,,,,,1,565d421ae0fbd75d...
10a85382091242a85f9ba782090b3d76.pdf,.pdf,pdf,410.54,,,False,False,,,,,,1,5ae6abc1c74edf95...
10b436dc0e25ac5171fe4c547bb1af61.jpg,.jpg,jpg,102.08,1309,686,False,False,,,,,,,1b57871ef7951bcd...
10c39950ccfcb2060d0c1eb0650d116d.pdf,.pdf,pdf,62.61,,,False,False,,,,,,1,bdbe2b7cc663a1af...
10e3b086e5779181fbfa7efd67d7419e.pdf,.pdf,pdf,273.8,,,False,False,,,,,,1,41a67089b7d0b827...
10f532e6d6f87a500c5793a53e601fb9.pdf,.pdf,pdf,225.83,,,False,False,,,,,,1,6002e9e7a7a8ceec...
10fc46392d54207fe7777ae96f9ed572.jpg,.jpg,jpg,47.49,665,692,False,False,,,,,,,77c303791108573b...
11248a3f0bdc4266fc243ce4d9c8f519.pdf,.pdf,pdf,292.9,,,False,False,,,,,,1,08f8eb539f805211...
1135f2b13b97e4b2697607d101bef924.jpg,.jpg,jpg,20.01,576,692,False,False,,,,,,,d371d3a3c3a67450...
113ecaf9810e00e8523be39cd2ff838a.pdf,.pdf,pdf,301.97,,,False,False,,,,,,1,1362c550fffdc8dc...
1144f8fb2a316b0bb953d2b367170a34.pdf,.pdf,pdf,423.88,,,False,False,,,,,,1,188e6aacff0a0da5...
114af3bf6c10a5da2723c507f501fb3f.pdf,.pdf,pdf,186.71,,,False,False,,,,,,1,fc50b5590df08855...
1162ddc7e22132f0108c50459f7cfdc3.png,.png,png,1308.18,800,998,False,False,,,,,,,3291cb315d11f11f...
116df4bb19a1e9db06946c5d7acef75b.jpg,.jpg,jpg,27.82,552,692,False,False,,,,,,,f2dc2da785db5e42...
117b27aedea24b1013d3aac8804211a6.jpg,.jpg,jpg,41.76,894,686,False,False,,,,,,,d3efef489348b4b9...
11a60e163bd8db53a9d3eeb83da874cd.pdf,.pdf,pdf,224.07,,,False,False,,,,,,2,924599d86abd3c23...
11ab08fc784f37742d130b0145b1149e.pdf,.pdf,pdf,189.53,,,False,False,,,,,,1,a34a8298087ddfcd...
11c831063a0d7a6617c4edac433f47cb.jpg,.jpg,jpg,17.66,379,692,False,False,,,,,,,e66732c718e0f9ec...
11c93eeb4996dae14ea4fb2c5db73d12.pdf,.pdf,pdf,321.37,,,False,False,,,,,,2,87580f610c086b57...
11d1195ef26496ca4f0b48e18a3efc67.jpg,.jpg,jpg,30.84,540,692,False,False,,,,,,,bf168a98dac5b13b...
11d2f16417011e194b41113edcffcfac.jpg,.jpg,jpg,20.04,362,512,False,False,,,,,,,7b869223f9fbff60...
12481806845c08089f13552d30a5cc80.jpg,.jpg,jpg,35.82,513,686,False,False,,,,,,,75e48b3596a2bc43...
126cba8d4ed9fd99f9b215672860b46f.pdf,.pdf,pdf,231.16,,,False,False,,,,,,1,b6464ce5929f84de...
12a9cac32bd23b605349e89f816c3e94.jpg,.jpg,jpg,22.8,302,580,False,False,,,,,,,78d64ae7f323914b...
12b3716170b0babe4496a1214df8dac1.jpg,.jpg,jpg,37.17,513,686,False,False,,,,,,,bca2203c3c798fee...
12d1174260889403406f2e2455ef971c.jpeg,.jpeg,jpg,53.21,528,768,False,False,,,,,,,87d1c0a9edee0839...
12e7340593176d9ade5dff510592eb02.jpg,.jpg,jpg,220.33,1604,1032,False,False,,,,,,,0d57f20e7692b393...
12f069b1acc482ae40e19262a9bc7ed3.pdf,.pdf,pdf,288.92,,,False,False,,,,,,1,4c19c799d5f77a94...
1317d3123c47f337fca24c03d6c34039.pdf,.pdf,pdf,1052.33,,,False,False,,,,,,1,315d4cb2b03cbdef...
133276e682e5ae3bfc66ec292bd276aa.jpg,.jpg,jpg,328.42,612,778,False,False,,,,,,,2034d3f6d3629b0b...
133a5005923fdd7f1424830ed8cf054d.png,.png,png,533.99,569,768,False,False,,,,,,,24ca7ab6ef38f927...
134e7c35be36b3a56c3f6fa34c714a52.pdf,.pdf,pdf,323.23,,,False,False,,,,,,1,33a352299b8c51e7...
135257db18a4de80fffeba8ed0bdff27.pdf,.pdf,pdf,222.18,,,False,False,,,,,,1,daad553a37a3f960...
13754fa3f9627eb5be1f4408700140c8.pdf,.pdf,pdf,322.17,,,False,False,,,,,,1,32eb31e230a94b1c...
13846e5342192aaaa5cd49650ac5540d.jpg,.jpg,jpg,52.02,704,930,False,False,,,,,,,a067572be58998db...
138d49d6a8138e314441fd7783dbef0f.jpg,.jpg,jpg,41.63,455,692,False,False,,,,,,,74088b519afe82b9...
139d5a1de3f772cd28a991c8b6a5aff2.pdf,.pdf,pdf,180.45,,,False,False,,,,,,2,0afb89657aece69c...
13e1fae1203cd15046c5c28a95f8e8d8.pdf,.pdf,pdf,184.81,,,False,False,,,,,,1,ae50d4a6e924d7a6...
13ea7c9130984c7fdbb3273f052c60f4.pdf,.pdf,pdf,235.12,,,False,False,,,,,,1,ca5e1dd13cb783be...
13ede1a0c9ee2a750ca64414f4f33d49.pdf,.pdf,pdf,1132.63,,,False,False,,,,,,1,db305450b6e29b5f...
1414d5d875ff70b857d588d681de0880.pdf,.pdf,pdf,163.2,,,False,False,,,,,,1,79f8a2122cf78ad8...
14805451782f4850971b4729cc9de340.pdf,.pdf,pdf,274.52,,,False,False,,,,,,1,5bdc8bdb02bed9c5...
1489428d1a39e748fa00978c2e5e960b.pdf,.pdf,pdf,526.41,,,False,False,,,,,,2,e99250273fd8738d...
1495ac0593adbbe9a93edded3cd2e9db.jpg,.jpg,jpg,25.66,590,692,False,False,,,,,,,fdb2bdd7ddb89a30...
14a410a3ecbf8e72e604892ec6d46f6c.pdf,.pdf,pdf,494.26,,,False,False,,,,,,1,b6da8c9f69f5b40d...
14cdb3274dec08796c56b5c197e689be.pdf,.pdf,pdf,184.39,,,False,False,,,,,,1,34dcc46fcbf73394...
14d512482ba5914fd8e3ac7e279b22b1.pdf,.pdf,pdf,137.77,,,False,False,,,,,,1,dfe886f18a0b716a...
14d521a3e15ab9af456a56bd7719abc2.png,.png,png,59.85,365,692,False,False,,,,,,,d9f68f1325dcf33c...
1515c5398aa139d3ab1be522b528cf39.pdf,.pdf,pdf,122.82,,,False,False,,,,,,1,c976ad33c93074c0...
151706c1be8c61af37e08420e40eb971.jpg,.jpg,jpg,19.79,547,692,False,False,,,,,,,bc201768b3d480fd...
153666dcfe0c338d8d3bd6e36e6996d1.jpg,.jpg,jpg,238.63,744,1024,False,False,,,,,,,e4e43d81c29e2bca...
153ff69981f5ccd6aa5e12ff2a376fe9.pdf,.pdf,pdf,502.86,,,False,False,,,,,,1,de673b627f7a593a...
15571e4266f04e815cd23b3cd9379130.pdf,.pdf,pdf,364.81,,,False,False,,,,,,1,065992bdc4a9d3a7...
15643821cf5a752599bffc954e90c78c.pdf,.pdf,pdf,1015.26,,,False,False,,,,,,1,6ba0dec68575b41a...
15791a6f16083f2c7d8bd8465ef3794c.pdf,.pdf,pdf,74.75,,,False,False,,,,,,1,3f256af3a69e148f...
159513b858b9e7772a7fcee638f269bf.pdf,.pdf,pdf,538.38,,,False,False,,,,,,1,123c42ebb654234c...
15a7ae8a3b47d8464b1d41a93ba4f49b.jpg,.jpg,jpg,16.06,503,692,False,False,,,,,,,33ca0de1c2c02621...
15a97a386a612e0a2ab626aa84bad930.jpg,.jpg,jpg,35.67,513,686,False,False,,,,,,,14c2250174ec6f24...
15b02a9f0d916e5e60c07b847fc6a938.jpg,.jpg,jpg,26.29,460,692,False,False,,,,,,,0e21f50c8d61f09b...
15c6192fa1e05e06de56dfada4c16aa1.jpg,.jpg,jpg,48.72,643,692,False,False,,,,,,,4d76ef292a75420a...
15ff7dba08aca2227f8dc324342490d7.jpg,.jpg,jpg,24.78,517,692,False,False,,,,,,,e2d48a3dd0badae6...
163bf08b274d9269ab60b8b1ccd25a96.jpg,.jpg,png,239.02,401,692,False,False,,,,,,,3aed84c6f4bf7249...
1642a248b30a790acc177c5ded6efb11.pdf,.pdf,pdf,254.96,,,False,False,,,,,,1,d724187d550a6675...
1646c6d8e524c58b5331f9930dfa2886.pdf,.pdf,pdf,656.1,,,False,False,,,,,,1,c1e84062666f38a8...
166fbc48570b118800f784ecfa1b1d8a.pdf,.pdf,pdf,382.51,,,False,False,,,,,,2,0fb634c8116f6d18...
1695522d09742fa0b6ddd5752851cbdd.jpg,.jpg,jpg,547.67,1083,1440,False,False,,,,,,,1c1fafaad6aea68f...
16a1a53fa49772ddf860fd0835faef1d.jpeg,.jpeg,jpg,26.82,513,686,False,False,,,,,,,26012907de463d44...
16b00ab8575dc3ffd0a72471946be361.png,.png,png,347.64,508,692,False,False,,,,,,,009f4fd174304275...
16b4b0c67cb09475f327ee4c4c5761df.pdf,.pdf,pdf,349.13,,,False,False,,,,,,1,99d2685b795b0708...
16b633aa462ba6e6db9bde7a68d6bcc6.pdf,.pdf,pdf,760.48,,,False,False,,,,,,1,7c392b4793f8a3b2...
16bc455633d50b7599f6df4a73f85bd7.pdf,.pdf,pdf,119.83,,,False,False,,,,,,1,b1d3c5fa32e42286...
16bcc81efada47697594be716cc55f55.pdf,.pdf,pdf,383.74,,,False,False,,,,,,1,f87961918f950b9b...
16c733e9a168427e87e1a4987365972a.jpg,.jpg,jpg,24.82,542,692,False,False,,,,,,,8ad62e683e6e5810...
16cc82f4e3230ad92be5e5fa54186d65.jpg,.jpg,jpg,32.76,585,692,False,False,,,,,,,5017bf89f4c158dc...
16d1d630094b5b96ba1a42f771ebe35e.pdf,.pdf,pdf,230.28,,,False,False,,,,,,1,87fcbe4cd68092f8...
16d86db95b4db646909fe794f31bfae0.png,.png,png,411.49,513,692,False,False,,,,,,,47a8425e65868a83...
16df8d9b07e1aee72a1ee5f6323a8c15.pdf,.pdf,pdf,374.62,,,False,False,,,,,,1,55e5564750e5cad1...
17037680106816bb63394367cbe66bdb.pdf,.pdf,pdf,545.32,,,False,False,,,,,,1,4334df3066f088c0...
1719bf798a0eb4946614af4eb9b44156.jpg,.jpg,jpg,310.84,710,948,False,False,,,,,,,5927786f3ee81aee...
17216bfb3ec99ff270165be4c164907b.pdf,.pdf,pdf,124.24,,,False,False,,,,,,1,58345dc3c32feaad...
174bd14eeb0ddc124ab0dbeb7a6204c4.jpg,.jpg,jpg,19.25,513,686,False,False,,,,,,,e3d305d97b549b55...
17506060ae8766502b74ac9be8b856ee.pdf,.pdf,pdf,469.92,,,False,False,,,,,,2,a081e23ba37694bd...
17745823cedd9f423e6eb6406701e287.jpg,.jpg,jpg,19.51,513,686,False,False,,,,,,,8e9005e7c52eff84...
17800b9a6e851992be51356dc7902c3d.jpg,.jpg,jpg,65.54,650,692,False,False,,,,,,,b0710b6dda85f488...
17950f280708252fdd451079cbeee2e6.pdf,.pdf,pdf,219.63,,,False,False,,,,,,1,5ca67fa2868ba0a0...
17f906b55b74d72aab0256f9dd5cbb09.pdf,.pdf,pdf,96.14,,,False,False,,,,,,1,9d943ce8e65dba0b...
182ccf4519af18b1009e092dd5c94bb0.jpg,.jpg,jpg,35.87,962,692,False,False,,,,,,,027bba05df9d7181...
183e775266b33933db190954cdad328c.pdf,.pdf,pdf,233.57,,,False,False,,,,,,1,6ee0ef5bd0b40f17...
185b6df7229f8055d7c8070994f6e8b0.pdf,.pdf,pdf,103.47,,,False,False,,,,,,2,6aa794c78d6a4435...
18749d833e3a6c2289bdd4b9f13748e4.jpg,.jpg,jpg,116.77,1008,1186,False,False,,,,,,,ae655eea4f70f942...
189660518067f1a688bb7fcadcdadf79.pdf,.pdf,pdf,1670.61,,,False,False,,,,,,1,783a889e87c87fd5...
18a404cdd1b8f4c654a14113871e50ac.pdf,.pdf,pdf,1697.41,,,False,False,,,,,,1,209bd6fc45c673a1...
18c183a0921ca3d7a8f3f47afd115170.pdf,.pdf,pdf,229.91,,,False,False,,,,,,2,8582a68c82656439...
18c3d0fcf0538fd19981e8b22b273e2d.pdf,.pdf,pdf,245.92,,,False,False,,,,,,1,748687d00197b1b3...
18de67f4246a44e2763e7b4ea15b0c10.png,.png,png,228.29,495,692,False,False,,,,,,,6e085c7bdc24ebaf...
18e648c35816e935b0b8b28d513aaf48.jpg,.jpg,jpg,116.11,977,1280,False,False,,,,,,,245eb96b7cd5c701...
18ef1aef4349cc235231bbc4f7e7ead8.jpg,.jpg,jpg,39.53,483,692,False,False,,,,,,,3208671fcde36452...
192501a0cc25f93fe65b94d4c0b120a7.pdf,.pdf,pdf,113.66,,,False,False,,,,,,1,7de898daca8c37ab...
1936b6d83ce4b1b4c25aec4e857d3997.jpg,.jpg,jpg,196.96,758,1092,False,False,,,,,,,aad0faf21caa47b4...
1938bc6eee009133715ac8064d97539c.jpg,.jpg,jpg,31.76,502,692,False,False,,,,,,,733bf4374e1bf52c...
1953c2d114a710756741f38811a85c30.pdf,.pdf,pdf,241.52,,,False,False,,,,,,1,fac6edfce9e89c9e...
195ac6b9d2d957e9a2c5396c96306aa7.jpg,.jpg,jpg,26.39,548,500,False,False,,,,,,,28ff127b7f9b0b78...
196d490cac0ee2348da5905c80a692c9.pdf,.pdf,pdf,116.55,,,False,False,,,,,,1,72cbcdc815503698...
19856d220a943d4cd26df68663bf0adc.jpg,.jpg,jpg,26.37,555,692,False,False,,,,,,,28972e9a82e9073b...
198907ce2da31160f5ffe26be4bd3f86.pdf,.pdf,pdf,274.29,,,False,False,,,,,,1,d4cb362cbcfbec15...
19e661af16b9dc8324fc0c883b6266ae.jpg,.jpg,jpg,22.99,513,686,False,False,,,,,,,8169b1cc464a0323...
19f1cb17a4523becc741b00007dd8d17.pdf,.pdf,pdf,225.31,,,False,False,,,,,,1,873a6739c955c69f...
1a0a1ad647c6148a66ee1ddb4749fbe3.png,.png,png,457.18,690,692,False,False,,,,,,,988e37fca32bdc64...
1a0fd7f9d30422c0bd4b93127d12291a.pdf,.pdf,pdf,985.94,,,False,False,,,,,,1,aec9963c99914219...
1a245200584771f92bbc7ae147799e30.pdf,.pdf,pdf,774.45,,,False,False,,,,,,1,9d04c83bbdb23fbd...
1a2e84fc14ceb6f87ced757a5f871ccf.jpg,.jpg,jpg,19.32,513,686,False,False,,,,,,,4cb201d4a9c0a517...
1a325d96014ca8063bf9cadeb2595fe6.jpg,.jpg,jpg,21.26,513,686,False,False,,,,,,,3d3cc5ba18295ed7...
1a501f0f650d2978f6b919c39dbe2c91.jpg,.jpg,jpg,17.1,352,692,False,False,,,,,,,71b7b39833e38261...
1a83ba032e866e48fd10efbaa2a9cf3d.pdf,.pdf,pdf,442.3,,,False,False,,,,,,1,f43358d8f7e82657...
1aaf796d1ec23d6e9fdbd5875cdad9d3.jpg,.jpg,jpg,26.65,513,686,False,False,,,,,,,e41e3ebb35edd647...
1abafff9fc54cbffa44c208a78c05c88.jpg,.jpg,jpg,26.96,447,692,False,False,,,,,,,c3b3bd8136bd9234...
1abe815260b76830bba1bb407651fe33.pdf,.pdf,pdf,301.44,,,False,False,,,,,,1,2919887cc46d56eb...
1ad161a70ed7a8a0e76d89d7c83afe86.jpg,.jpg,jpg,28.44,912,686,False,False,,,,,,,5ef06a06318521e9...
1ada8aeedee2588b505a4c338adca9d4.pdf,.pdf,pdf,640.85,,,False,False,,,,,,1,6118fc010278011d...
1adc95566c7a15e78f78daa8e2c1078e.jpg,.jpg,jpg,15.67,392,490,False,False,,,,,,,5d7c3bf68fd87e96...
1b03092f4b3c5ea0a104f87900b0da4e.jpg,.jpg,jpg,21.64,498,682,False,False,,,,,,,f1daa55a7673d544...
1b0a1b5d9abb26edc6ccd80fe8feb06b.pdf,.pdf,pdf,136.02,,,False,False,,,,,,1,d5651731ce1ad1df...
1b18001c0fcc4fb7d50081c7fc0909a5.pdf,.pdf,pdf,159.98,,,False,False,,,,,,1,b61baf31412fc4ed...
1b2b28f59fd0ba1bf6f4ff14020e2477.pdf,.pdf,pdf,137.95,,,False,False,,,,,,1,eac1ad2b2cf74c2f...
1b327a13b8187f68c543a7c1526b5730.pdf,.pdf,pdf,365.14,,,False,False,,,,,,1,38554b7c38da3827...
1b4c2123487d26ded2466bb98283a4a5.pdf,.pdf,pdf,294.13,,,False,False,,,,,,1,f5f93d05de300dd9...
1b570de3faf61c40477c8548ab522c2f.jpg,.jpg,jpg,27.98,513,686,False,False,,,,,,,42f54fe7670d1fff...
1b6636e5fc497da8ab70d9a9a4034e48.pdf,.pdf,pdf,195.29,,,False,False,,,,,,1,034402b6fe0c3614...
1b8e8a511890c8eb33df035fbe514215.jpg,.jpg,jpg,25.41,513,686,False,False,,,,,,,c1c9cdaba84cf694...
1bade5411b5b914f5249d5a2da5556be.jpg,.jpg,jpg,21.92,460,692,False,False,,,,,,,c2aac620d3765152...
1bc3accad351b1a9a765215d517f585f.pdf,.pdf,pdf,313.71,,,False,False,,,,,,1,a1059b71aa6e78f7...
1bca19dc50102934f97a7815b02eda83.jpg,.jpg,jpg,28.07,688,656,False,False,,,,,,,7b99bbd67ae80024...
1bd5259745e1b9bdc2fd9d9ccc14e638.jpg,.jpg,jpg,23.6,517,692,False,False,,,,,,,494c24689313db36...
1be90803b391ed8b2a4cebec58c4c36d.pdf,.pdf,pdf,221.0,,,False,False,,,,,,1,11fed30255623d14...
1beed2dadf22be920f069297008cd336.pdf,.pdf,pdf,116.59,,,False,False,,,,,,1,ccec565cccf9dcaf...
1bfc60eae7e9f0e614d707d35a5c001f.pdf,.pdf,pdf,316.37,,,False,False,,,,,,1,556b323f605a3a67...
1bfff98c5d76d1259850d0a8c6bd3ca6.pdf,.pdf,pdf,213.28,,,False,False,,,,,,1,37effa31f722b929...
1c0811d9fcccb5b0c019edf337f425d0.jpg,.jpg,jpg,4.22,144,194,False,False,,,,,,,b9a1ede64b27220b...
1c1b5d0d242e1873c1b64be744ffeff0.jpg,.jpg,jpg,63.68,546,686,False,False,,,,,,,b6391f45039efc91...
1c21b1d3760c6adc0b7b356e26cfea14.pdf,.pdf,pdf,132.54,,,False,False,,,,,,1,933169149dfd1300...
1c3293b5cf9a15045d60292d6e69a000.pdf,.pdf,pdf,830.91,,,False,False,,,,,,1,ab9a00cb2d958e07...
1c339dcea82a3a0ba581b7bedf1996ca.pdf,.pdf,pdf,305.97,,,False,False,,,,,,2,b357a36cd9b5a4f2...
1c42a20ef5358e856b7e8a050420b002.pdf,.pdf,pdf,606.96,,,False,False,,,,,,1,2e849ea27b5169ee...
1c66a0a8762a450dcb11fbae7238bc08.jpg,.jpg,jpg,39.51,516,692,False,False,,,,,,,7a2b20281a22ac69...
1c67d8fef1045a920362d9d15d8a1e39.pdf,.pdf,pdf,176.3,,,False,False,,,,,,1,80f7647663f1c097...
1c796b25ebe888a03fcfe86cc5d531e9.pdf,.pdf,pdf,171.38,,,False,False,,,,,,1,b67501d50ebaa5cc...
1c7c561b4fb0ce06aeda612155803803.pdf,.pdf,pdf,165.12,,,False,False,,,,,,1,8fec06abe1888be4...
1c9dbe82e67e19cc3bc93059999aa0ea.png,.png,png,668.27,570,692,False,False,,,,,,,501989c9b35ec380...
1cfa32c6423d515e3537b86105aa4ac4.jpg,.jpg,jpg,32.33,578,692,False,False,,,,,,,80885d968fd05141...
1cfc7cf72363cdb1216e51c167d7d397.png,.png,png,184.08,429,692,False,False,,,,,,,090f7bbcf76f241a...
1d09e8ee020b5060e8c56757b56f0c01.pdf,.pdf,pdf,395.17,,,False,False,,,,,,1,601e77fc64d4e9bd...
1d17c98de5a7f1c7a085e36b847c8cd5.pdf,.pdf,pdf,199.63,,,False,False,,,,,,1,383e72090ee314e0...
1d2b5fb286395619634e0e975973a72d.pdf,.pdf,pdf,225.82,,,False,False,,,,,,2,502f2dc50011ced2...
1d474397b264351515a95e58b3310dce.pdf,.pdf,pdf,192.0,,,False,False,,,,,,1,db989f70978ba1d2...
1d5d92fe65c2a0d1a1ae845290ed04ae.pdf,.pdf,pdf,274.97,,,False,False,,,,,,1,034afd4aa5fa26db...
1d82f10628668efd21c7c1b2c2ae7f3e.pdf,.pdf,pdf,100.13,,,False,False,,,,,,1,59afc1ba8cb6bda6...
1d9654ba81c63cfa6aca71f47d468253.pdf,.pdf,pdf,288.96,,,False,False,,,,,,1,073d4d2d4a47bf9d...
1da50d67f4aa121e31203632bfadcc50.pdf,.pdf,pdf,338.88,,,False,False,,,,,,1,35f6c99bbf546b12...
1dd216cb2fa11bdca2dc1a566a9cb9de.pdf,.pdf,pdf,318.12,,,False,False,,,,,,1,2acff353a6f8d1c1...
1e028b3f3cb79356a45356438c8ac183.jpg,.jpg,jpg,467.3,1040,1472,False,False,,,,,,,1a90f600d673cbb6...
1e037518518ad40b26d3ecad5a58f6f9.png,.png,png,318.53,633,692,False,False,,,,,,,c6bee7221a15c6bb...
1e05ec79ff305b28851f982b60ae71bd.pdf,.pdf,pdf,1399.44,,,False,False,,,,,,1,45a893aac4649d03...
1e18457318e59280ebb4c10be2ced1d3.pdf,.pdf,pdf,237.51,,,False,False,,,,,,1,1ce75bde251d8e6f...
1e22e377c436fc35cf6308a7b3dab1b1.pdf,.pdf,pdf,600.86,,,False,False,,,,,,2,d418b5963186de28...
1e3967fb9f01551f6fd3fa795b01c642.jpg,.jpg,jpg,94.79,1020,686,False,False,,,,,,,a54860e2b3013db5...
1e78905056c35498c430ad91dd5b1ca6.jpg,.jpg,jpg,13.65,366,548,False,False,,,,,,,7b38c78b4f315c9a...
1e8de3d22c3871dc7c921c2806f9b9ba.jpg,.jpg,jpg,49.85,794,1194,False,False,,,,,,,de6db030b032c24c...
1eb881f41f79c69437b99eb4b4628ae0.jpg,.jpg,jpg,130.79,2696,692,False,False,,,,,,,94204b16d52c925e...
1f1064c5adca3153b7afc7d740ab0c7a.pdf,.pdf,pdf,220.98,,,False,False,,,,,,1,f5eacb8c75bc1d6d...
1f1b9d73334a33b0824b6847ee446eb9.pdf,.pdf,pdf,29.39,,,False,False,,,,,,1,916dcf8e2df48aba...
1f692ca6e8c0d30475e11bf149afe832.jpg,.jpg,jpg,73.4,858,692,False,False,,,,,,,f01e93c917579fd1...
1f7036c5f97499fdc8c4a2490f0ab9f3.jpg,.jpg,jpg,19.82,405,692,False,False,,,,,,,f3e07bea63348dec...
1f739ae9ee5248000363ee001f58cf4a.pdf,.pdf,pdf,185.5,,,False,False,,,,,,1,6c7dc8313d6eccd9...
1f73ad0574486c94b156423678c72be4.pdf,.pdf,pdf,207.25,,,False,False,,,,,,1,1d50487cf3b98e05...
1f7e82ea0cfe13a2aa7b171f4aad55ec.pdf,.pdf,pdf,1210.58,,,False,False,,,,,,1,755e42e08e45d802...
1f9bfbe3e558e1ec0422583febb7a124.jpg,.jpg,jpg,41.91,535,692,False,False,,,,,,,bebc3877e17c961e...
1fb9e036bf4e3900d49f146833627666.pdf,.pdf,pdf,286.74,,,False,False,,,,,,1,dd2c85b7939e5329...
1fc8390e080cc4f0d39369c7ed921416.png,.png,png,962.56,692,692,False,False,,,,,,,deb1977aafa3e519...
1fe4c1cf8f0f7ba2afb962043b2b8159.pdf,.pdf,pdf,644.38,,,False,False,,,,,,1,18db907f28e63ee7...
1fff2a78813a82d670a457de442bdde3.jpg,.jpg,jpg,43.03,576,692,False,False,,,,,,,e652c598a98d5fe7...
2012cc1fb7aff3d92253e8abba08ea62.pdf,.pdf,pdf,804.12,,,False,False,,,,,,1,f66ae00d38253972...
2015045cb5380583341dbd50a189edc6.pdf,.pdf,pdf,250.29,,,False,False,,,,,,1,414f0e7ce11d89fd...
2015381685b33f148210ea12f35f3f37.pdf,.pdf,pdf,308.75,,,False,False,,,,,,2,33bca18a18941195...
202df0fe57c34bd339a9815c79a14d7d.pdf,.pdf,pdf,213.83,,,False,False,,,,,,1,1be339e16c178153...
20304eb220d60565876e4e5f744c62dc.jpg,.jpg,jpg,17.28,517,686,False,False,,,,,,,9ddc8916db0dfa01...
203e07ea34d8ca1c9a5b105c06a4f402.jpg,.jpg,jpg,26.07,745,692,False,False,,,,,,,9466eba3cc1b5187...
20595d5cd0fe713051b752a9fe4d2818.jpg,.jpg,jpg,40.12,522,692,False,False,,,,,,,67cdd252d07618f3...
20611a95b02023a36cbd5685100583e4.pdf,.pdf,pdf,310.62,,,False,False,,,,,,1,e2421fc36a2ea4dd...
208c06cfec34e06caa14b8a275a0720a.png,.png,png,332.29,737,692,False,False,,,,,,,c355d669de08b2cd...
20a77719667b34f834bfba081d1ef88e.jpg,.jpg,jpg,27.8,550,692,False,False,,,,,,,20b75e0c892593ff...
20b71100d1e7b16d13adc893f1d7d40e.pdf,.pdf,pdf,581.34,,,False,False,,,,,,1,ebbb94477788f8ba...
20d7754ad8c75c7f3403c69b575917da.jpg,.jpg,jpg,179.19,496,702,False,False,,,,,,,42ab675b791f523e...
20fb78306703ba55733dbcbbba0090fc.pdf,.pdf,pdf,285.62,,,False,False,,,,,,1,b52358c3e54a4f3b...
212f99ebef82db620bf9b27c9af4018a.pdf,.pdf,pdf,292.42,,,False,False,,,,,,1,2eaf3c0df5efcabc...
21311da8c5330bc0ae1f11f93109adaf.pdf,.pdf,pdf,224.03,,,False,False,,,,,,1,bd6831615a16b5b2...
21593ec4dd073942d25d4355a2faff17.jpg,.jpg,jpg,36.12,539,692,False,False,,,,,,,da6a82a970765ac9...
2175d5d558604324873f4613843898c1.jpg,.jpg,jpg,27.42,562,692,False,False,,,,,,,4b7c2d1de5963005...
217c8c93618284e9cb4f89b09a1b9eb0.jpg,.jpg,jpg,79.71,952,713,False,False,,,,,,,6a50293f2f0e52e7...
2198356b264686466d0971565f23ae8f.pdf,.pdf,pdf,351.08,,,False,False,,,,,,1,3e0834282e094ee1...
2199f16c778a6ccd31662c04405797b2.pdf,.pdf,pdf,455.42,,,False,False,,,,,,2,a753da8114cc1d92...
21b2f711440e83d139baf72cc72061dc.jpg,.jpg,jpg,43.07,972,692,False,False,,,,,,,fdb8813be3e20578...
21ba987d2326181be39cd3eb656ee7f8.jpg,.jpg,jpg,50.55,816,687,False,False,,,,,,,07e1e1bb3c0fe18a...
21d1ddc09d1107da6824968c7fcc5d28.pdf,.pdf,pdf,620.77,,,False,False,,,,,,1,28b68c23ff9cf0d9...
21ef1c1ed55531d34851d6e8cebeca45.pdf,.pdf,pdf,977.94,,,False,False,,,,,,1,b17ff2d0af80303e...
2211d3463f41b7777d1e52371fd30262.pdf,.pdf,pdf,189.66,,,False,False,,,,,,1,9ec89fadc5bdf21c...
2215a3575a2a86eddbf9fa278854e6b4.pdf,.pdf,pdf,283.9,,,False,False,,,,,,1,1c5e0c8087e9bcc5...
22452d57e359f8e0594dfe6230bfafe5.pdf,.pdf,pdf,333.33,,,False,False,,,,,,1,c80c30fabb2a0c3d...
22747dd5c5c5ddc06c309b2c95577008.jpg,.jpg,jpg,213.72,1130,2570,False,False,,,,,,,a723dea9c03db52c...
227ce6caddee02c09d42a98482351555.pdf,.pdf,pdf,1061.8,,,False,False,,,,,,1,90bc2c5d65c01031...
22b4ec0328b12de0c599fa20307904e9.pdf,.pdf,pdf,37.14,,,False,False,,,,,,2,f4b53fd42c39a26c...
22bce2d1be5ca4308fadab74a264f5de.pdf,.pdf,pdf,564.23,,,False,False,,,,,,1,c7bb40ef0957b45a...
22ec54eb51bab748d2d238637de6e3c8.pdf,.pdf,pdf,1125.66,,,False,False,,,,,,1,0f8ae82c1641f551...
231c655c65d7935e5c9a6d84e2cde0ca.jpg,.jpg,jpg,26.37,553,692,False,False,,,,,,,7fdc14dbd8247fef...
2338a914e65572575be5b737a4f80788.jpg,.jpg,jpg,21.21,553,692,False,False,,,,,,,61a52be17f395a09...
2350ee03ce25a51c5729abd34caf22c0.pdf,.pdf,pdf,2190.47,,,False,False,,,,,,1,1b6f063156cead82...
237fd6c3ad1271474d7452e9f356caef.pdf,.pdf,pdf,461.28,,,False,False,,,,,,1,4a8d1cbb0abcce12...
23812fc7f20e4ea1b1a8a977733a0917.pdf,.pdf,pdf,144.61,,,False,False,,,,,,1,618a75e402d4a12a...
23b2ccd86cf63ea64b317d0e7b2fa50c.jpg,.jpg,jpg,29.27,476,636,False,False,,,,,,,fb4995546e0d3be1...
23b39b575f328b7073f660d01a48cfb5.jpg,.jpg,jpg,17.02,368,566,False,False,,,,,,,5901c2659cfdcdb0...
23d88b9686ed273de1a5a4d0bda9282c.jpg,.jpg,jpg,77.76,452,692,False,False,,,,,,,bb9d09924780c078...
23e5f4525af3aec430395acd910b571a.jpg,.jpg,jpg,7.73,198,692,False,False,,,,,,,4fc8fdeda199cf10...
2418af1737964d6a2475a6946abf6daf.jpg,.jpg,jpg,21.24,511,692,False,False,,,,,,,00c2a6e663a53a72...
2426a8c9eb0f8ffe43a1b23b01494b45.pdf,.pdf,pdf,157.83,,,False,False,,,,,,1,19d7b3532ce3d9d2...
243659475f03881043054310c17c10b3.pdf,.pdf,pdf,152.19,,,False,False,,,,,,1,bf69cad5e95d936d...
244edbec56390ab5303dac4515112240.pdf,.pdf,pdf,237.54,,,False,False,,,,,,1,bcf48c2c5495a3ca...
2469853dd447a2e51bf6086ba7592399.jpg,.jpg,jpg,32.33,547,686,False,False,,,,,,,c3742e63408d0d07...
2472df85a198973d054804eb93a95943.jpg,.jpg,jpg,30.35,517,692,False,False,,,,,,,4bdd4f596e52c1ae...
24d7fa98dae944e2ef329de40d395988.png,.png,png,176.14,532,692,False,False,,,,,,,7b625b1696ab7b3b...
24e53d4179ed9410797dfd6267a18b8d.pdf,.pdf,pdf,1755.3,,,False,False,,,,,,1,33cbd8cb29899074...
250639fade186eed668dc70ab340f88a.pdf,.pdf,pdf,129.33,,,False,False,,,,,,1,18f2c224874f3933...
250a353531c37f91e6643dd01f7a7e4e.pdf,.pdf,pdf,217.56,,,False,False,,,,,,1,e6cdff9ae2b31f0b...
250a7dcec945906552d9e230a8d983ca.png,.png,png,857.07,1752,692,False,False,,,,,,,1c8b96d1cb53ec4f...
251c0e7616ad87a7cd600a90cfbbf0e5.pdf,.pdf,pdf,653.43,,,False,False,,,,,,2,2385cd243e2990ab...
2537b0aee401c67782f3883df3dd81ce.pdf,.pdf,pdf,70.63,,,False,False,,,,,,1,d85e8576c0ccffc4...
254d62e511fbf5f5b5897d9ca0954a71.pdf,.pdf,pdf,371.39,,,False,False,,,,,,1,b8e482d67b467dee...
257963837c2d63386346db7a67911d8a.pdf,.pdf,pdf,1274.12,,,False,False,,,,,,1,44004b5419ec11a9...
257f7859eecb2a2ba14b14b152aff86b.jpg,.jpg,png,169.55,402,525,False,False,,,,,,,84f30ff1a6a76321...
258ce2f5c9b8eaf8ffecb7e29c75c8e4.pdf,.pdf,pdf,220.37,,,False,False,,,,,,1,294975c3503c8bd3...
2596b4348b02d0f512100250bce6acdd.pdf,.pdf,pdf,286.33,,,False,False,,,,,,1,b7dc00f6b88ebdc1...
25ba90681cdab3e4ff0ceda29f3ea4f4.pdf,.pdf,pdf,102.76,,,False,False,,,,,,1,91db5e62c43ead5b...
25c687d3ed65486d1d6c75547cf3bd4b.pdf,.pdf,pdf,483.27,,,False,False,,,,,,1,7a3db9dca11245b6...
25d62e462f3dbe22222d9dd1a9360f44.png,.png,png,205.64,463,692,False,False,,,,,,,ab29433886be303d...
25d961e9323163ff9839364ffb189f71.jpg,.jpg,jpg,41.05,711,537,False,False,,,,,,,eb04601271712c25...
25f1dde332ab88c82dcf5aebc1ee51c9.pdf,.pdf,pdf,57.79,,,False,False,,,,,,1,28c5708e26642b0d...
2600b1beda2cf9a1c955c5b0d6fb1207.pdf,.pdf,pdf,240.85,,,False,False,,,,,,1,c1854d2b1bd8d322...
261307b0d4cf1fd589d8f81200be5ef3.pdf,.pdf,pdf,306.96,,,False,False,,,,,,1,d5debfaaedf5c6da...
2623099962b39049eed618eaf2f9dfb5.jpg,.jpg,jpg,30.58,513,686,False,False,,,,,,,2b1a5784862856fe...
262adce1df3a050bffd7ac1e387ceedd.png,.png,png,475.91,594,794,False,False,,,,,,,5fdaaf073915343f...
2657d3e41fe30cc8110f503227963a3f.jpg,.jpg,jpg,36.2,470,692,False,False,,,,,,,d85468dc06cd8593...
265e9b9ca5b9bef56cfb61c1b373e913.pdf,.pdf,pdf,92.58,,,False,False,,,,,,1,31d9a1af96bb3392...
2667b30297ef61174a789ed6bbfba9ac.pdf,.pdf,pdf,141.89,,,False,False,,,,,,1,9970ba97958d7604...
268395f3cf9574a7b32e4b2307b4eba9.pdf,.pdf,pdf,514.09,,,False,False,,,,,,1,b00b98f7757e0e82...
26839a05e063dbc9d573af748b19636e.pdf,.pdf,pdf,150.43,,,False,False,,,,,,1,93de5864f897bf04...
26ceefb48afba1c71ab0f35dd904fa7f.jpg,.jpg,jpg,54.49,575,749,False,False,,,,,,,c234beed2fb7dc1c...
26d336c458b427cc9cfeb1db4f8be06f.pdf,.pdf,pdf,633.5,,,False,False,,,,,,1,fae70618bc77e43f...
26d86476e13b415107ccffd735e0ed18.jpg,.jpg,jpg,17.16,745,692,False,False,,,,,,,5321467c7ff441bb...
26db6e798f34d630c43bfc42d892e341.jpg,.jpg,jpg,22.26,340,560,False,False,,,,,,,b38aab536ff0f078...
26f74d2864b42ec0d881ab082a5775df.jpeg,.jpeg,jpg,30.8,593,692,False,False,,,,,,,1e095a9eb64173ac...
277b3d40c39ac8b15a5b7d07ffc17ece.pdf,.pdf,pdf,364.42,,,False,False,,,,,,1,d6c8b8c6c3d9c9cb...
2789a04b360837e9d0e1448dd989f33e.jpg,.jpg,jpg,23.01,513,686,False,False,,,,,,,4488eecdcbf7011a...
27be8387e3a21315b34360a1f66c0c8c.pdf,.pdf,pdf,322.9,,,False,False,,,,,,1,4a6e475f3ffea3ef...
27cc4fd58234fdb7fdb5e5b760693d0f.jpg,.jpg,jpg,25.37,513,686,False,False,,,,,,,3c9025e88ef806c9...
27d50852a33708ab7745624ac7906dd4.pdf,.pdf,pdf,229.51,,,False,False,,,,,,1,b9ced10f50456feb...
27e7055cd03dc607163d2ed2a9ab3567.jpg,.jpg,jpg,20.98,513,686,False,False,,,,,,,5a9e2a6c8e14bd4e...
2840a81ccff36a0f3de48a040376163f.jpg,.jpg,jpg,23.09,513,686,False,False,,,,,,,f0a62b0a6a1f854d...
2841ddb719165bff9acd233c76215507.pdf,.pdf,pdf,358.84,,,False,False,,,,,,1,e15306ad5f52cb0e...
287e23d7f80ef6e49de8d77f9f326e54.pdf,.pdf,pdf,489.6,,,False,False,,,,,,1,71570ca8fcd8cf83...
28b5d22347ebb486ec0d14306c4547e2.pdf,.pdf,pdf,402.39,,,False,False,,,,,,2,06551ed47b2fb4a4...
28cf6a87bb99c1cc88c80ec51a26c82b.jpg,.jpg,jpg,61.56,1377,692,False,False,,,,,,,72e3931db0a2057b...
293b13d479dfbc1d8c3bc3b832c75b25.pdf,.pdf,pdf,269.22,,,False,False,,,,,,1,d87660370c12f92b...
294b72f0b9903bd2947c6b0e1463806a.pdf,.pdf,pdf,369.97,,,False,False,,,,,,1,fac6dab1e95a87e4...
294deb7ffb93dad1aae9f93347fb3384.pdf,.pdf,pdf,47.54,,,False,False,,,,,,1,0a93ed1787ce302f...
295d2556b481742e9dcca30c7ff532ad.pdf,.pdf,pdf,246.9,,,False,False,,,,,,1,ddad5fde9dc1e453...
296fe87ac102707d461ca817d777ddac.pdf,.pdf,pdf,330.85,,,False,False,,,,,,1,d9525b7eff409f38...
298b06adf128c80f385196caf2c959dc.pdf,.pdf,pdf,341.96,,,False,False,,,,,,1,28169dc6970daec7...
298db388bdb565cbbbd43a44aa57b7b9.pdf,.pdf,pdf,758.73,,,False,False,,,,,,1,beb490af62085e9a...
29956392cf3862b339dcefaaddb7695e.pdf,.pdf,pdf,213.32,,,False,False,,,,,,1,e12dbf1bdd3000d6...
29a2ebe37c48349f05482e82c8fd266b.jpg,.jpg,jpg,44.74,513,686,False,False,,,,,,,8b7558d505d359bc...
29d693173762f1e53b79a2d1c8624845.jpg,.jpg,jpg,31.18,513,686,False,False,,,,,,,c1453a5d05ec860d...
29f6cda2ac014f2b23c56ca9a1c01786.png,.png,png,651.32,407,719,False,False,,,,,,,890e8faf8e03b770...
2a2f482712bb5c6c660c0cccd26496df.pdf,.pdf,pdf,624.24,,,False,False,,,,,,1,ac1a510740f98be4...
2a5074218ab1ad6164af130429515872.pdf,.pdf,pdf,714.89,,,False,False,,,,,,1,dbd5fc61a36ce7b5...
2a9c023092abb98de54f737e0593af82.jpg,.jpg,jpg,20.52,531,692,False,False,,,,,,,7ed9428073e02ab4...
2aa27dc3387ea1afceee438898236f8f.pdf,.pdf,pdf,227.45,,,False,False,,,,,,1,ccd1389583ca9a16...
2aac1e6d036aa6c307a2dae19f2047e6.pdf,.pdf,pdf,207.43,,,False,False,,,,,,1,b2b10e3593ab6370...
2acd4074736621c05a4a9f6a20d7d1a1.pdf,.pdf,pdf,162.25,,,False,False,,,,,,1,11ab07315fa1bf2c...
2ae805bf39145bf79b04b615ec689070.pdf,.pdf,pdf,508.9,,,False,False,,,,,,1,9461624ef323348e...
2aec9c5a6cd2fb7fd0744ed59919384a.jpg,.jpg,jpg,22.05,605,692,False,False,,,,,,,b6a5b8e50490e184...
2afcb47632d2f35d38100f0410ed8822.pdf,.pdf,pdf,369.17,,,False,False,,,,,,1,bf0e5015cc2127bd...
2b251225f10ca61898cb015a658972a4.pdf,.pdf,pdf,261.58,,,False,False,,,,,,1,3431754ed9c9ddb2...
2b26362a134b75984c2ed97c563b8b4c.jpg,.jpg,jpg,39.06,561,692,False,False,,,,,,,7fdac750ec30bcca...
2b2f316048981f559ce97f41ecf99141.pdf,.pdf,pdf,361.83,,,False,False,,,,,,1,f220602d6ee5c5b9...
2b596894b40f7c40b4e8d644ed7f351a.jpg,.jpg,jpg,40.07,526,691,False,False,,,,,,,debb7683e3141578...
2b68b256192759c42d2a324c9f67910d.pdf,.pdf,pdf,233.06,,,False,False,,,,,,1,46715fe21cdc4404...
2b7e35ce913663041fe422ce2fa000da.jpg,.jpg,jpg,23.55,486,692,False,False,,,,,,,fb5efb76c59e0405...
2b9b94921a6209b760a1b36e78c6c911.jpg,.jpg,jpg,78.91,1062,692,False,False,,,,,,,e4da4d58af801c7c...
2bafea023c54f0df37a2dae2ffd52d0d.pdf,.pdf,pdf,496.89,,,False,False,,,,,,1,a32694bd2777cbf4...
2bc041b6596cc28fac6524e020f0e38b.pdf,.pdf,pdf,297.67,,,False,False,,,,,,1,c0ad5803e61de9ed...
2bc608ab61fc24dd15d58b83748da640.jpg,.jpg,jpg,26.45,537,692,False,False,,,,,,,627b83989d87de50...
2bd6e8ec56875358ee340b014b40ff3f.png,.png,png,1019.21,1632,692,False,False,,,,,,,82c4f6bb66d154dc...
2bfa802172fb680101654952efbe589e.pdf,.pdf,pdf,448.96,,,False,False,,,,,,1,7bd72d8f944f7e4c...
2c01c7609bfbc1abd33aee71fcd6ac62.jpg,.jpg,jpg,23.68,543,692,False,False,,,,,,,04d35da081e7b10c...
2c02866193c467959af0c3ec99951b32.jpg,.jpg,jpg,36.08,932,692,False,False,,,,,,,3b312f672e20213b...
2c154aaf3e741199ea725004deecce12.jpg,.jpg,jpg,13.93,722,692,False,False,,,,,,,1cb7980930916eea...
2c289b7300f8daf380b14e7aa8eb6f47.pdf,.pdf,pdf,111.73,,,False,False,,,,,,1,766bce95bee510f9...
2c62dc3a737e019a019c1d3e1cf2107b.pdf,.pdf,pdf,87.33,,,False,False,,,,,,1,291ff13446ddfdae...
2c76565b4714c3ccc91d0992926a9c14.pdf,.pdf,pdf,441.43,,,False,False,,,,,,1,56b36c4d082d804d...
2c9640e316d812ed2aad6c974ba2caba.pdf,.pdf,pdf,75.65,,,False,False,,,,,,1,6b93720face07ac0...
2c9a7de09118a0056f556846e1e1e363.pdf,.pdf,pdf,189.72,,,False,False,,,,,,1,f765c2704dbbdc5d...
2ca0b583ece91301540ab57b1e9631de.jpg,.jpg,jpg,11.86,314,377,False,False,,,,,,,8c0cdebdf268ddae...
2cca8bdba637a06d3a480705b417c6d2.pdf,.pdf,pdf,474.52,,,False,False,,,,,,2,2179502e2ad7071d...
2ce562116901bfa944771282f03b3628.pdf,.pdf,pdf,716.36,,,False,False,,,,,,1,96c00c593f9f6e8a...
2ce9d6cae0a54c8d50d965f99bf6f806.jpg,.jpg,jpg,22.14,562,692,False,False,,,,,,,a828fca8e9922f91...
2cfdd7c8b42767e39125b096ed5392a6.pdf,.pdf,pdf,331.73,,,False,False,,,,,,2,b3c34567a27fede1...
2d0058b14c5344a89b1dcbbb0469ed79.jpg,.jpg,jpg,22.22,436,692,False,False,,,,,,,e274fc13a50d7399...
2d40d900e5ab6957cf1257f47318a13f.jpg,.jpg,jpg,14.85,596,468,False,False,,,,,,,490f628a70b3781f...
2d5aadbe32c4d93b267d94d820fdd36b.pdf,.pdf,pdf,1188.88,,,False,False,,,,,,1,1fe3a41b5a5ed6e9...
2d60672927f30137a5fd9de35336f8b0.jpg,.jpg,jpg,199.59,1486,1680,False,False,,,,,,,d2d50c55b266e908...
2d76eb60306dab0cb8ae4fb29b4c36d2.jpg,.jpg,jpg,24.33,517,692,False,False,,,,,,,6fa01149b873358c...
2d7a8d8c9fbdead26f12ca7f9257818e.jpg,.jpg,png,245.35,384,692,False,False,,,,,,,dc701684c04858d2...
2d86977d69ec59340ec882e561f948f0.pdf,.pdf,pdf,344.63,,,False,False,,,,,,1,7d29a19c90f7f04b...
2d9eda48401e1a35e0d8a0eda9322502.pdf,.pdf,pdf,799.65,,,False,False,,,,,,1,f22dbacf346d883a...
2d9ee118a1bb02972384f0d861ab0c9c.jpg,.jpg,png,183.18,410,692,False,False,,,,,,,81d79b42235e5411...
2dd5a3f38bf3cdc94beda70a06bd3578.pdf,.pdf,pdf,296.01,,,False,False,,,,,,1,320d65ed12a13c10...
2dd99e5f76e3d810eb03675efffa4204.jpg,.jpg,jpg,4.96,144,194,False,False,,,,,,,45847403992e0412...
2de6441b123ca7d544b9c3e127aa603c.pdf,.pdf,pdf,119.6,,,False,False,,,,,,1,dfddc9bf9069d0ae...
2e5819197a8d3d18ac5c57c970ab6c44.pdf,.pdf,pdf,190.42,,,False,False,,,,,,1,147358d201cd43f9...
2e61cfb8990391b0235fa83b06347d16.png,.png,png,360.02,723,692,False,False,,,,,,,e6036e49024d1d2e...
2e6a9fbeefa666041e291c3f6891ca72.pdf,.pdf,pdf,300.65,,,False,False,,,,,,1,4d51efe40c97e84a...
2e6b8aa6f0d4506716f44c4992b5356e.pdf,.pdf,pdf,636.17,,,False,False,,,,,,1,fb571d19ec0ebe11...
2e6dc1065400be742495bf6d77f39094.pdf,.pdf,pdf,141.71,,,False,False,,,,,,1,397f33416308ccb0...
2e942ddd0bac378946d2ca492fa2b816.pdf,.pdf,pdf,320.15,,,False,False,,,,,,1,11fa4e291b954b03...
2e9bc8d7eedcaa4eeb05933976fbfe58.jpg,.jpg,jpg,24.71,662,692,False,False,,,,,,,b5d034eb53d1b755...
2eb9a6d3ed9d74dc22956d7680bf52b9.jpg,.jpg,jpg,10.54,250,360,False,False,,,,,,,bc92a80518a76adf...
2ebdc8676e0f350a372b2ede0cb79f0e.jpg,.jpg,jpg,32.18,606,676,False,False,,,,,,,a8a5d770bf6d4b29...
2ec90242b803f9d23cd2ebea9e289b92.pdf,.pdf,pdf,256.95,,,False,False,,,,,,1,bf880c7a342f4c4f...
2ed13d45f005ba65b475cc4d73a65d6c.jpg,.jpg,jpg,23.02,302,686,False,False,,,,,,,325069d5abfd029f...
2ef9c5b5b01420433384cef80b4ec1de.pdf,.pdf,pdf,211.74,,,False,False,,,,,,1,af6b57ef625c68cd...
2efefe1aae04b5f78060069a34920f51.pdf,.pdf,pdf,209.69,,,False,False,,,,,,1,4b9c896526b7fb40...
2f1c0a19da27b6ddec7dbac9a043d400.pdf,.pdf,pdf,267.2,,,False,False,,,,,,1,ffe8049c0ec56be1...
2f30a129a05fbe805d28567cad168f71.jpg,.jpg,jpg,23.77,621,686,False,False,,,,,,,17f1bae39807d910...
2f318cb1ea04ed2be87756ebc4a7a9fb.jpg,.jpg,jpg,16.94,372,540,False,False,,,,,,,3bfb6df6bbd61395...
2f50497011926cb5a585ac4f4d15ce49.jpg,.jpg,jpg,19.18,434,515,False,False,,,,,,,bd045c468a028ea8...
2f5444092a20dff9d331047f92acdc8f.pdf,.pdf,pdf,217.62,,,False,False,,,,,,1,e56b5b5acae9f92e...
2f56d1db24a8f7d8222d8114a8ec776c.pdf,.pdf,pdf,262.06,,,False,False,,,,,,1,bccbcdf69e55f071...
2f5873058430a93c08c1168c7f91b76f.jpg,.jpg,jpg,530.86,1538,1900,False,False,,,,,,,bde6ae7d6ad57d8e...
2f5ffa51f773a90a6fbc3be268de2b2b.pdf,.pdf,pdf,230.96,,,False,False,,,,,,1,b8c0789f8d78535f...
2f75015c2c73dddbb064d917a449c1a0.pdf,.pdf,pdf,233.95,,,False,False,,,,,,1,54a9ae6620d93b20...
2fbdbc3e8e8e72564c343d89cf98ddd9.jpg,.jpg,jpg,21.96,510,692,False,False,,,,,,,ce9d5780aa26fede...
2fcaa26e417c69825c94f937363b6017.jpg,.jpg,jpg,27.76,513,686,False,False,,,,,,,87ef0e1b7338746b...
2fe4e3742b918075b126ff368c922c0b.pdf,.pdf,pdf,106.79,,,False,False,,,,,,1,4f3911b13fbea297...
2ff2387f94508a3828bf7cc134792972.jpg,.jpg,jpg,9.28,300,692,False,False,,,,,,,7761a63eae340c6b...
2ffbf1bef3e53cdea5cf97bb763ee46a.pdf,.pdf,pdf,215.41,,,False,False,,,,,,1,db497a94ccca782c...
3018651bb2c8570b3b67363ae7b6effc.png,.png,png,549.61,663,779,False,False,,,,,,,1714dc4fca67ac68...
301a424d9cc268f6d6365e4fe46d6822.pdf,.pdf,pdf,351.87,,,False,False,,,,,,1,cae66a42e88346a0...
301a4cb5f5c6b96f75d96543e2198749.pdf,.pdf,pdf,303.52,,,False,False,,,,,,1,49dfc2b92d23fce7...
302628d328666d177418fa6ad3341b18.jpg,.jpg,jpg,5.4,160,183,False,False,,,,,,,0640df8e16266ca6...
302bef56f082422ba676d948fcce694d.pdf,.pdf,pdf,383.7,,,False,False,,,,,,1,6e591a553850e06d...
305114105fec8636b831c21178b8b01a.jpg,.jpg,jpg,32.27,758,560,False,False,,,,,,,8724387c2ffcce16...
30552d34201b8ab1173b4f545b9beb17.pdf,.pdf,pdf,339.71,,,False,False,,,,,,1,469574e65eb81823...
3070dc8877ea95e8bff4f49a5f04f445.jpg,.jpg,jpg,25.69,517,692,False,False,,,,,,,5ed8edeb217ccb3b...
30b276e91ac9929af9e34cf8ab195994.pdf,.pdf,pdf,248.67,,,False,False,,,,,,1,292dc6a47c11c915...
30b6d65456d7ea6efc6b25aee5cd7ed0.pdf,.pdf,pdf,309.17,,,False,False,,,,,,1,8b73d26237c017b3...
30f3ea5708a0037478fa0b4f7673de89.jpg,.jpg,jpg,46.3,918,692,False,False,,,,,,,5a35bad24309db0d...
30f7846c7b89f8059f6e9164a82badd5.jpg,.jpg,jpg,36.72,640,692,False,False,,,,,,,2f9e48b17922ace5...
3125e7948dd50cc0dbce13c117838fbb.jpg,.jpg,jpg,32.12,567,692,False,False,,,,,,,a0e1021f31f2f14c...
3146624da16ebc08e77ec71b8aeb986c.png,.png,png,576.64,407,719,False,False,,,,,,,ffa4d3866ac73321...
31644a304772b0fb92dc26e3d9fe4288.pdf,.pdf,pdf,270.65,,,False,False,,,,,,1,e7ff6fb7f0dda4cb...
31b96c01e4a98b3252bd2b4ee3ce7b3e.png,.png,png,1128.35,852,692,False,False,,,,,,,daf72dc8ad8df33b...
31c116d122249f05c23d5f0989fb8843.pdf,.pdf,pdf,264.22,,,False,False,,,,,,1,e17f5635da86dc8c...
31fb95370cd65618f8a293e6f77b35b5.png,.png,png,661.17,783,692,False,False,,,,,,,6835cb27a0bbacf0...
321652c429b192b02748bf28a74446ab.pdf,.pdf,pdf,82.03,,,False,False,,,,,,1,6a5ae7eef8d08cee...
322427a0a0bec3a0e664dbed56799a7b.pdf,.pdf,pdf,224.64,,,False,False,,,,,,1,20e60ed4dd7adc50...
3233fd34dd9e0c202ca82aa66917acb3.pdf,.pdf,pdf,224.5,,,False,False,,,,,,2,314f97f15fc4f201...
323748aa69c0a1d001550289305fbbe2.jpg,.jpg,jpg,12.64,300,419,False,False,,,,,,,ffb7482eeea93147...
3244f26e7867ca21c8f23e35bdc81a7d.pdf,.pdf,pdf,285.17,,,False,False,,,,,,1,637ef4e3b3eba823...
3248bb782f2d7fe201952855e02f5230.png,.png,png,177.08,441,692,False,False,,,,,,,8b626930dbb8364d...
325836a4790419bf076b5805afbacc05.png,.png,png,390.83,620,692,False,False,,,,,,,cf799698d38e8de9...
32a08270754df425dd92678b77a0681d.jpg,.jpg,jpg,21.27,513,686,False,False,,,,,,,8d1736fcbe943816...
32b379de607b04a7f538f76b1e631f8e.png,.png,png,335.8,612,692,False,False,,,,,,,b135b2f769e37c2c...
32ceacd0b270c5543e4ee8b296c0b25d.pdf,.pdf,pdf,245.31,,,False,False,,,,,,1,38b4531ebe934f12...
32d47cc9412732eb50241c57b5bdcce6.pdf,.pdf,pdf,251.4,,,False,False,,,,,,1,f0b9a1e82eeb7c5f...
32e5f72ab13f466a6dde33523661d82b.pdf,.pdf,pdf,258.48,,,False,False,,,,,,2,bde395d321434961...
33214acfbf916c781b8a8f80d93d347c.pdf,.pdf,pdf,166.8,,,False,False,,,,,,1,1c8ef8a454e84e6f...
332d3f3c8f22a6a4f3e917ac773404ef.jpg,.jpg,jpg,27.6,513,686,False,False,,,,,,,28c5c59af61f437a...
333405df653b7f0c11107fc2a00c4d50.pdf,.pdf,pdf,177.19,,,False,False,,,,,,1,670586afd62e559b...
334f08a071d842fe54dab13e728750e1.jpg,.jpg,jpg,33.03,504,692,False,False,,,,,,,5fd91538cca8b8b5...
335082ccfb230a393fea2ee7a51e44d1.pdf,.pdf,pdf,717.8,,,False,False,,,,,,1,01dfb885f59bce87...
3369ae4e0efebf30f397728eb0c63b17.pdf,.pdf,pdf,312.53,,,False,False,,,,,,1,5099562bdcd08a93...
337266a78a8b76d6dc4b3085ff99d54b.png,.png,png,422.85,692,692,False,False,,,,,,,c4efbb16f6a7617e...
337ac40d9d9b8a545c4380cc1680bab7.pdf,.pdf,pdf,440.12,,,False,False,,,,,,1,f29b0bbdfbabe532...
338e9785f6f60bed893c77aec3afe71d.jpg,.jpg,jpg,469.47,1275,1650,False,False,,,,,,,387ff639067330a2...
33d66ef8d06a9a23638ed39b0c2ce22d.jpg,.jpg,jpg,26.54,591,692,False,False,,,,,,,2a1b3dd54df0e4f7...
33e96a8905e54b6e58b99269d36bc3a6.jpg,.jpg,jpg,31.55,513,686,False,False,,,,,,,cf56f83dfba4d8fd...
33f97de5d51597475caebce4b27609e4.jpg,.jpg,jpg,132.54,840,1120,False,False,,,,,,,01124346fca25d6b...
341044386a873ab6af8913b0145ff819.jpg,.jpg,png,1512.79,1068,1528,False,False,,,,,,,3a3a587bf33376ec...
343de9e5e7d6a8808d430e7e39a5bdcc.pdf,.pdf,pdf,270.63,,,False,False,,,,,,1,058744370996e1ee...
3452eff409723e423da243fdf5972f16.jpg,.jpg,jpg,27.45,513,686,False,False,,,,,,,c056ece318029bbc...
345e0caa1ac1c8b346a217a8416e8da2.pdf,.pdf,pdf,1277.27,,,False,False,,,,,,1,a3720acf37ce08c2...
345f0c6f7f57c16e2cd927e67c70f06d.jpg,.jpg,jpg,50.68,479,692,False,False,,,,,,,71236c57ae98c177...
346a28f1e4e369cc00c50dd61f925f52.jpg,.jpg,jpg,28.93,448,692,False,False,,,,,,,00b522f3460caa49...
34750b6c3e65c6d94fe822f6523caba0.jpg,.jpg,jpg,82.36,748,872,False,False,,,,,,,82d2f9e06db94d5e...
347f2fac786780b441f7f43d6ef0ef97.pdf,.pdf,pdf,232.36,,,False,False,,,,,,1,6c695dba9c24bb8a...
34888564589f622e8c8b4bc003ace15c.jpg,.jpg,jpg,35.34,513,686,False,False,,,,,,,d69c1b84f6f2de4e...
348b7465a7829caa5dc8f5335efa280d.jpg,.jpg,jpg,31.99,659,692,False,False,,,,,,,c12cf92f806bcb58...
349aca74741d187f0944146ef7a6b3ba.pdf,.pdf,pdf,229.44,,,False,False,,,,,,1,dd9b55fe974ad3b7...
34a9dbcf1434c43eeebdb906b13d806a.pdf,.pdf,pdf,2485.82,,,False,False,,,,,,1,5e7b9eea0c2ce9b1...
34c50d70945428633b405a974a57336f.jpg,.jpg,jpg,40.16,473,692,False,False,,,,,,,58877b091cfce68d...
35209f105c041bcaa4f9cbba555817c2.jpg,.jpg,jpg,33.87,771,692,False,False,,,,,,,97f429f0a8a079b2...
353a335f6a7a1d5e5d68004d563778dc.png,.png,png,275.76,555,692,False,False,,,,,,,6cc467b5f2b85cd3...
35459563bcbcf6434d5ae012e172fbc7.pdf,.pdf,pdf,507.32,,,False,False,,,,,,1,d318dc82bcfaaa72...
35699ca252e89dd12b05c028650bbef5.pdf,.pdf,pdf,190.9,,,False,False,,,,,,1,f9cec161c28e6d83...
357b5bee63d1624b71eac5d70adb10a8.pdf,.pdf,pdf,353.77,,,False,False,,,,,,1,7d09a1b439b09923...
358599ded93c75f7d923569c03cd3082.jpg,.jpg,jpg,29.19,444,692,False,False,,,,,,,621d3ac422d5c9eb...
3593f3c8b13de0dd696af7153df5ce6d.pdf,.pdf,pdf,248.25,,,False,False,,,,,,1,04b1c02be0a2398d...
35aa56b4714fc4848117670b52fe3cce.jpg,.jpg,jpg,26.15,513,686,False,False,,,,,,,b801795e21db0a3d...
35b39df5177f5839aae1029d81c9c421.jpg,.jpg,jpg,39.27,584,716,False,False,,,,,,,262427a15c4f5580...
35b95a38b9e0e21478baf733a214901f.jpg,.jpg,jpg,517.04,1072,1172,False,False,,,,,,,a7bdac5ebe2e4ede...
35c281bcd6e58ffc510180ecf86a4932.pdf,.pdf,pdf,365.47,,,False,False,,,,,,2,335e98f65b461f77...
35e0ff7cebd57290511eac8c7d3f059c.pdf,.pdf,pdf,496.14,,,False,False,,,,,,1,c0e395c444a9d4c1...
35fd12f35ffad6edd196abfbb942723f.pdf,.pdf,pdf,581.48,,,False,False,,,,,,1,f3c146dd4b652911...
360285a587adf551f2a8f6b25971e73c.jpg,.jpg,jpg,30.89,540,692,False,False,,,,,,,926ba89da31d7cc2...
36059c26416164954e73f88dc54b3dcd.pdf,.pdf,pdf,695.84,,,False,False,,,,,,1,df48b4a3aa41aa71...
362e48b1f7af530265563caa367acba5.pdf,.pdf,pdf,187.65,,,False,False,,,,,,1,241ea08b3647a106...
363365010910d1d71e22daff8bdca3f8.pdf,.pdf,pdf,357.76,,,False,False,,,,,,1,ac5774a3005f596b...
363981f7cfec57cd7a34679a546c2578.jpg,.jpg,jpg,49.45,541,692,False,False,,,,,,,2d234f622e3cff2a...
365ab6f7a964c7771c243af2e88fa26d.jpg,.jpg,jpg,20.42,304,479,False,False,,,,,,,6d8fef9063052b5c...
366447a9a81d00342de19c6ae265b643.jpg,.jpg,jpg,24.05,513,686,False,False,,,,,,,6f11715646e3daec...
368bc300d57fcddab7b7bd8d196b3bdf.pdf,.pdf,pdf,168.55,,,False,False,,,,,,1,550848ea8ca69376...
369fa5b0fcd8d3577a82d801e4ecaac3.pdf,.pdf,pdf,503.91,,,False,False,,,,,,1,fbd47b40b25c3f26...
36e93526c8f13485173e243f3d2bfa82.pdf,.pdf,pdf,246.47,,,False,False,,,,,,1,61f266a970bd1704...
372c1591cd041f4b7d8064dc7e1c68da.jpg,.jpg,jpg,25.89,519,692,False,False,,,,,,,776a2eba2d6921b0...
376944afe873611004a348a4bc239c99.pdf,.pdf,pdf,287.3,,,False,False,,,,,,1,ac6969630b5ed8b0...
376a36ac0bdac1ef8955f27d24ff47b4.pdf,.pdf,pdf,344.18,,,False,False,,,,,,1,ce883acad8857594...
37804b8a93073c607657101d383380ca.jpg,.jpg,jpg,38.72,555,692,False,False,,,,,,,ecb66cdc7040d5ce...
37d4ba402a19098d3983acd3dbc5c279.pdf,.pdf,pdf,73.64,,,False,False,,,,,,1,94bb64fb99265c2b...
37fb02ccdec10123d7dfa7e123b2ab29.pdf,.pdf,pdf,74.55,,,False,False,,,,,,1,be1d4f7f169bb7f0...
37fbfef26a45c313dd343d7484fb354f.pdf,.pdf,pdf,403.17,,,False,False,,,,,,1,10ac968717bc4a86...
37fc4464a92ac76fe4f07f6ca7000ccf.jpg,.jpg,jpg,31.68,880,675,False,False,,,,,,,392fd3e505f05cf0...
38288dd2c605bfdebba4492c560a4d24.jpg,.jpg,png,314.84,420,500,False,False,,,,,,,bc2106fbce620c49...
3886bdf31a0fcaf7e490a4a1711070a8.pdf,.pdf,pdf,380.46,,,False,False,,,,,,2,1c6c4b57d73a0e17...
389b907a2e001b736281f0e903d89c84.pdf,.pdf,pdf,322.42,,,False,False,,,,,,1,c2d2c8f489a57bf0...
38a33437b50a0fd8eb981b95d50e7a93.jpg,.jpg,jpg,12.14,298,692,False,False,,,,,,,d42c1adacff8b867...
38a476dd03475bf49eeef50b05e2b1ef.jpg,.jpg,jpg,32.05,523,692,False,False,,,,,,,da7ae0bad5709556...
38c041ccf574bea5140fabb92e2c9cbe.jpg,.jpg,jpg,36.37,513,686,False,False,,,,,,,96327e0821ae41ff...
39038520838ce6cdb64844c8665eaf06.jpg,.jpg,jpg,32.14,517,692,False,False,,,,,,,07a96ffc56733c76...
390e300ca24fdef58ac26f76a5627a83.pdf,.pdf,pdf,160.91,,,False,False,,,,,,1,b9524cb470c9b78d...
3937b87cd803024ab7c2bc147a95a10f.pdf,.pdf,pdf,364.39,,,False,False,,,,,,2,cc900af8121a04af...
39425743db9ac1b5f22542f675ba45bc.jpg,.jpg,jpg,24.27,609,692,False,False,,,,,,,cda45fc7cfcbb423...
397d26cb44fbfe2a7f318d21401488e1.jpg,.jpg,jpg,31.59,596,638,False,False,,,,,,,ef435c25c913372a...
3994a480946a5c77e4e60f65c4f49630.jpg,.jpg,jpg,27.97,513,692,False,False,,,,,,,281257f80fedb093...
39a0db6778a8351b78e5bd4485127e56.jpg,.jpg,jpg,18.59,648,692,False,False,,,,,,,6f87501f7a082e39...
39b653338d4c192119a52f366ba1e178.pdf,.pdf,pdf,340.59,,,False,False,,,,,,1,231d0ac71dfceb8e...
39d97c4665609608c407ff221239c339.pdf,.pdf,pdf,174.41,,,False,False,,,,,,1,eb23828349e86ba8...
39d9ac03f8b3eda3b068dfa4eadd34d3.pdf,.pdf,pdf,124.94,,,False,False,,,,,,1,3d78b6f27843853b...
39f816ea7646bf6e843ce607a808eda2.pdf,.pdf,pdf,232.15,,,False,False,,,,,,1,b6fd0945eeb109ce...
3a0e9dc9886bbbba1c28636e2e0dcef1.png,.png,png,294.47,436,692,False,False,,,,,,,1e0951f8ba2f00e4...
3a24b95c2ae813926d30e6ded2d7b64d.pdf,.pdf,pdf,543.58,,,False,False,,,,,,1,ab52e44d687c68e8...
3a323fce3e0adf94765356abbd65c017.jpg,.jpg,jpg,32.22,564,692,False,False,,,,,,,83415c7e5cb4f7d0...
3a386cf190e7b1e88f173504d08c12fa.pdf,.pdf,pdf,110.53,,,False,False,,,,,,1,ca537131b411d744...
3a5a65783c90eea08a9386d9abcbb527.pdf,.pdf,pdf,225.24,,,False,False,,,,,,1,3b259c03fd67d789...
3aa88d0ee511134704e892a58ec276fd.png,.png,png,1148.18,1811,692,False,False,,,,,,,27d1d5db205a2d78...
3aba51ae6aa61d912fcafd90f3abbbf2.pdf,.pdf,pdf,217.5,,,False,False,,,,,,1,cfcc55320071f574...
3ae10c00c7807b39bf2f870c19c6f244.pdf,.pdf,pdf,243.65,,,False,False,,,,,,1,9a4c9010038fafa8...
3ae7d3b16a1bb05637286bd68c5598e5.pdf,.pdf,pdf,321.68,,,False,False,,,,,,1,0d4a50ea132647cd...
3ae95c16885388d17a425827c29ab122.png,.png,png,248.45,544,692,False,False,,,,,,,b23aaea0ee69be47...
3afe95bb76ac5d8338cb19e199ccb87d.pdf,.pdf,pdf,237.69,,,False,False,,,,,,1,6759669706c39e26...
3b0721d916a8ce5d1a2f5f57615be6e7.jpg,.jpg,jpg,81.2,897,1047,False,False,,,,,,,f5054baacd7fea6c...
3b14d2fcc3804c5e4269f3d7f71e849f.pdf,.pdf,pdf,172.83,,,False,False,,,,,,1,0c5fc626d8713244...
3b283549d3b53d42f5b2b33ec9fc31bf.jpg,.jpg,jpg,31.69,547,686,False,False,,,,,,,a727e474f26c5e78...
3b3577b34533f239fac60cdbb7f3114f.pdf,.pdf,pdf,306.42,,,False,False,,,,,,1,51aa811a5729b96a...
3b43c69cac4996e968abb957c96bb67c.jpg,.jpg,jpg,30.08,513,686,False,False,,,,,,,daa2108c66d75151...
3b50ed4bca3ff393580589719a8f7a0f.pdf,.pdf,pdf,943.9,,,False,False,,,,,,1,d6101b804cbf6605...
3b520287e4345ca318e7eae9726b6c08.jpg,.jpg,jpg,18.78,529,692,False,False,,,,,,,a6241f77638f7faf...
3b54f5ba5ad64477b052e397dc705295.pdf,.pdf,pdf,215.38,,,False,False,,,,,,2,e657f44400bd5474...
3b702b50f533a05d7e86b2ca07af5a0e.pdf,.pdf,pdf,298.35,,,False,False,,,,,,1,e9f22f4baf80c2d6...
3b98000450a21a4bb56cc4d6035cc119.pdf,.pdf,pdf,137.0,,,False,False,,,,,,1,3a90387d4ef01abb...
3ba6b651d28b408b912632c5ab4226a9.jpg,.jpg,jpg,25.84,400,500,False,False,,,,,,,bfe8ef2d13ff7d40...
3bbf723725848218086f1e64c5091add.pdf,.pdf,pdf,119.19,,,False,False,,,,,,1,0c52a13de756ffed...
3bcd32ffe9218a379414029d9b260059.pdf,.pdf,pdf,377.72,,,False,False,,,,,,1,ce2b3ff3aecbcfa4...
3be98e412f6db94d0dd42d063c7af0a2.jpg,.jpg,jpg,26.81,587,692,False,False,,,,,,,32d5a1246a733b8a...
3c123c08d53e541fec1103d17b4455e0.jpg,.jpg,jpg,1917.88,2376,2316,False,False,,,,,,,a38e8e1b21f08c07...
3c1f72a7713762dc5b17ebee72e734cf.pdf,.pdf,pdf,272.94,,,False,False,,,,,,2,2648737618ac07e9...
3c327a4df4a337fa3e7580f14b82b159.pdf,.pdf,pdf,3823.94,,,False,False,,,,,,1,476c07ac7e2a2bd7...
3c4c7802316d4c4f3a3cdf8f68af6562.jpg,.jpg,jpg,282.26,1500,2000,False,False,,,,,,,b2a9be29978f0746...
3c7df90032d892c6b264789a2664f032.pdf,.pdf,pdf,348.81,,,False,False,,,,,,1,25af0b5a0d39394e...
3c925e9f83b36dea8a82736d7edf9b38.jpg,.jpg,jpg,27.53,522,692,False,False,,,,,,,ded5361962aa1931...
3c96907fcbaf85ef7e748d02d4d2e55d.pdf,.pdf,pdf,225.41,,,False,False,,,,,,1,34047307a37a9c7c...
3c9e00791e24168a3807e54ac6c13eec.pdf,.pdf,pdf,162.23,,,False,False,,,,,,2,411cddd7cc1cd553...
3ca4315ec97e315982f46754f77a1dc6.jpg,.jpg,jpg,20.73,513,686,False,False,,,,,,,c90e74cf108f445c...
3cb35c452f8c82823bb56d63d8805f7a.pdf,.pdf,pdf,331.04,,,False,False,,,,,,1,7aaabb0308509471...
3cc9ae87cf2b8d5bada70c1dcbfe7496.pdf,.pdf,pdf,217.01,,,False,False,,,,,,1,c763ae394bd7fd98...
3ccda4e79be61c5441c886d99dbf1c94.pdf,.pdf,pdf,1004.5,,,False,False,,,,,,1,0bf50d57416ed5d1...
3d226e850309acd9996d05d80894b3f6.pdf,.pdf,pdf,1210.96,,,False,False,,,,,,1,f7b0ed394d7d2696...
3d48583ea274ddd0ffc43495af35f671.pdf,.pdf,pdf,37.46,,,False,False,,,,,,1,f6c1b5b34a5c564f...
3d4acc304dbc47cd70dcac0c8523ab5d.pdf,.pdf,pdf,710.62,,,False,False,,,,,,1,9de7fae699cd5dda...
3d5c07602a86869203ba4129975ec6bc.pdf,.pdf,pdf,232.37,,,False,False,,,,,,1,2313256bd2288155...
3d69e08cc61a276381e17a3bbdfa962a.jpg,.jpg,jpg,22.35,499,686,False,False,,,,,,,dd3b9ee600b3476b...
3d8a87e8e01efd01247972ce81a63901.jpg,.jpg,jpg,26.25,513,686,False,False,,,,,,,d3d05dcc284a8d48...
3d8d56c80a00d97d63c12b99f8b2f1d3.pdf,.pdf,pdf,151.57,,,False,False,,,,,,1,7a2192423ec3d4ab...
3dc632b1eb6615c8c81e3bdd83216091.pdf,.pdf,pdf,370.68,,,False,False,,,,,,1,6c710962c9824b95...
3decef2570f0bb38bedcefcfcfd2f9a5.jpg,.jpg,jpg,18.72,553,692,False,False,,,,,,,d0ebe7080186512a...
3dffccb68020c6fb14793894b62642df.pdf,.pdf,pdf,246.06,,,False,False,,,,,,1,5a8ea04ed4c47037...
3e0d98a7715d84387e080b73bc2bfecc.pdf,.pdf,pdf,236.85,,,False,False,,,,,,1,fcd82509236c389d...
3e1924a51d89b949d7dec3d32021b16a.pdf,.pdf,pdf,177.17,,,False,False,,,,,,1,9056af9eaf901de3...
3e2279c3d6096899f291f41a5b1121bf.png,.png,png,259.73,572,692,False,False,,,,,,,a05849e4018ed271...
3e2d58b2e7cee47dfe3e870587248b95.jpg,.jpg,jpg,60.52,766,692,False,False,,,,,,,5750e865ac1e508b...
3e3017037cc6e46ab8f67cf4352695cb.pdf,.pdf,pdf,131.59,,,False,False,,,,,,1,badedb44eb7bc6a5...
3e36d48b00c4c67efb2747727725037b.png,.png,png,556.03,540,692,False,False,,,,,,,529162dace1f93f1...
3e4670da5414cf92f88ca66023051350.pdf,.pdf,pdf,325.59,,,False,False,,,,,,1,f4f3f421ee827345...
3e4ac9bd32751338f87aa18b125e64b6.jpg,.jpg,jpg,25.88,513,686,False,False,,,,,,,fef8f0b5c058437d...
3e4da3280ac63b2a700b591eecfee6ed.jpg,.jpg,jpg,19.72,513,686,False,False,,,,,,,8ae7e9bf96822c3e...
3e7cf32fc14555b9cd99c22af119050b.pdf,.pdf,pdf,183.88,,,False,False,,,,,,1,89e7c621fc09bf99...
3e840c196a1bc2ce737c5355b9b95f08.pdf,.pdf,pdf,308.6,,,False,False,,,,,,1,3ee51031b6d98af8...
3e8ab849e675876bd233db465ae9a011.pdf,.pdf,pdf,124.05,,,False,False,,,,,,1,6f99aa00529f5eca...
3ea6aa238e8a6a5bd32e744b43072c64.jpg,.jpg,jpg,27.64,547,692,False,False,,,,,,,0b75ae280fd08d48...
3f035abc90ffb4f00069166dc31d24d1.pdf,.pdf,pdf,410.84,,,False,False,,,,,,1,5f0c9f00c1e752e1...
3f24ec4ed4ec3d995b89c8dfe9e0f596.pdf,.pdf,pdf,323.15,,,False,False,,,,,,1,5c621e6d80c4d7d8...
3f3b2ca724b6a269b4df7914ce41cda6.jpg,.jpg,jpg,28.65,499,692,False,False,,,,,,,775a346c4320028a...
3f424abaa24418fdea7f9d800ca78411.jpg,.jpg,jpg,15.91,376,476,False,False,,,,,,,1fab04a9bea3df34...
3f4e63f954a1be0949c1542b4918a42a.pdf,.pdf,pdf,175.07,,,False,False,,,,,,1,4492284747101256...
3f753700f54d33570152e50919b1c5da.pdf,.pdf,pdf,125.17,,,False,False,,,,,,1,c9d0c849727b3b3a...
3f786a53c8b9d6518d0f97a601aa6996.jpg,.jpg,jpg,17.16,602,692,False,False,,,,,,,51b6a7a66fadb134...
3fa62318aa6c9b49e85a2c5e9e0fa777.pdf,.pdf,pdf,1401.92,,,False,False,,,,,,1,7101ed791ab4ae55...
3fc1e0bbf274fdbe38a0b20e767490de.pdf,.pdf,pdf,404.12,,,False,False,,,,,,1,a857362443cfc064...
3fe62d50a9cfe47c03999c48097d8e8c.pdf,.pdf,pdf,442.89,,,False,False,,,,,,1,f1a5d8f85d247c1b...
3ffa484e72a011f7e1da3d7e769791bf.jpg,.jpg,jpg,7.86,262,364,False,False,,,,,,,84ec4a53f06c7fce...
40297fa1cfbf9cf16264ae024335bd84.jpg,.jpg,jpg,21.49,513,686,False,False,,,,,,,8b830123b9e0bb20...
402e5a95d03f3855a79d4d84e0f6bc37.jpg,.jpg,jpg,499.83,1092,1988,False,False,,,,,,,7d2b96812f49207e...
403a1aa4279621edec3bcdf6c8ce25e2.pdf,.pdf,pdf,300.2,,,False,False,,,,,,1,21f594f38101a155...
406044f079a2073e00782142229f7977.pdf,.pdf,pdf,160.74,,,False,False,,,,,,1,e845493858c20d2d...
40656ceaeeaab81483b09fb4fd0a31c8.jpg,.jpg,jpg,27.99,516,692,False,False,,,,,,,b8f91a83f875a96d...
4071d484b79105431ee626cc2c08a0d7.pdf,.pdf,pdf,470.88,,,False,False,,,,,,1,b53ec7df9793abdd...
408348a42b2e9f90ad054129d4271286.png,.png,png,363.38,556,692,False,False,,,,,,,59272498feb040f4...
408afa6fff5bb5ec12a7bd5477361f51.pdf,.pdf,pdf,591.37,,,False,False,,,,,,1,0e941d350632c67d...
409315df286ca441273f7c2633085bd7.jpg,.jpg,jpg,27.85,637,692,False,False,,,,,,,e85cc32a63590862...
40944803dd4bf6e9b73548d11a00b69c.jpg,.jpg,jpg,45.31,553,692,False,False,,,,,,,ae62613251930d35...
4097bb2ac7bfeb503a1be6dbc771e8af.pdf,.pdf,pdf,141.99,,,False,False,,,,,,1,b9bfaca071aa5ee5...
409c7603e85a030af4c7efa7db87c392.jpg,.jpg,jpg,25.42,552,692,False,False,,,,,,,b8244872fc8e2bfb...
40a8a3477ce11d2c8bf8bafd496bd6a4.pdf,.pdf,pdf,305.27,,,False,False,,,,,,2,0f301f43e8463a85...
40b6c7f38111c99e30f98991a995830e.jpg,.jpg,jpg,33.51,482,692,False,False,,,,,,,9da054c4b30ec803...
40d6ce1d3aca81034a08702204de1546.pdf,.pdf,pdf,471.16,,,False,False,,,,,,1,ab49dd36137c2bd1...
40f052e968a359cd418cd32120a899f5.jpg,.jpg,jpg,85.5,932,692,False,False,,,,,,,2f669d8bc4637013...
410915ff5e5efb595a70842f44e8564b.pdf,.pdf,pdf,219.13,,,False,False,,,,,,1,fb1897639efc3d69...
4111d97092a61b6e3669c0aea4e80b50.pdf,.pdf,pdf,259.29,,,False,False,,,,,,1,fbd7136d527a4194...
413c892f7ee426a2734f239862f81072.pdf,.pdf,pdf,319.96,,,False,False,,,,,,1,376814ae5ede0b51...
415288f4028239831f1e677457b0f2c3.jpg,.jpg,jpg,21.86,513,686,False,False,,,,,,,244f862ec93f8c82...
4155e0de79126a501036f30e14897042.jpg,.jpg,jpg,104.8,926,686,False,False,,,,,,,34e136b097b1df23...
4172b0f5fc69971f3d499931096180c8.pdf,.pdf,pdf,317.53,,,False,False,,,,,,1,2e58185fe9694f22...
41ac8ee42913f83b82146a5a998aab4e.jpg,.jpg,jpg,34.43,513,686,False,False,,,,,,,c2bdd6e028d3f01a...
41b623fdd35787310754051c8bd17c32.pdf,.pdf,pdf,707.31,,,False,False,,,,,,1,106a276afd72595f...
41c1a5c8793a1519ace52281b2534813.pdf,.pdf,pdf,40.86,,,False,False,,,,,,1,817ea9baef0f75b8...
41c5d57aa5eaab610889342e48c2f639.png,.png,png,327.33,700,692,False,False,,,,,,,968dfcbb07583500...
41eb47868c3e7220ad80004bf219df3e.pdf,.pdf,pdf,277.67,,,False,False,,,,,,1,cf94b570be484122...
41f9579ad36de7deb14f8a3f1f4af7b9.pdf,.pdf,pdf,242.37,,,False,False,,,,,,1,5b1d5c8899c94728...
420a1b0cdee44ab294725936d5d5f822.pdf,.pdf,pdf,608.65,,,False,False,,,,,,1,2c934f8569655e71...
421237085c397c7907b26e1d895bd61f.pdf,.pdf,pdf,247.35,,,False,False,,,,,,1,23291ce903a13be8...
421cd74681d6de7fb4c2de21ab24b6c1.png,.png,png,351.83,431,714,False,False,,,,,,,3a1928a123865d8c...
42479e078bd6ea245067bb14ea3ffc63.pdf,.pdf,pdf,265.19,,,False,False,,,,,,1,338102417c94fc4b...
42523d1f8afb04d418eb110e0c358f5a.pdf,.pdf,pdf,364.81,,,False,False,,,,,,2,9b2bdb39a80570b8...
425e8560d5328620eec8e4a54c6b134f.jpg,.jpg,jpg,35.17,513,686,False,False,,,,,,,171d5ddb4cb51b67...
426f63ec412d1112591d3eb6331dd2db.jpg,.jpg,jpg,24.37,420,692,False,False,,,,,,,2dbde910133d1bd1...
427015e5b55a1b162fb06675d92875c5.png,.png,png,442.23,617,692,False,False,,,,,,,96f8438d97ebf810...
4284d7842588deb19741346e60cdd3bf.pdf,.pdf,pdf,107.06,,,False,False,,,,,,1,8fabad84c88e071f...
4293a55090376ea2ae4230bbbf5c7e30.png,.png,png,297.12,519,692,False,False,,,,,,,1e42ed54f9a24811...
42984f414d952f384ece3b34b0f829be.jpg,.jpg,jpg,32.21,513,686,False,False,,,,,,,bf506377b37d564c...
429ec0b71a3589fcb9650cdd9570f97a.jpg,.jpg,jpg,130.79,2696,692,False,False,,,,,,,94204b16d52c925e...
42a2fbaaa70f1b0863b92e033dfee4e2.pdf,.pdf,pdf,1528.32,,,False,False,,,,,,1,1ca0d5bbe36d67df...
42ca5fc3c4a24ba8424ad2eda7dd8eb9.pdf,.pdf,pdf,275.2,,,False,False,,,,,,1,61ee87cac2053ba7...
42d84cfdc2ce87f5e4be3e80d87904d6.pdf,.pdf,pdf,1604.48,,,False,False,,,,,,1,ef3bb6a3ade587f6...
42dd5fb879906522b82ffb98bb8a44af.jpg,.jpg,jpg,29.08,571,692,False,False,,,,,,,efa793df6128c1b5...
430e9767518bfe720f90b2bd655863fa.pdf,.pdf,pdf,107.12,,,False,False,,,,,,1,a0bfd5fc55464370...
431a7d2a23964c8f04d3b71687a60195.jpg,.jpg,jpg,971.99,1816,2368,False,False,,,,,,,78c32f5a91b5a7f2...
432469730c943581bc654d38ca69db8a.jpg,.jpg,jpg,27.32,513,686,False,False,,,,,,,afe31aa7ee82ba1e...
4331616dbd15704da939abe4dad23de7.pdf,.pdf,pdf,468.11,,,False,False,,,,,,1,4fa0c5af1f72921c...
435bc70016ad0310de62b9c460708c4b.jpg,.jpg,jpg,30.42,517,692,False,False,,,,,,,8816b10d8f373130...
43835c4b4e59f48024e74f9ef0808184.pdf,.pdf,pdf,230.87,,,False,False,,,,,,1,6288c0792f5621cb...
438e8cae5f12c86f3927d517ee5fb46b.pdf,.pdf,pdf,249.98,,,False,False,,,,,,1,8e353e11f4a648fb...
43a90246cb0a0c2a82ef4f07e9b52f37.jpg,.jpg,jpg,37.76,513,686,False,False,,,,,,,d8360eb034e044bb...
43ad6f500e111f6864e70cda28e6d652.pdf,.pdf,pdf,326.86,,,False,False,,,,,,1,a424467f3041d899...
43b220bb26c760b0c4b9f0c1eeb374e6.pdf,.pdf,pdf,231.38,,,False,False,,,,,,1,8cde5bbb81913d25...
43c070245b359aceb0b80ab3c06c4aa0.pdf,.pdf,pdf,146.12,,,False,False,,,,,,1,17bd02056e36bd3f...
43df7ce2c9885eebb1daa45ee9408f42.pdf,.pdf,pdf,325.63,,,False,False,,,,,,1,1633887806fb932e...
43ff95d9ea4ad3d684cb76a7d08dacfc.pdf,.pdf,pdf,956.44,,,False,False,,,,,,1,a478b2f01e3e6153...
4404914d4ff501133da6f49f72d1718f.jpg,.jpg,jpg,34.86,657,692,False,False,,,,,,,d616ff547d6e972c...
44211b949f6b2b6576ec33d04c52749c.jpg,.jpg,jpg,21.63,513,686,False,False,,,,,,,daeeaad1050bbdd3...
442ba26c47ff3395ed45e381e7d5cb79.pdf,.pdf,pdf,763.99,,,False,False,,,,,,1,25f857d62b0c15fe...
44498865798bcd928e2613592c44832e.jpg,.jpg,jpg,20.01,492,692,False,False,,,,,,,6ca4b17ba07f1cd4...
44498ccef311d3cef7189c8b8b5d8927.png,.png,png,619.33,407,719,False,False,,,,,,,117c137b2340733a...
446043551bc23cb38060086ea0f9815f.jpg,.jpg,jpg,50.69,513,686,False,False,,,,,,,188af917446f31a7...
446a833d1fd638843faf4ddb68be9e17.pdf,.pdf,pdf,229.33,,,False,False,,,,,,1,59eab4b658543cdb...
4471bac2ff1a4c0f9338e5f6c402879c.pdf,.pdf,pdf,408.41,,,False,False,,,,,,1,7c41b4a4c1826432...
4484706d2879042d4c310a2db50e9131.pdf,.pdf,pdf,329.41,,,False,False,,,,,,1,adaab1f7a8e97820...
44b625fbf7a3c4319dd7b86c5a373777.png,.png,png,188.61,278,692,False,False,,,,,,,e576fc46e0ca4618...
44cbe4eb3aba89b8cb0d3cb0c96b8317.jpg,.jpg,jpg,631.48,2442,3258,False,False,,,,,,,d1e08ca522fa606f...
44f2fd35e854fedbdb0a961ea898a751.jpg,.jpg,jpg,29.34,510,692,False,False,,,,,,,9324116560aa9636...
450eeee442b4c91f39428222c3d0d737.pdf,.pdf,pdf,276.92,,,False,False,,,,,,1,d12a07b6e597d1fa...
452bec1c02f08e2e305302880d11307e.jpg,.jpg,jpg,72.48,515,692,False,False,,,,,,,a31d816407a51b2e...
45527f0bb439601c5ae1f1a622ef9a2c.jpg,.jpg,jpg,212.45,1269,830,False,False,,,,,,,73f8b5802575a6fd...
4561d6dc446807f52a8e0a18b5c47668.png,.png,png,909.58,656,780,False,False,,,,,,,4bfeb1c238b67a09...
4568d6c4ad78a5e92ed758bd33c9afcc.jpg,.jpg,jpg,54.61,731,686,False,False,,,,,,,a09c09e0afdbeab5...
45898031dd0c547a73b36a09eb7e3988.pdf,.pdf,pdf,308.87,,,False,False,,,,,,1,cd45e98330c3451f...
45b8bf4a421b6402f3f5872b221030bd.pdf,.pdf,pdf,384.38,,,False,False,,,,,,1,5ed84f3c6b8db1e4...
45bc3c6c7144ceb148fdb60267dc163a.jpg,.jpg,jpg,30.14,572,692,False,False,,,,,,,1e5fcfd02cd3abbb...
45c6f91986aa1531c4d2e12930bb7d9b.jpg,.jpg,jpg,19.09,560,692,False,False,,,,,,,081010bfed68269d...
45cb0729c2230da74d34776cf2f31312.pdf,.pdf,pdf,596.73,,,False,False,,,,,,1,93cf69a1c0c312fd...
45d1fad9e7d07e0c32877b6702148ad2.jpg,.jpg,jpg,30.61,513,686,False,False,,,,,,,374980d04c6e8497...
45db5adebd63c8eedbee3869af05e6c0.pdf,.pdf,pdf,264.34,,,False,False,,,,,,1,f111357daaddc366...
45dcad80993be9e12cd25c188ea26402.pdf,.pdf,pdf,156.52,,,False,False,,,,,,1,ce22a2cd5cb00edb...
45dfa58adb9279a34bb19e18f1666042.jpg,.jpg,jpg,513.06,1600,1200,False,False,,,,,,,a9a3d4ec966a8caa...
45e151c650cbace8f22a90dc8e67454a.pdf,.pdf,pdf,328.39,,,False,False,,,,,,1,e18e68de0d278fa2...
45e48215719a9465277e57936b91a82a.pdf,.pdf,pdf,404.19,,,False,False,,,,,,1,2175e8ec416827c2...
45fdafe8d25ecc06990840f1a2ee6fbf.jpg,.jpg,jpg,20.09,552,686,False,False,,,,,,,3bd4b193c012b674...
461306caf72a20e46d9f60fafeb99fee.jpg,.jpg,jpg,19.52,486,692,False,False,,,,,,,3b9ca99bbf87fe44...
463f1d7ecb5640e41f0cdda9b39fae8b.pdf,.pdf,pdf,2478.63,,,False,False,,,,,,1,b5ac50b2bf061562...
464dc3c4503157d54ffa4027afddb988.jpg,.jpg,jpg,35.0,597,692,False,False,,,,,,,6ac5fccf973e50c0...
4650885bc78791c517a0096a95696e9d.pdf,.pdf,pdf,848.91,,,False,False,,,,,,1,414e5d4e07eface8...
46524c64f55c85a85b5c385a02295a67.jpg,.jpg,jpg,35.3,916,686,False,False,,,,,,,64d7b99cd1d4b2b3...
4664585e54f99af6bf1995a286495ead.pdf,.pdf,pdf,321.61,,,False,False,,,,,,2,72135c071f161911...
466fc4d07785a5dc689cc079eeae80d1.pdf,.pdf,pdf,958.9,,,False,False,,,,,,1,78e0fa36424485bd...
4670ad05d6c04df2fb7961920e3f707f.jpg,.jpg,jpg,32.23,426,772,False,False,,,,,,,7cd672224746b34d...
46899050b77a4f4e0fb35398739c7235.jpg,.jpg,jpg,42.17,513,686,False,False,,,,,,,5f1e6eb56a411166...
469a77ccdab42e5f8545f8ccb04129fc.jpg,.jpg,jpg,5.73,225,373,False,False,,,,,,,637943f856fa44c5...
46a0610bd2ddc4365657f05fb93d46eb.jpg,.jpg,png,59.56,574,776,False,False,,,,,,,f05115a493e160f7...
46ae139b8c6aeb6927caf2963828fd67.pdf,.pdf,pdf,274.69,,,False,False,,,,,,1,a4ab09111bb36a9a...
46bfe6b105eced7eb0d46296da293134.jpg,.jpg,jpg,74.57,1901,692,False,False,,,,,,,f1299d0358666df6...
46c5a853fcc35e9c32721d281e3bf39b.pdf,.pdf,pdf,285.53,,,False,False,,,,,,1,4f9c870233d91d4f...
46c655f3f3631fff9d48b250aa658fb2.jpg,.jpg,jpg,66.58,633,994,False,False,,,,,,,a935fc04e1d8589c...
46cfb054760d9206ad7c76dcf4f92523.pdf,.pdf,pdf,359.82,,,False,False,,,,,,1,8d97897c86b46300...
46d6ce855cffc13f9e2d4f9b4a36bf1f.jpg,.jpg,jpg,81.9,626,993,False,False,,,,,,,e30da4a8ea789c34...
46d8c24431869c77d141669b19274b53.pdf,.pdf,pdf,290.32,,,False,False,,,,,,1,68ffca56d46079d0...
46f46a089a0e8858ab527217ce60a21a.pdf,.pdf,pdf,210.73,,,False,False,,,,,,1,1a01fd7b5b702d5a...
4714323eaba4e0822fd867062c8262d8.jpg,.jpg,jpg,30.68,353,692,False,False,,,,,,,570a7dfc39ecbbdf...
471fc42793d956b2a4044db38cea238b.pdf,.pdf,pdf,328.34,,,False,False,,,,,,1,2cc5d67a1462b067...
47202fa7a6dae42f65c632c3d7949678.jpg,.jpg,jpg,24.79,525,692,False,False,,,,,,,55ed95cab3cc8584...
476391fe66d813667687a9e27ec96f44.jpg,.jpg,jpg,115.55,1128,1509,False,False,,,,,,,a4f457f4a9167c4e...
4773574e0b1e8e8bb831633c90bef186.jpg,.jpg,jpg,72.36,540,960,False,False,,,,,,,79e76aaf4d02d56e...
47887626199e6bb4630ff64414838d2f.pdf,.pdf,pdf,324.88,,,False,False,,,,,,1,07ab4e3bb64550a0...
47b2149c2911fb0492a9ce85e4b1e0f8.jpg,.jpg,jpg,24.45,446,686,False,False,,,,,,,8fe7962d812db6af...
47b5ee00b5655d8c9d8e00b44e59acb4.jpg,.jpg,jpg,23.64,546,692,False,False,,,,,,,5c8864ae96ad3e2f...
47bc2c15817958f83644d8bfe2559823.pdf,.pdf,pdf,257.9,,,False,False,,,,,,1,03619462532f21fa...
47ec2d28c820bc11378325312a04f987.pdf,.pdf,pdf,302.0,,,False,False,,,,,,1,c1d522d130ca550e...
47ec7f37efd2766cff10a0180bb5218f.jpg,.jpg,png,323.07,534,692,False,False,,,,,,,8b18ccce5833c029...
47f54b7cd49c8d9db537c2d52af35692.pdf,.pdf,pdf,476.7,,,False,False,,,,,,1,b3886cd1fbbbe2f1...
47fa3dd05a9a3236651505d168021725.jpg,.jpg,jpg,108.11,1110,686,False,False,,,,,,,e961a00887ad0f7b...
480d04f10a935ee6cba7f03190511068.jpg,.jpg,jpg,37.58,513,686,False,False,,,,,,,17193dfa36577385...
4818f9644fbbc5475b3ab88b7f6d9712.png,.png,png,1032.87,700,900,False,False,,,,,,,449dea42ff3599db...
48487878b955ef432084c67237c7358b.pdf,.pdf,pdf,707.19,,,False,False,,,,,,1,02878f51c95d5cc0...
4853281a488572ef1598cd2040678f83.pdf,.pdf,pdf,871.53,,,False,False,,,,,,1,1d7401aee3cc83bb...
485c51fc166715cc0747d12f33aa0bca.pdf,.pdf,pdf,320.78,,,False,False,,,,,,1,e607bb541a89a8f1...
48709298c322f7b823301d3d6ce600a7.pdf,.pdf,pdf,244.36,,,False,False,,,,,,1,5fe7f65527da978f...
488496729ec78d076e130c3e49fab6df.jpg,.jpg,jpg,13.15,368,568,False,False,,,,,,,93cf4cd1e5a64e1c...
48cf50fe7e8e0b3b4890b705e7285b30.jpg,.jpg,jpg,26.09,532,692,False,False,,,,,,,1b52de9fa45a0391...
48ebed42fae266153e0724b45da0936d.pdf,.pdf,pdf,736.21,,,False,False,,,,,,1,a59cf3fc6be6b58e...
492c2638c4185373954d94d0a6dc0974.jpg,.jpg,jpg,20.25,513,686,False,False,,,,,,,2209c26e39dd8aad...
498281dcda3d9c6799eed810c8067e33.jpg,.jpg,jpg,32.34,513,686,False,False,,,,,,,6a7d298e81cec6f1...
49890e7eb7de0e4bf37bfba832c98c40.pdf,.pdf,pdf,416.13,,,False,False,,,,,,1,c7d74ed00dce7a05...
49a37c984b4fab5db3fc1caccc76a6cf.pdf,.pdf,pdf,541.84,,,False,False,,,,,,1,b6b75a4c6453d5f3...
49a870b8c4051cad813d06a29a04c553.jpg,.jpg,jpg,25.15,560,692,False,False,,,,,,,0e3764d0e6ecd9b1...
49b2a95728b759b68c83fdfb4d74c9fe.pdf,.pdf,pdf,721.66,,,False,False,,,,,,1,d01b977fe5d871d8...
49dbd2726c80ef0c6770149848ff8f61.pdf,.pdf,pdf,436.09,,,False,False,,,,,,1,8f0b7d97f550b83a...
49de53674e48a2bd57a797493dcd290f.pdf,.pdf,pdf,311.98,,,False,False,,,,,,1,96a0cbd65c93867d...
49e89d915f42f7e116cbd1b1eab7fa49.pdf,.pdf,pdf,97.41,,,False,False,,,,,,1,f1787b66c7d516ee...
4a050fc0b49d21aef86a0260eabd5cdf.jpg,.jpg,jpg,1486.27,1331,1800,False,False,,,,,,,1b4b782a92ffa5aa...
4a4304b3bb6b28d24fdbd042c5426239.pdf,.pdf,pdf,139.46,,,False,False,,,,,,1,6fb8fd4936d0be68...
4a54443c0685bdd6fdf2004b250ac1b5.pdf,.pdf,pdf,180.77,,,False,False,,,,,,1,775956b35308db60...
4a55e790029610c3c3b3446a760d17f0.pdf,.pdf,pdf,659.04,,,False,False,,,,,,1,c7fee276fc49f2a0...
4a75e1bae2416ac9dddaaf7219c7a54c.pdf,.pdf,pdf,356.82,,,False,False,,,,,,1,93fd1ee6b7d33a73...
4a82742ffb7cd606435a900aaf7018bb.pdf,.pdf,pdf,135.67,,,False,False,,,,,,1,181583a5b0180eea...
4a83ddeb7bf2c0e22958f571566302bb.jpg,.jpg,jpg,25.83,513,686,False,False,,,,,,,311f1bc0de5d72b3...
4a9468b303c344604c0ecd083a4eaf0e.jpg,.jpg,jpg,58.89,724,692,False,False,,,,,,,c49ee1f0e9281ca1...
4aa76903a14ca82f6efdd4db46a48187.jpg,.jpg,jpg,40.33,654,692,False,False,,,,,,,936787b4401c0b1d...
4aaca58fec46a39672329035bb5244da.pdf,.pdf,pdf,435.66,,,False,False,,,,,,1,6cb308fb98bb929a...
4ac43839ad63910b164616e95a142d93.pdf,.pdf,pdf,560.29,,,False,False,,,,,,1,8b32cd346ddae402...
4b0bf49a48b46951386e22fce6a244eb.jpg,.jpg,jpg,37.48,570,762,False,False,,,,,,,f394101e715e20e5...
4b37d505ab1b0b49c7c8e7d4e8379992.pdf,.pdf,pdf,184.28,,,False,False,,,,,,2,adc492fa6af877cb...
4b5685e4ef9e4d83e0e8a07db047b461.jpg,.jpg,jpg,30.07,538,692,False,False,,,,,,,32ef893b2e2d609a...
4b5db64975f81c63ecf3d35a55ec69d8.pdf,.pdf,pdf,147.91,,,False,False,,,,,,1,abc7c5cc30a69257...
4b78f4af4f0e089b58c7f2d63e0da045.jpg,.jpg,jpg,51.11,862,692,False,False,,,,,,,31320e2375abd568...
4b7920721db6e928f1ed75857bb3067b.jpg,.jpg,jpg,134.29,964,1224,False,False,,,,,,,49da00760ffd26c4...
4b7c89c1b6c102f82d9072806e356d3c.pdf,.pdf,pdf,226.34,,,False,False,,,,,,1,2bcb361421782803...
4b7d350574472430d5cce62e60b51cb5.jpg,.jpg,jpg,29.7,398,638,False,False,,,,,,,7897fcc4c89dc0ce...
4b7f1b4dc4e34431506106ad97c4a8d6.pdf,.pdf,pdf,278.85,,,False,False,,,,,,1,3bf13ebca6f9b79f...
4bd2fcb4eeb2a6b3bdecb3f2ac1e854b.pdf,.pdf,pdf,129.96,,,False,False,,,,,,1,316c36fc6fe20611...
4bd71e7de7a39034d767aae15c68c6c0.jpg,.jpg,jpg,238.94,1916,2167,False,False,,,,,,,ba22ec0cd1d8c736...
4bef9eee5b92dcbdbbf79122f7d18e30.pdf,.pdf,pdf,199.04,,,False,False,,,,,,1,cf636c79b22f93cb...
4c0344a5cc05301e826916f44d5d3c2e.jpg,.jpg,jpg,16.88,647,692,False,False,,,,,,,136886900baef467...
4c0b33cc0ec5af520c65137753326bee.jpg,.jpg,jpg,37.78,606,692,False,False,,,,,,,1bd7c6eb24419013...
4c1d10664e7a25204efba69fa1b4ad0f.pdf,.pdf,pdf,136.0,,,False,False,,,,,,1,980d196e353391c3...
4c1d20357c7be01ee9ecc66541a17129.pdf,.pdf,pdf,290.1,,,False,False,,,,,,2,c5fd6e8c2ff9f917...
4c1e3c2f85156cfbbfda2365a89cfa13.jpg,.jpg,jpg,24.69,553,692,False,False,,,,,,,b0f5e72cf486508a...
4c3262144f9968f263bb85a4e311b74a.pdf,.pdf,pdf,203.56,,,False,False,,,,,,1,9a99a2917fa9d4fa...
4c3dfb12318a6dd9811cf041d5b51bb0.jpg,.jpg,jpg,28.26,410,692,False,False,,,,,,,c43dfe7f2dac811a...
4c4c7c560da930c7533165afddd5c0bc.pdf,.pdf,pdf,1668.59,,,False,False,,,,,,1,6f3a256cc7302683...
4cc240ff87a4566c696ea6f2db04ef9f.pdf,.pdf,pdf,268.7,,,False,False,,,,,,1,6656b6ae278d0e29...
4cc2bc4b558d483b4b22a7da9b765925.jpg,.jpg,jpg,42.58,528,686,False,False,,,,,,,f14cd75d221be987...
4cd4924e4b1ea381b2a7bc6c446d80b7.pdf,.pdf,pdf,160.06,,,False,False,,,,,,1,77459c5fefab516d...
4ceb8548d0833491c1ca30678e02e705.jpg,.jpg,jpg,34.61,501,692,False,False,,,,,,,ea38a7225c4dcf5e...
4cfede75844612272181a9510c6f2041.pdf,.pdf,pdf,555.52,,,False,False,,,,,,1,e60190bda41aace1...
4d1543738e09ce333c0b327bd6ea50e5.png,.png,png,372.34,741,692,False,False,,,,,,,366a46807442d5b1...
4d2db714d7c0cef9c753b7e9c24279f1.jpg,.jpg,jpg,84.52,827,692,False,False,,,,,,,552eeb5362697f5f...
4d318ae35df7e43247091f138e6d8ca3.pdf,.pdf,pdf,330.74,,,False,False,,,,,,1,ff547f74df8a58c4...
4d39cf831b62f528451785fb8b1e3bc6.jpg,.jpg,jpg,30.93,683,692,False,False,,,,,,,439bc42d7645047a...
4d643ae5e6beb32a254e15eb32e3028b.jpg,.jpg,jpg,66.51,1069,686,False,False,,,,,,,8bd946077fa2e0ee...
4d64aea3486c798f5e635ffe48e0ea76.png,.png,png,1489.73,608,2004,False,False,,,,,,,8ca972f106ccaf1a...
4d66b67a9f6ecf5df88dfc2f5e73afc1.pdf,.pdf,pdf,582.16,,,False,False,,,,,,1,f3592580705aa73c...
4d7717025a5d2d1fc2acb4ec6f17f6aa.png,.png,png,239.16,562,692,False,False,,,,,,,951b3feb8d947493...
4e0843331dd13c86ee5be5216b0dc3f7.jpg,.jpg,jpg,25.04,687,692,False,False,,,,,,,0cb8e10daf88ee09...
4e0ddc3ee011b043564df451848f7363.pdf,.pdf,pdf,126.84,,,False,False,,,,,,1,78c26f35c0150421...
4e13b88b9f9c73f5b0c1d4dd514a98ab.png,.png,png,486.51,601,692,False,False,,,,,,,724c589e1e5c1883...
4e195c1da7aa8a298da1b2c9adab5c95.jpg,.jpg,jpg,15.8,382,458,False,False,,,,,,,e61481dfc2243f72...
4e1e56a63b1c7dcb0c34b47f84115727.pdf,.pdf,pdf,531.21,,,False,False,,,,,,1,4b208ad5d1874af2...
4e20a3ef1648e9edfbb507d1f5d3ad80.jpg,.jpg,jpg,25.98,607,692,False,False,,,,,,,7b92d59997c104d8...
4e280b6a3e1e56d0f0a2d19dd58d9292.jpg,.jpg,jpg,15.07,428,692,False,False,,,,,,,702deaf5910bde2a...
4e334f52df5f7da84386ed234494eb55.png,.png,png,1243.2,800,1000,False,False,,,,,,,6309033006671c41...
4e3d5872a2f9baa737422f0221d21571.pdf,.pdf,pdf,231.92,,,False,False,,,,,,1,0f0e1f47f8b465bf...
4e4bd3d1942e939726fbbe31e64a8f8e.jpg,.jpg,jpg,34.35,442,775,False,False,,,,,,,7e2e275c59eaccb8...
4e7359d3af7151f76dfd6b18dc979f89.pdf,.pdf,pdf,216.63,,,False,False,,,,,,1,a38bc9ef9d9ad8b0...
4eb79dc0a2a63dc3a6f7129be48ae1c2.pdf,.pdf,pdf,208.78,,,False,False,,,,,,1,24649738dd5ee44a...
4ed3a9b618276d1d67c0624b8924cd23.jpg,.jpg,jpg,42.95,544,692,False,False,,,,,,,c9ee5200506565e4...
4ef12cdd865fa40e16cd8e4c73ededda.png,.png,png,242.56,520,692,False,False,,,,,,,aff218f3543dff56...
4eff4f586dd546310e3c89b769980976.pdf,.pdf,pdf,320.28,,,False,False,,,,,,1,6be3ab90d9c8f841...
4f21d3be0113fedc0bcc568bea6b0eab.pdf,.pdf,pdf,118.58,,,False,False,,,,,,1,a3258001d499af54...
4f2267237c3a93a66de48a81b9e9f92f.pdf,.pdf,pdf,303.34,,,False,False,,,,,,1,ffd300eb5ce2beab...
4f310aded170a8d292326de4d902e347.pdf,.pdf,pdf,185.85,,,False,False,,,,,,1,5e926b0e57e74813...
4f439502cfcd29bc2f53d775b9cb41f4.pdf,.pdf,pdf,250.05,,,False,False,,,,,,1,266fe2aaeda1f2f0...
4f4b3272dd63e2db920a5cad48158184.jpg,.jpg,jpg,51.27,948,692,False,False,,,,,,,32612bcbce598e23...
4f4e0b63afaeee361094d0e9bc9dd13e.pdf,.pdf,pdf,325.57,,,False,False,,,,,,1,b6560753c0c26dd2...
4f71832b2777fc4c06d12111ca99ad10.png,.png,png,298.48,623,692,False,False,,,,,,,63c8d0fc9dbb2ecf...
4f89b0c2a3e245d0adb60d3f0efde706.jpg,.jpg,jpg,31.93,531,692,False,False,,,,,,,8c7119d6b51b33ff...
4f9bd2d5a7158771537420806bb8e2a3.pdf,.pdf,pdf,202.4,,,False,False,,,,,,2,b5e3d488b762c512...
4fa1245760e83c50eca72782df10ea0b.jpg,.jpg,jpg,27.57,513,686,False,False,,,,,,,46c3d7468b80d748...
4fc99e9f2c9bbeade2560090d0f2b1f7.pdf,.pdf,pdf,146.15,,,False,False,,,,,,1,943949c528917495...
4fd4c4249d1891696ae9c7957ae5210b.pdf,.pdf,pdf,575.06,,,False,False,,,,,,1,6cf43bd328f99944...
4fee125020d1a1929e84fdf2e9ecdc7f.pdf,.pdf,pdf,119.73,,,False,False,,,,,,1,cd817e2f10a5aa8d...
500a43a1fd6141ab30e9fc71cfab3919.pdf,.pdf,pdf,439.23,,,False,False,,,,,,1,65cad3ba908d98de...
502b771a80ee9efc2bc69e46e554158f.jpg,.jpg,jpg,120.21,1209,692,False,False,,,,,,,bb0584a58c092b6a...
502e50cf9f68b2237e9403e695e92ad5.pdf,.pdf,pdf,136.92,,,False,False,,,,,,1,edcf7906b3a5ebb7...
502f8885e5e2cc7d0f00b937d5f03a6a.pdf,.pdf,pdf,306.92,,,False,False,,,,,,1,7e7d20fc233fa0c8...
504298d84d53385f5280485eb4e08a50.pdf,.pdf,pdf,385.22,,,False,False,,,,,,2,f28f98053f7ef35c...
506dab021fe2868b0360b0237620b853.png,.png,png,278.72,362,692,False,False,,,,,,,cd2bc52f8486c133...
5086b37d577c7a92ef97dde4cccd987a.png,.png,png,215.39,296,692,False,False,,,,,,,51e830f2efb85cdf...
50b4f37c6dc09446eb1983aff3f17fa8.png,.png,png,355.93,692,692,False,False,,,,,,,dbd14a5b200fc9a8...
50bc6862140c351d659ac326f230a9ab.png,.png,png,1284.64,800,1000,False,False,,,,,,,10c155cb4a9ed518...
50ea408cd0918b105f0f29963442aa83.pdf,.pdf,pdf,184.7,,,False,False,,,,,,1,f31dc28a728cc9c0...
50f17816e9909784a69d24f7069150f2.jpg,.jpg,jpg,28.99,538,692,False,False,,,,,,,42a1596b276dc7c1...
50fd5c627e9241fd946b205bd880e06b.pdf,.pdf,pdf,327.16,,,False,False,,,,,,1,82dd5661fdc6e868...
5106d769bd46d65b16fe24582e74506a.jpg,.jpg,jpg,27.26,296,692,False,False,,,,,,,ff94dc69505865d1...
5108264521c67e6f9a27c97be02e7d7a.pdf,.pdf,pdf,110.77,,,False,False,,,,,,1,257b7c38e1d82ab9...
510d2a36d8044de91f009de769537735.jpg,.jpg,jpg,14.13,292,439,False,False,,,,,,,2c2dc6f152ac5c52...
5125e2ac74c04411975194d929cf61a5.pdf,.pdf,pdf,439.52,,,False,False,,,,,,1,69f5cb15a251b4ad...
513a5255b8c1990044ca9c3746246883.pdf,.pdf,pdf,364.18,,,False,False,,,,,,1,b6173ac2fa19fcb8...
5183d8c159d481b9411e1d36fce86a90.pdf,.pdf,pdf,363.07,,,False,False,,,,,,1,d916877d09be3798...
51a0097930015525463aaa4d3ef71d2b.pdf,.pdf,pdf,257.15,,,False,False,,,,,,1,450ddd1898e27542...
51a45cde5adc1dde00cea4081b3e290e.pdf,.pdf,pdf,224.07,,,False,False,,,,,,1,5bc344ae61e02b53...
51b808091551432e0eee5224336bcda4.jpg,.jpg,jpg,35.63,395,692,False,False,,,,,,,c5121c21d2b815b4...
51bc0051682b87e49ba08afb893ec8b3.pdf,.pdf,pdf,296.59,,,False,False,,,,,,2,e867a4b895f3c0b2...
51be85720e9df9ae622dc3e3288c37d9.pdf,.pdf,pdf,226.41,,,False,False,,,,,,1,ea194ad053edf1ea...
51cc291e79d2ebc16f5ca7e3de97e7f7.pdf,.pdf,pdf,352.28,,,False,False,,,,,,1,9147ecaa0187f0f4...
51cf3b6759ce038b2c853dc47cd3c615.jpg,.jpg,jpg,26.44,513,686,False,False,,,,,,,67a1496603465c6a...
51d40243071a977612483e24927d904f.pdf,.pdf,pdf,1083.21,,,False,False,,,,,,1,5cd1f389655c0659...
51de12faca52a3f611a2a34ebebde43a.pdf,.pdf,pdf,574.82,,,False,False,,,,,,1,a10cb6f3c9e1fd30...
51dec5dec496482971be639a32951689.jpg,.jpg,jpg,19.13,542,496,False,False,,,,,,,cc7072007fcf680c...
51e52988fb0a6b9b9fb6e62267e170ac.jpg,.jpg,jpg,87.9,1105,686,False,False,,,,,,,2f828abae8111993...
52063435c24a965e1441005029311fb3.png,.png,png,344.54,655,692,False,False,,,,,,,53e58cd012559744...
521830f25ec439cdda869dc8f88761c2.png,.png,png,255.8,625,692,False,False,,,,,,,2116853bec785b4e...
522133ae049c5a5edd785daa83c51120.pdf,.pdf,pdf,142.29,,,False,False,,,,,,2,a88c26d79eb9d165...
523efa116cb0d9f2a9ac2b88d1b4dca6.jpg,.jpg,jpg,51.41,1302,692,False,False,,,,,,,b699eaedd9e2bec6...
5251180973f4510457493a6c30916107.jpg,.jpg,jpg,38.0,513,686,False,False,,,,,,,46bec5b5fdcbdb91...
5268f91b62019e92d1ef65b342b10e26.jpg,.jpg,jpg,30.96,925,692,False,False,,,,,,,7581bdf54cd743fd...
5272b1b3769200278ab50965f2631be3.pdf,.pdf,pdf,251.37,,,False,False,,,,,,1,0e26ad2328ce8ba8...
52cbf774cd01aa8b62792909c446bca5.jpg,.jpg,jpg,27.05,510,692,False,False,,,,,,,f27839669fcaf03c...
52d2dc7880aa0c28edaa3c533ac8a8d6.pdf,.pdf,pdf,1463.31,,,False,False,,,,,,1,42b021561edfe84e...
52ec56dab3ab9ed411f11035cd368daa.pdf,.pdf,pdf,259.67,,,False,False,,,,,,1,587ee773e3e52713...
52ee1c0c6a150f520e7ae658fee349df.png,.png,png,310.33,1203,692,False,False,,,,,,,b426dc63f74f8bd3...
530ded54238b20878f9deba02b2121eb.jpg,.jpg,jpg,39.9,513,686,False,False,,,,,,,0c2a1dc1457ed2db...
532806180cafd68ff025cc687821d27f.jpg,.jpg,jpg,28.14,569,686,False,False,,,,,,,477405dff7378827...
53289d3b5df4ba581d8d79c7976bc028.pdf,.pdf,pdf,291.13,,,False,False,,,,,,2,c9a3ddc55f81006a...
539a66c3691aed3ec5f9f5f409a90371.jpg,.jpg,jpg,4.55,144,194,False,False,,,,,,,4a030f3a15a9c048...
539dfe395866c82d17e3c97c48c12e1f.jpg,.jpg,jpg,55.53,1256,691,False,False,,,,,,,89029d38797bf3a0...
53a3f64ada3a935bbccc57b080c9e281.pdf,.pdf,pdf,469.2,,,False,False,,,,,,2,40531d59d636fb80...
53a6e0d63ede7d1d3d80a95f5dde0aad.jpg,.jpg,jpg,13.93,722,692,False,False,,,,,,,1cb7980930916eea...
53a7a6a4e1e8a4e6a4eaa1c9d0af3dfb.png,.png,png,533.06,641,692,False,False,,,,,,,9668eed6d0d7747a...
53b32d9a7cfb310b0ab9515dbe05a8a2.pdf,.pdf,pdf,79.97,,,False,False,,,,,,1,9b5e2aad8dc52c57...
53c88f88bde599af5e06892c3eea35c2.jpg,.jpg,jpg,32.42,631,692,False,False,,,,,,,9ae505ff2760e614...
53e3f98b0a5fcb78999de1926189134a.pdf,.pdf,pdf,301.05,,,False,False,,,,,,1,1e5eca4efb481f70...
53fc7edc70ae198cada35c03616650cb.pdf,.pdf,pdf,234.09,,,False,False,,,,,,1,14704afe1f2e6662...
542883d88319275d4edffee87a489566.jpg,.jpg,jpg,26.52,474,606,False,False,,,,,,,88996470e466e060...
5453c559b08fcd3a9efd6185f0744667.jpg,.jpg,jpg,37.07,530,692,False,False,,,,,,,f21fc570b9405511...
546e6c29b8bc9222ba5f894e9533cd07.pdf,.pdf,pdf,109.88,,,False,False,,,,,,1,cca231556d25438e...
5479ec08ffbda76b440ecabed46f0775.pdf,.pdf,pdf,193.77,,,False,False,,,,,,1,ed7d97fd3bd7228f...
54c0b0beb87639d48857ca53a71e3d66.jpg,.jpg,jpg,22.54,481,692,False,False,,,,,,,17aff795b4ddeadf...
54d5498438ce8e507f780e541bcfd7dd.pdf,.pdf,pdf,975.17,,,False,False,,,,,,1,585c0b074974d892...
5505052fe6beeba26d16470f38e4b1e5.jpg,.jpg,png,175.48,421,692,False,False,,,,,,,5234b2f7d5c01a79...
552b474d32d2ebd733f83b8e45625d38.png,.png,png,1445.1,1090,1426,False,False,,,,,,,f2739c93333b617e...
552f1d0add016ede882f630a4966327b.jpg,.jpg,jpg,25.66,513,686,False,False,,,,,,,0e7061eefe57a0bb...
5532af54734d6f0505256ee306d289b6.pdf,.pdf,pdf,260.79,,,False,False,,,,,,1,52b2a4e1681d5341...
554573f41016d0328492d749bb4609bf.pdf,.pdf,pdf,153.91,,,False,False,,,,,,1,2e54e6ec3ebc60c1...
55499399934f39720d3d37bcee23f2fb.pdf,.pdf,pdf,121.1,,,False,False,,,,,,1,baeaf8aab6cc0bfc...
554a40688d17115463cd2e2a83adc302.pdf,.pdf,pdf,469.92,,,False,False,,,,,,1,c4c08b2347e1c81b...
55a953a01f1a87635dbba8061a60ad45.pdf,.pdf,pdf,305.43,,,False,False,,,,,,1,9f83d85d9ce29b5d...
55b978f04ddd278bda13b193863f6c99.pdf,.pdf,pdf,508.56,,,False,False,,,,,,1,d3cc4ac556c00d3a...
55c42598a043a1e009a21f528521e077.pdf,.pdf,pdf,189.02,,,False,False,,,,,,1,5261dae333a63b2d...
55cb1a60101cc3fd8ef42d5af1f90839.pdf,.pdf,pdf,391.21,,,False,False,,,,,,1,28f0039d673ca381...
55dcc349e6598dcc15ebeeb8eb8c692c.png,.png,png,344.3,529,692,False,False,,,,,,,8a375150811cdf7a...
55f51b2480915e7fc929cc8794b2c3c1.pdf,.pdf,pdf,1012.84,,,False,False,,,,,,1,b33e57a7b181daeb...
55f5e1527c11ab3357dc3a9044e0236d.jpg,.jpg,jpg,869.22,2078,2821,False,False,,,,,,,796b3b22c7023314...
561b85c2406866628ec717c80102cf25.pdf,.pdf,pdf,447.07,,,False,False,,,,,,1,b9bb75bf79cdb435...
5624f83efe7abd179cf7ad05497e40fa.pdf,.pdf,pdf,829.79,,,False,False,,,,,,1,eb64d35ad2011c7a...
56305e0eeefc10152eb46d69f2e3a869.jpg,.jpg,jpg,46.7,528,692,False,False,,,,,,,01ab0347ca9d2d41...
56640c68a4983decf391da2c07756efc.pdf,.pdf,pdf,449.96,,,False,False,,,,,,1,3f854cc357c75eab...
5677ce5de48a3613d8a305cb1a59e474.jpg,.jpg,jpg,35.97,549,692,False,False,,,,,,,67733d81e9628e5f...
5692521d25b182abf9b47d9f85e77d65.pdf,.pdf,pdf,601.9,,,False,False,,,,,,1,ff312dda092d70ac...
569404480c2cf44e02fcdffeec64b6af.png,.png,png,364.73,443,692,False,False,,,,,,,dc5b7e69f72f9da1...
569f32cb5e8693c29ab9f6f8472677ae.pdf,.pdf,pdf,195.59,,,False,False,,,,,,1,ef54f4ceb51ae5c1...
56ba87d6447fc63eb85bbc5c0f320801.pdf,.pdf,pdf,431.15,,,False,False,,,,,,1,13ee551c15ce6206...
56fdd354c87b8e5a2693ffdf56d4f799.pdf,.pdf,pdf,404.46,,,False,False,,,,,,1,be55876759ef2a3c...
56ffcfe020a0a172b0a56d1712d0d4e2.pdf,.pdf,pdf,863.22,,,False,False,,,,,,1,f2e4a3cec32a290f...
57344493085b1c721c2250e33378c030.jpg,.jpg,jpg,27.46,565,692,False,False,,,,,,,1b889a32749fdc4e...
5745e5f8da6ed406d0085efda7bfa90b.pdf,.pdf,pdf,138.58,,,False,False,,,,,,1,8d69258dbf704cd5...
574eb9410f326d06b2e198e890a2e358.jpg,.jpg,jpg,12.29,237,408,False,False,,,,,,,becdf8013c535caa...
575b1e71a0bcfca149b739099fc44bb9.pdf,.pdf,pdf,514.3,,,False,False,,,,,,1,7beddaa2d9fecd3b...
576702207bf45c8b4d352a19eefa1d34.pdf,.pdf,pdf,517.22,,,False,False,,,,,,1,ee8932a5f2c35238...
5790ae4e85ba45c377b825562b9de819.jpg,.jpg,jpg,50.81,559,747,False,False,,,,,,,269145363182e24d...
57961827635a9fde77c0e9cf6093dea0.pdf,.pdf,pdf,223.63,,,False,False,,,,,,1,1b584eedaa276bed...
579ee2a3b173ac436743fdd845c9efa5.jpg,.jpg,jpg,405.1,2550,3300,False,False,,,,,,,9e39e516f78e9da0...
57bf5901aaebf2349d2d7a1542cb2851.pdf,.pdf,pdf,788.7,,,False,False,,,,,,1,413cd0ad4d3e2dc1...
57c3260f3e5faf3ef39e0b7ef37da661.pdf,.pdf,pdf,107.97,,,False,False,,,,,,1,a05b6c27ebd14be0...
57dd8c56622325800a2a8954135adef2.jpg,.jpg,jpg,3839.98,4686,1437,True,False,,,NIKON CORPORATION,NIKON D800,2018:02:23 12:31:16,,a8d88345861d1b3f...
57f00ace895da9ac9db5f8a7fa3b803b.jpg,.jpg,jpg,43.12,558,692,False,False,,,,,,,429919cee46b58d0...
5803f60af8a0823e85c8e5a7dd34d579.png,.png,png,195.12,604,692,False,False,,,,,,,9ed3237fff7ffbb3...
580bcc53772f9561fad6dbb5832ec6e7.pdf,.pdf,pdf,328.91,,,False,False,,,,,,1,00870213a7a04040...
580e302c25851336fd3c2dcc3d8b4515.pdf,.pdf,pdf,237.87,,,False,False,,,,,,1,ecfa7c53c971f2de...
58239856f2bda6833e4e092a8da253b2.jpg,.jpg,jpg,28.17,682,692,False,False,,,,,,,e854140c9c6308f2...
5835c1f2f6160a08530a21da9ca457f9.pdf,.pdf,pdf,275.69,,,False,False,,,,,,1,fbb5a40f12e11a3c...
5837668a5601fe39c0bc8b7854803322.jpg,.jpg,jpg,597.05,1500,3500,False,False,,,,,,,d65dd453a8a187e2...
58496c724957fadf85b33d8a8c1ee004.pdf,.pdf,pdf,468.79,,,False,False,,,,,,1,92fcc63b3d5b08e2...
5865eb04099faaa3c5766a79fa5b3765.jpg,.jpg,jpg,28.99,497,692,False,False,,,,,,,97409cf92f9cddf0...
588796213bf569b4808769407ddd0533.pdf,.pdf,pdf,246.48,,,False,False,,,,,,1,3cade2f1563d03a6...
589552397c52753c5d7dd77bb789918f.pdf,.pdf,pdf,313.26,,,False,False,,,,,,1,4d954ef676379fba...
58b805df5f2f5386563597d79a319ef8.jpg,.jpg,jpg,61.51,922,692,False,False,,,,,,,637e3aad738bfa4b...
58d232c18981dbc3ecd3925553622e31.pdf,.pdf,pdf,228.57,,,False,False,,,,,,1,1bce3325334b82d8...
58ddaa1435ef81abc13a0d1dbda8ba4c.jpg,.jpg,jpg,55.17,1044,692,False,False,,,,,,,6ea361c9c0032934...
58e35fd77fef2f40a5d748a4d703b500.jpg,.jpg,jpg,23.94,517,692,False,False,,,,,,,339ea73be1fd846e...
58eff582325c2bb8b8a688eaa241a3c1.jpg,.jpg,jpg,35.49,546,692,False,False,,,,,,,309e2c9687fc4dd1...
591018f39b1636894eb39d72a7337807.pdf,.pdf,pdf,106.09,,,False,False,,,,,,1,cd6710011aae7960...
591af40277a852b6f5091813e4cb4aa6.pdf,.pdf,pdf,317.76,,,False,False,,,,,,1,bb2992baa29af471...
59416ca3dbe2300b895b34eb1ec12b35.png,.png,png,354.4,493,692,False,False,,,,,,,12b893260fc502d5...
59572f0ab34e734c8ebf3c5116f9785a.jpg,.jpg,jpg,33.92,553,692,False,False,,,,,,,16204f5e5d025f15...
597dcac5a91bfe4f1810839c6bcee4bb.pdf,.pdf,pdf,61.19,,,False,False,,,,,,1,713e72a0eacf93ce...
59964461bb8c2627ef118f612f713d94.pdf,.pdf,pdf,320.3,,,False,False,,,,,,1,0743a09020b74f26...
599a3d2f7515bee49346ae720b04d389.jpg,.jpg,jpg,49.57,693,692,False,False,,,,,,,34f17755aef03176...
59a6231b6b96894cb2b51dbe304d508d.jpg,.jpg,jpg,42.74,513,686,False,False,,,,,,,23fcc6357b001888...
59c55e8e5cffabe1bac10b55b55ec76a.pdf,.pdf,pdf,309.56,,,False,False,,,,,,1,5086828cec5ca875...
59e7ed4beb742c1040a1e17ee0829469.pdf,.pdf,pdf,214.0,,,False,False,,,,,,1,1bc6f4c240344af3...
5a3d52c347018c38395cde9a12772f82.pdf,.pdf,pdf,274.53,,,False,False,,,,,,1,ac561d66286c8c5e...
5a51921d09e930b97ecf8581dde5fed4.jpg,.jpg,jpg,113.28,1008,1131,False,False,,,,,,,049bde0edb1e849a...
5a5ffac14f3dfea0d21964599f29baed.jpg,.jpg,jpg,21.14,460,568,False,False,,,,,,,b8de0d495f531934...
5a6ae425e40e705fac19ce642b431664.pdf,.pdf,pdf,181.55,,,False,False,,,,,,1,74ae4f5f638090f9...
5a76806bca7a14b3293ca1f29c162b9f.png,.png,png,292.19,789,692,False,False,,,,,,,a8ba8498eda1a84b...
5a8a4064470541d3c5b5c169a9798209.jpg,.jpg,jpg,29.6,559,692,False,False,,,,,,,1fef2cb287ba73ce...
5aa349644d31c7d7c283eebbf9a85948.jpg,.jpg,jpg,22.47,582,692,False,False,,,,,,,c84ca8f5a6f3aa56...
5ad7efa2a26424e640028237ddceb6ea.jpg,.jpg,jpg,18.6,456,652,False,False,,,,,,,96157a1269732a6d...
5b2ecff522352539297074abe9883d71.pdf,.pdf,pdf,594.89,,,False,False,,,,,,1,7f062f230a641769...
5b369bd4ae2661408211dc904f607612.pdf,.pdf,pdf,111.56,,,False,False,,,,,,1,f2285741680f4a09...
5b3c2e4edb2f757d3fe72cce3fc12296.pdf,.pdf,pdf,180.23,,,False,False,,,,,,1,133eb03e3d3b4819...
5b5446297f2a9708ad8c087ba52cd245.pdf,.pdf,pdf,250.14,,,False,False,,,,,,1,6c9eec921469c22f...
5b5cb2f1622e3608127cd600d6f7f6a7.jpg,.jpg,jpg,21.75,554,692,False,False,,,,,,,956755846892e937...
5b7eaa06ce39d3e2a10181140361f752.pdf,.pdf,pdf,212.03,,,False,False,,,,,,1,179da6f683d1ed09...
5ba06a378636b55ae4e40676acf1eb01.jpg,.jpg,jpg,23.6,513,686,False,False,,,,,,,3580238c49726461...
5bba9c5dc284f589e467f017d58c24b5.pdf,.pdf,pdf,391.77,,,False,False,,,,,,2,ff18ccffa161d377...
5bbf545ef76f754d3f0b9356bba65329.jpg,.jpg,png,174.91,230,692,False,False,,,,,,,26e447f194b31977...
5bf1612caae2d7677ee0ded3ec0ee5f0.jpg,.jpg,jpg,21.59,423,567,False,False,,,,,,,3463e81605ce8139...
5c0150a9f090014d62c44a8d590f39bb.pdf,.pdf,pdf,149.91,,,False,False,,,,,,1,12d8c38d05076702...
5c0a461a2864d198e6b381a6fd9d738b.pdf,.pdf,pdf,176.45,,,False,False,,,,,,1,c3734781be17ae66...
5c16b2157999effc653fcd2b98e9beb9.pdf,.pdf,pdf,227.0,,,False,False,,,,,,1,87f72102ed07b78e...
5c248c0026270754f6573fcc32f74b5b.pdf,.pdf,pdf,283.02,,,False,False,,,,,,1,6408cdf9ca72d22b...
5c266d7e16a68b52f532b8c431227e1f.pdf,.pdf,pdf,675.44,,,False,False,,,,,,1,9c17cf0746af926e...
5c34813147ae3c0ba5c5d942140e7080.jpg,.jpg,jpg,32.6,781,692,False,False,,,,,,,57ac5cc3d631395b...
5c681bee527213c22fc454880fc41c4a.pdf,.pdf,pdf,278.54,,,False,False,,,,,,1,0c61433639e544c6...
5c8c1e1b350457ec91aeadb2fa0fa001.pdf,.pdf,pdf,276.48,,,False,False,,,,,,1,52347d7b3205aa68...
5cce0bef58c3bf636144fe48276d207e.png,.png,png,62.21,217,377,False,False,,,,,,,295b2253d7e4bb14...
5cd614ff953c907866869b8bca8fee81.jpg,.jpg,jpg,22.46,513,686,False,False,,,,,,,85f0ee2aa8c9a8ee...
5ce269de8d2d5d4685f9c3b239c86c6b.jpg,.jpg,jpg,36.11,513,686,False,False,,,,,,,f061444ae3004176...
5cede99782735fbaa6eb58391fc0836d.pdf,.pdf,pdf,405.46,,,False,False,,,,,,1,1eafba552c874014...
5cf1dd5b4be45d3e3d133a59a538b7b5.pdf,.pdf,pdf,1532.52,,,False,False,,,,,,1,a3b7968eea71741d...
5cf54f868fbf7e362a6fe338a5f53807.pdf,.pdf,pdf,335.31,,,False,False,,,,,,1,528ae8e96ac6b453...
5d09e0117b6cebe15c94e4ee8aad6a3e.pdf,.pdf,pdf,222.92,,,False,False,,,,,,1,e27a34f07eba8539...
5d723f385ec935cf4cafd8880ec39121.pdf,.pdf,pdf,237.94,,,False,False,,,,,,1,71ba753f7ab8e782...
5d7f788b06ac05c9b79cb2e8bb253285.pdf,.pdf,pdf,1402.01,,,False,False,,,,,,1,653439d74326a8cf...
5da44e4af3647bc236601b9242233650.jpg,.jpg,jpg,18.04,413,531,False,False,,,,,,,f705f439d5a042bc...
5daaaff1c1d0aea382e308a24f5f2443.pdf,.pdf,pdf,188.29,,,False,False,,,,,,1,db038ff8772b2d36...
5dad7eaf15df02139f9849c554b41be4.pdf,.pdf,pdf,422.33,,,False,False,,,,,,1,d0dabf3ed267f764...
5daefa9d8b77bbbecc4f29333c5b8725.pdf,.pdf,pdf,185.94,,,False,False,,,,,,1,3c9c5111205c113e...
5dc8c2bfb06aebdd5b2a9e10c40e80e9.pdf,.pdf,pdf,72.12,,,False,False,,,,,,1,8811b41aadae5eab...
5dd5677290241f0f674d3d594d496206.png,.png,png,952.72,674,877,False,False,,,,,,,5b0792c5f71ac35a...
5df1b6b5e1c4d15fbe76bb6d83398485.jpg,.jpg,jpg,33.62,513,686,False,False,,,,,,,19e4e441e98bb2d7...
5e1250b43307be53593e81a9df44238a.pdf,.pdf,pdf,938.31,,,False,False,,,,,,1,b9f8fb77f453ac8e...
5e1318ee9e23e330d0be6dad42b15ca3.pdf,.pdf,pdf,335.59,,,False,False,,,,,,1,4d095f8a456aff8d...
5e1b56e9d266ed92ed7444a5c5dfec59.jpg,.jpg,jpg,39.39,497,692,False,False,,,,,,,b9ab12e67dd90a4b...
5e291100634d94787a456f88b900d2b5.jpg,.jpg,jpg,26.22,606,692,False,False,,,,,,,1cb34423e2bc2bb9...
5e51be4f85abc3b941781246e6326d70.jpg,.jpg,jpg,9.93,191,440,False,False,,,,,,,2e6b4161393ef246...
5e9e73ab90d2512046bb461c0cc5d79a.pdf,.pdf,pdf,58.64,,,False,False,,,,,,1,4c2273197c7d2a6c...
5eb6aefc820a05e1c0e52d4b63feb865.pdf,.pdf,pdf,232.82,,,False,False,,,,,,2,866f98ad7ae80ee6...
5ed65ee0742cb466361bc05f0a0148bd.jpg,.jpg,jpg,24.22,513,686,False,False,,,,,,,c4fe32c834b8b2c0...
5ef2990017a86e9df842469d546b754f.pdf,.pdf,pdf,232.25,,,False,False,,,,,,1,a7d44663f4525035...
5ef9fa738b49d8537f640329606cb23e.png,.png,png,623.87,560,692,False,False,,,,,,,4ce1059d3a23631f...
5f15463fa2fac39364242b1471ca6302.pdf,.pdf,pdf,451.94,,,False,False,,,,,,1,71715a6c25609faa...
5f1f8c742ccd46773c087776754e6083.pdf,.pdf,pdf,2473.73,,,False,False,,,,,,1,f81da6cb897b3f1e...
5f2220cbd69c0c2b29cb49570009270b.jpg,.jpg,jpg,24.1,584,692,False,False,,,,,,,69aaf14a56215469...
5f2ec7ad95b7afbe8831ff347c7e6f48.pdf,.pdf,pdf,533.24,,,False,False,,,,,,1,6886fb796e2dba75...
5f6ef743788651daf382649997c6355c.pdf,.pdf,pdf,734.01,,,False,False,,,,,,1,d60debff1b6d1e07...
5f7485d9b8987283677dca4b8b898f6f.pdf,.pdf,pdf,673.94,,,False,False,,,,,,1,a2df880dc13a1b4f...
5fa0f7126453452efd8d55e7ce8857f8.pdf,.pdf,pdf,249.97,,,False,False,,,,,,1,546f77555fbfff6f...
5fbfb09bee6779516e4425ad140141bf.jpg,.jpg,jpg,40.18,582,727,False,False,,,,,,,b97135558961ceac...
6004cde65e8b13d50bf0c1f269e90246.jpg,.jpg,jpg,51.53,609,686,False,False,,,,,,,78dec6ff22b0c10f...
601f368821d74df3815873a1453574e6.pdf,.pdf,pdf,130.23,,,False,False,,,,,,1,24d9621fb81d10c2...
6060ebcc62fe598d83311124eb86e06e.jpg,.jpg,jpg,57.56,660,852,False,False,,,,,,,bfb4d858761e25f3...
607143967cb5f7157755a3f36ccf9c86.jpg,.jpg,jpg,19.32,500,691,False,False,,,,,,,78b6a58133a314d0...
6099312bf592236113abdc55c888f52f.jpg,.jpg,jpg,302.82,1198,1440,False,False,,,,,,,7d765890576aeebc...
609f218d2bde91b5a6ebc8ea0e57457d.pdf,.pdf,pdf,406.97,,,False,False,,,,,,1,e7ee1a00b0b1f61c...
60bc0ab3dcb56cdcd6d61eddcd735f91.jpg,.jpg,jpg,11.69,273,429,False,False,,,,,,,9572d826ea3719b2...
60c5e1713908de56c37244460c3e3dc7.pdf,.pdf,pdf,220.47,,,False,False,,,,,,1,bc905d71960460ab...
610e4926d279f9d405f2234bf76d21db.pdf,.pdf,pdf,225.85,,,False,False,,,,,,2,24d304564678ef5e...
611c4bf5980145960f672623df5d4b1a.jpg,.jpg,jpg,28.77,586,692,False,False,,,,,,,4042353898d045f6...
615889286d041b3bccad8619ef96c809.pdf,.pdf,pdf,292.92,,,False,False,,,,,,1,a47eb8cfec9b267b...
616178610152aca8669c5f6897331e28.pdf,.pdf,pdf,77.02,,,False,False,,,,,,1,574723e7c409c6cf...
61b5fc9d4aa89f26e90eed0d86a68025.jpg,.jpg,jpg,17.55,508,692,False,False,,,,,,,991782845e8e4afc...
61c0ac05100e3b1d614695a7fe2e4f58.png,.png,png,313.34,483,692,False,False,,,,,,,12ca12022e3c7bd0...
620d5ea8e32f452362f2bed2341532ca.png,.png,png,1017.03,2308,692,False,False,,,,,,,87b6ed23e571ef34...
6221049459a620e7e2acfb689fb0224c.png,.png,png,576.69,398,838,False,False,,,,,,,6b38f761970d3716...
6235d6fdd9bc24c65a5d6e784284a548.pdf,.pdf,pdf,196.73,,,False,False,,,,,,1,9391189cb3c86d98...
6247651ed9f299842a6d2deb2b05e7ed.pdf,.pdf,pdf,418.95,,,False,False,,,,,,1,5f109d2f3d09c1fa...
625acec5623f3e9e8a0ef7538f370857.pdf,.pdf,pdf,504.36,,,False,False,,,,,,1,f63b41c153066a40...
625f14366ac538ef1885a768fa9c7b52.jpg,.jpg,jpg,31.04,650,692,False,False,,,,,,,b0aee18815841e22...
6274a61dc1c199e67c0cbc8349e6f011.pdf,.pdf,pdf,854.42,,,False,False,,,,,,1,7c1d208ace73aff1...
628dd0afe95150540fcd593cc4708aa7.pdf,.pdf,pdf,262.26,,,False,False,,,,,,1,a13dbe1d2bba3801...
62965fd3dfc295ae293cbb4178e63d40.jpg,.jpg,jpg,315.18,2550,3300,False,False,,,,,,,6998c612ff5d52e5...
62cc3be3b27c97f08dfcf3a65a993b98.png,.png,png,164.72,296,668,False,False,,,,,,,16442ab24a7c1bf0...
62dc448b1f08134b353247847b1c3b43.jpg,.jpg,jpg,49.77,547,686,False,False,,,,,,,a173baacf99b4242...
62efa73d6f14cc77dfefeddd8138803b.jpg,.jpg,jpg,27.57,513,686,False,False,,,,,,,fbf307781c950a1c...
62f8e0cc81d86dec3e1993391b0c72d5.pdf,.pdf,pdf,71.31,,,False,False,,,,,,1,5e78e7b368cafef2...
62ff942ab121a618fef3d7b0002e1914.pdf,.pdf,pdf,253.45,,,False,False,,,,,,1,16e563da0343b138...
6301672715c6992784eea67ac5334c90.jpg,.jpg,jpg,59.83,922,692,False,False,,,,,,,133c5efa9814829c...
630c46b8c86bd87a11668c8b611171ce.pdf,.pdf,pdf,224.93,,,False,False,,,,,,1,d3ae58bc042fa7d7...
63152676b42ec85a83edef3c4afed8a9.jpg,.jpg,jpg,23.09,513,686,False,False,,,,,,,646c85c6d8b28a89...
6351ff5d191f2469c09cdfd9c510e147.pdf,.pdf,pdf,476.39,,,False,False,,,,,,1,507692b5e6f0cbaf...
63778d36df5d84f81251e1ee918fd289.jpg,.jpg,jpg,20.11,514,692,False,False,,,,,,,5995bb362f8aca85...
639e31a4823d3511c544d578fdb0fb67.pdf,.pdf,pdf,246.88,,,False,False,,,,,,1,1b17753a69f26c71...
63a20579aea8db907a52405b3f46b87f.jpg,.jpg,jpg,20.84,513,686,False,False,,,,,,,b03f520433dc9b46...
63a478be5783fb670882ff537df241f8.jpg,.jpg,jpg,29.72,474,692,False,False,,,,,,,0b304ba165feb200...
63d1bbd517b0636f4186cebc12743539.pdf,.pdf,pdf,447.13,,,False,False,,,,,,1,f299e04f5032bf83...
6426c371f0d3515c71b9cc296db533f6.pdf,.pdf,pdf,227.93,,,False,False,,,,,,1,0e706b43ca0b795d...
642f531ee6662ae8e03e0d5e4a991f69.jpg,.jpg,jpg,130.04,1176,1482,False,False,,,,,,,f98d9703a02c9520...
643bd65817bfeee46a77fd4657b51589.pdf,.pdf,pdf,51.08,,,False,False,,,,,,1,781919fb32fc3607...
644ed00ce98f5585b965376ebda1cef4.pdf,.pdf,pdf,110.21,,,False,False,,,,,,1,94e3121cdbdb9f83...
645227b929fe24900610a00c2ec8abd0.pdf,.pdf,pdf,103.86,,,False,False,,,,,,1,4c002aaf6248993b...
645237c424a1dccd4fe13d6dbfc451c3.pdf,.pdf,pdf,331.04,,,False,False,,,,,,1,c67f9bb02111aa77...
6463f7b31aa937e7935a969615b3e4ce.png,.png,png,697.11,935,692,False,False,,,,,,,dccd6d6f8b182332...
648764fe65c805c8807f0cad6a17d36e.jpg,.jpg,jpg,33.24,513,686,False,False,,,,,,,8afc00539ae3075f...
648d256229a5bd566d02b879971b852f.pdf,.pdf,pdf,373.02,,,False,False,,,,,,1,864bcfe49d334759...
64cb3244ef18008887fa51ae11d098f9.jpg,.jpg,jpg,60.9,909,692,False,False,,,,,,,2a1ebf4ae88be0f1...
64e0257bff8c437cd73724af967165b5.jpg,.jpg,jpg,32.99,541,692,False,False,,,,,,,f1604896a44e8e73...
6515d784790f8e14d13f56f5ec7c2ac5.jpg,.jpg,jpg,24.89,528,692,False,False,,,,,,,6b99019c6c496b13...
652071058a5941b03858edac1c790da6.pdf,.pdf,pdf,347.95,,,False,False,,,,,,2,6a72ffa4ae16eb71...
652259986e303fecb7dfdda72da39b0c.pdf,.pdf,pdf,113.77,,,False,False,,,,,,1,b6668c5b723c3991...
6524e7b18c22388c93cc5553af07bcfc.jpg,.jpg,jpg,39.84,426,692,False,False,,,,,,,2c1bf58dc0856b97...
6528d7293d36abe73971c245016efc5c.pdf,.pdf,pdf,182.6,,,False,False,,,,,,2,414796f50a8060f1...
652a75d0ef94577c9c0226cb75046074.jpg,.jpg,jpg,28.82,513,686,False,False,,,,,,,1dfc18c64b776b39...
65459c2579b0d91ab54b088810963199.jpg,.jpg,jpg,23.11,468,612,False,False,,,,,,,d50e2ac85179093e...
654fd1399ffd856a534b756f6dd44227.pdf,.pdf,pdf,445.98,,,False,False,,,,,,1,bb1a7ec334c0b7ae...
6570ada5f1abe4e5e315f16cc4a6fc00.pdf,.pdf,pdf,2156.77,,,False,False,,,,,,1,e7038d8f63bd33d6...
65992e33be8775b6422962d9636efade.pdf,.pdf,pdf,481.6,,,False,False,,,,,,1,5a8ecd12260eaa6e...
65ae90ba55e87109a548bd14306fb9a1.jpg,.jpg,jpg,29.69,513,686,False,False,,,,,,,858079324d73ccb7...
65b886571cacbd11df233b76f23c1b51.pdf,.pdf,pdf,229.42,,,False,False,,,,,,1,b432afe57aa66c2c...
65ee676855d5a216d10a690c7e18389c.jpg,.jpg,jpg,27.56,513,686,False,False,,,,,,,213e6e105ef94398...
6628ff9ff42b2e39774bdb8b79b3a856.pdf,.pdf,pdf,171.04,,,False,False,,,,,,1,ed0c9c48db5dcf89...
6629ccc6815190271c949c30e6e891f4.pdf,.pdf,pdf,132.73,,,False,False,,,,,,1,29bd84b10f81ab96...
6646b6389f9b85df309c4221dab39ecb.png,.png,png,455.41,505,692,False,False,,,,,,,515d1bdec082f7fe...
66567cbfd3057edaaafac2c71f14730b.jpg,.jpg,jpg,20.03,432,567,False,False,,,,,,,ca29a228b4d677f0...
667fc90bd759b00dcdda61e628962dd8.png,.png,png,1305.41,800,1000,False,False,,,,,,,bf426a11426d300e...
6685d2bc56a134129539dcbfc3806713.jpg,.jpg,jpg,43.16,570,722,False,False,,,,,,,e240a60954cd6b3b...
668bac0fdde91986c5c668e8b2810449.pdf,.pdf,pdf,46.6,,,False,False,,,,,,1,35717584b5f95ee2...
66a7782737e009ea7e25f9f64029c74a.pdf,.pdf,pdf,309.93,,,False,False,,,,,,1,72f7491ccdbd1498...
66b1ed549d6b93e89d1b33f49d1a288e.pdf,.pdf,pdf,137.17,,,False,False,,,,,,1,b8a148f196169528...
66b37d689fa6cc7fe39b409abaa9cbaa.pdf,.pdf,pdf,107.77,,,False,False,,,,,,1,d236bca0cb0a2c4b...
66e4baa9bde3755be9a03e2d7456f361.pdf,.pdf,pdf,442.66,,,False,False,,,,,,1,6830acf1327329d4...
66ea983be4174eb89e72c29139bbaa24.jpg,.jpg,jpg,5.31,144,194,False,False,,,,,,,fbdefba3372fe819...
673308f19c9fb674ec370e54fe44c793.jpg,.jpg,jpg,26.77,517,692,False,False,,,,,,,acd4d8698afbf3cd...
67662569e19efe8f83693d357f74e3c5.pdf,.pdf,pdf,401.43,,,False,False,,,,,,1,766a04d519b342c4...
676e246ecb7e39d1721f45665fdd851d.jpg,.jpg,jpg,23.99,490,692,False,False,,,,,,,36925a527054d94b...
6772daf1f641457e8c9bbb98a4c31d71.pdf,.pdf,pdf,311.9,,,False,False,,,,,,1,e4b4276d1be064a2...
67907c399805713091848f605164e90f.jpg,.jpg,jpg,25.09,513,686,False,False,,,,,,,cd3f2be1db209127...
67954851d6f6f83ec38a8221425e7a96.pdf,.pdf,pdf,401.09,,,False,False,,,,,,1,ea8f92d50b7615d7...
6799adc880f81c360d5393e0736b6cbb.pdf,.pdf,pdf,228.88,,,False,False,,,,,,1,30978c68637bf20a...
67ba503408c5c2c3ef15928fc0c9da3b.jpg,.jpg,jpg,40.52,488,692,False,False,,,,,,,0783759a525510e3...
67dfea5adfde7ce90b76de36e7c642d2.jpg,.jpg,jpg,33.11,515,691,False,False,,,,,,,beaea3a1aaf9c5e1...
67e032b65c6dc64f9511973abebafb84.jpg,.jpg,jpg,251.42,1447,1751,False,False,,,,,,,77c5bb3a12949712...
67f061033e8fd4a60aed1a27f1e8edfb.pdf,.pdf,pdf,441.43,,,False,False,,,,,,1,29d7e8917fd85250...
68296c5db5be59969f7a0163ae610ee4.pdf,.pdf,pdf,205.24,,,False,False,,,,,,1,fcef1836ff3e8e45...
683e6ebf3338ba8e63f06f1a96f07050.pdf,.pdf,pdf,224.16,,,False,False,,,,,,1,922d352984ce503d...
68403473e5f9fb450cfc146894a3410b.jpg,.jpg,jpg,16.35,517,686,False,False,,,,,,,cde9913178cd05f9...
684477b30d6ad1857002ff862808ab9b.jpg,.jpg,jpg,35.67,565,692,False,False,,,,,,,3ccc317de9c922df...
6862d65170d43b6f0258fc40186426e4.jpg,.jpg,jpg,130.79,2696,692,False,False,,,,,,,94204b16d52c925e...
6863d5a9a5dcab4248e795cdaf3cbdfd.pdf,.pdf,pdf,1015.93,,,False,False,,,,,,1,c3a56165a3798a2c...
6864c7c38809fb8927da76054a2eed34.pdf,.pdf,pdf,307.11,,,False,False,,,,,,1,56b8ed0d74770c56...
687ddc43d030b9ceef37878e8b7a364e.jpeg,.jpeg,jpg,61.14,551,754,False,False,,,,,,,0cda7e2ef8b27d09...
688eb4fe5a2adb3cc7007e54d8fdd007.pdf,.pdf,pdf,304.14,,,False,False,,,,,,1,d812c0d2e804510a...
689756bb53d48d89626504fa0f58ccb5.jpg,.jpg,jpg,413.79,600,944,False,False,,,,,,,eb264349d6037df2...
689fa71502af8f5f3402204ec0445fab.jpg,.jpg,jpg,13.31,350,494,False,False,,,,,,,1d972db04106b20b...
68a77860733ab28ee9d156ffef0b4ac9.pdf,.pdf,pdf,239.0,,,False,False,,,,,,1,1fe7fc9181a74da3...
68d8fcadf9be6b7e240fdbae075c29c5.jpg,.jpg,jpg,18.82,394,484,False,False,,,,,,,79a2102ccc41f9cd...
68e92ab2282f1e1bbdc9e8da60aba6ff.pdf,.pdf,pdf,264.03,,,False,False,,,,,,1,1fa8e675665d36db...
68f0d5a83d9b2cd87c7a2a481ce3d048.jpg,.jpg,jpg,56.43,530,692,False,False,,,,,,,f857d3dffcb625e5...
69278fb8060a55e0ca5f93b39d5d8310.jpg,.jpg,jpg,39.77,539,692,False,False,,,,,,,d09edd9a3101a952...
699303e276a09e36dec4cd5e8862a789.jpg,.jpg,jpg,22.0,529,692,False,False,,,,,,,f28436770e6f4df9...
699b4334a677a52beeacea0f8498888a.jpg,.jpg,jpg,791.28,1336,1689,False,False,,,,,,,bcd0ff0e34502934...
69a732b273e5599ad3271200ed4d8891.pdf,.pdf,pdf,243.31,,,False,False,,,,,,1,35ebc4628a7dd4f8...
69c112592eef80432f3c19e12099ccc5.jpg,.jpg,jpg,1856.03,2881,2252,False,False,,,,,,,6872e550481b065d...
69dc5d6e66ecad7083a9ad7d7c3c5430.pdf,.pdf,pdf,144.87,,,False,False,,,,,,1,c97d19d770112575...
69dcdd4db56e6b6cdbe6c722ff313874.pdf,.pdf,pdf,154.22,,,False,False,,,,,,1,6825a5c51d4b7fc1...
69eac356e1104fc403adff83b5f120d4.jpg,.jpg,jpg,39.78,505,686,False,False,,,,,,,4fb052f269d71c71...
69eb52f659611b162cd5bf222db19fde.pdf,.pdf,pdf,322.68,,,False,False,,,,,,1,3ce52d2d8ea20d34...
69f13fcf548cab07ca981b577cf0be0f.jpg,.jpg,jpg,25.68,513,686,False,False,,,,,,,49d17810caa7b930...
69f954a54b74d5aebf499f932e1bdfa7.pdf,.pdf,pdf,118.61,,,False,False,,,,,,1,1b61dafc9714693c...
6a191c80b3faceaf1d523cdf8799806a.jpg,.jpg,jpg,26.76,513,686,False,False,,,,,,,b253af898ad15ae5...
6a23b665b7063d860b7b319488383289.pdf,.pdf,pdf,91.81,,,False,False,,,,,,1,43a99fc1d7446de7...
6a3bce2878e977a89dc8cb8a6e3e03d5.pdf,.pdf,pdf,1088.0,,,False,False,,,,,,1,a2f5988f3d58ce3e...
6a42b75ae4bac97b9f5e6aa8c728713e.jpg,.jpg,jpg,37.4,592,674,False,False,,,,,,,393f3ea9ffcd74d6...
6a493b3b8bcf2c34dc2d3fe0025344fd.pdf,.pdf,pdf,340.75,,,False,False,,,,,,1,44a4687d28405bc7...
6a4aa738560e3a4d1a79aa454f99cc50.pdf,.pdf,pdf,285.28,,,False,False,,,,,,1,6643f7dd20030fe4...
6aa954abbc5fb639069614a6b43d0b59.jpg,.jpg,jpg,47.64,473,1039,False,False,,,,,,,b314e446ff5b7464...
6ab09bac7a88c8690d7b5684829ad145.jpg,.jpg,jpg,26.82,548,692,False,False,,,,,,,d0cae07f4d13611c...
6acf921dfaaef3e00149714a2d0557cd.pdf,.pdf,pdf,366.61,,,False,False,,,,,,1,b9b83d972ba65345...
6aea79e793dbc55e672d10405ebe87bb.jpg,.jpg,jpg,32.74,578,692,False,False,,,,,,,6681ac088e693af9...
6af2ff48648d96c0a6c0c4e1e0cbe417.pdf,.pdf,pdf,314.55,,,False,False,,,,,,2,77d9aae19be7da21...
6b050d0e55bcb5134dbe558e62ccaca0.jpg,.jpg,jpg,183.87,572,710,False,False,,,,,,,de3036608ec3ec4f...
6b0d99a27b22096b487ce1308fa186c5.pdf,.pdf,pdf,241.11,,,False,False,,,,,,1,62d86d94d53bf2f3...
6b1ab44e964e8e86ca7c72f800637047.pdf,.pdf,pdf,321.56,,,False,False,,,,,,1,9c97bde8ba566034...
6b21e924496a3541b11ad16ab18f6d48.jpg,.jpg,jpg,25.8,518,686,False,False,,,,,,,6dc80c3ec3a265f0...
6b39843a31c2d11497780105b31756b5.pdf,.pdf,pdf,475.63,,,False,False,,,,,,1,0bd84c8b0c6950d3...
6b760cd891dfd23dadb96f2425f253bb.jpg,.jpg,jpg,29.84,513,686,False,False,,,,,,,b2b00730edd1c87f...
6b84b5576395ad7c5f046d3f6cc4ca1d.pdf,.pdf,pdf,234.47,,,False,False,,,,,,1,30ae1b3ddb2650d7...
6b93340e19190634e947bf484fb6fa20.jpg,.jpg,jpg,22.52,513,686,False,False,,,,,,,b01f5167ebd8bd12...
6ba1a985effa65a7ca6960f7f0c6cfb1.pdf,.pdf,pdf,149.28,,,False,False,,,,,,1,0913a25cdf76227a...
6bb08ad67b2d9b26eb6110ddfe8808d1.jpg,.jpg,jpg,525.03,1532,1899,False,False,,,,,,,7c0ad2a1062fa50d...
6bccd55db89b451518630fa64bbf4d0f.pdf,.pdf,pdf,447.68,,,False,False,,,,,,1,872f56c138742906...
6bea0dc51042aa25359e209b806f2bd1.jpg,.jpg,jpg,27.09,530,692,False,False,,,,,,,e4f1f02415225edf...
6c049d92771d61d9d3d47950c2b2c1b8.pdf,.pdf,pdf,273.95,,,False,False,,,,,,1,0b92455cbaf85fcd...
6c1953953d79426ded811597718f7c68.jpg,.jpg,jpg,28.13,631,692,False,False,,,,,,,b7621195d176b442...
6c1b835d0b00a640da314a726bc04093.jpg,.jpg,jpg,40.44,771,692,False,False,,,,,,,4994a0898f945ca4...
6c26fe76162bd9c0ff15308a74c6336d.jpg,.jpg,jpg,97.2,1312,692,False,False,,,,,,,95262b982ddd7906...
6c2fa84edecff6abeb21a6c3f1994a81.pdf,.pdf,pdf,237.54,,,False,False,,,,,,1,619992d4b7286d8f...
6c51090185056903c0414c3f181942b1.pdf,.pdf,pdf,336.19,,,False,False,,,,,,1,3b751190979d3892...
6c7ba0626f8481f189bab6f7e29c0004.jpg,.jpg,jpg,22.62,447,692,False,False,,,,,,,7182fa6d2b6e90bb...
6ca604ba98934aead42f49339dd1fd0b.pdf,.pdf,pdf,192.82,,,False,False,,,,,,1,ccd024b2eb840871...
6cec7fecc4d3c3c676dd796fea048cca.pdf,.pdf,pdf,256.56,,,False,False,,,,,,1,7168e76992ab9eee...
6cef0fa58f448bc9e95d9bb6b1bcc4f7.jpg,.jpg,jpg,89.7,677,692,False,False,,,,,,,89510a078d8e0805...
6cf8d356b44698c30b24ae1426ae969b.jpg,.jpg,jpg,31.66,513,686,False,False,,,,,,,3962126bccc3556e...
6d096d3c7b64f59ae2241f766f430b23.pdf,.pdf,pdf,333.11,,,False,False,,,,,,1,b1c5105444c6ea62...
6d0cc884d72c87061ecdf719f1f2d09c.pdf,.pdf,pdf,513.95,,,False,False,,,,,,1,cd446fb222396f6b...
6d2c1013f02398fac9dc617413ac4fae.jpg,.jpg,jpg,33.83,563,692,False,False,,,,,,,ba815f4f16ebf526...
6d479d6a2cdd951d03dda5207928fa3c.pdf,.pdf,pdf,584.88,,,False,False,,,,,,1,9c321ddd7b311985...
6d537281c617f56546ce1bd2b097115e.pdf,.pdf,pdf,141.6,,,False,False,,,,,,1,dba378bcbe1e0c92...
6d67b192e0f64ef452fe232c8ebc1236.pdf,.pdf,pdf,226.57,,,False,False,,,,,,1,98dcb4fd1124221c...
6d67d0505b0ef43512d7e025b9033eb0.pdf,.pdf,pdf,213.56,,,False,False,,,,,,1,14c8fe5b58c83292...
6d8ee4225f1e6ae9d58c5fcb03e1dc69.jpg,.jpg,jpg,1401.67,1418,1920,False,False,,,,,,,b14f14918c7c8183...
6d8ff3b83c3c0f2069eadfe151dfddba.pdf,.pdf,pdf,148.67,,,False,False,,,,,,1,f65a36cc292a78e0...
6d97eb5fc3e15cb6c3db5b2bb29fac92.pdf,.pdf,pdf,303.54,,,False,False,,,,,,2,93ab8177a89a375d...
6dd315a3f03a2ae8f2d9f711766f8682.pdf,.pdf,pdf,346.47,,,False,False,,,,,,1,683cafd68f1e5206...
6dd54c8db5557855290db0cca36861b6.pdf,.pdf,pdf,260.76,,,False,False,,,,,,1,467f2ee6b7ca68c4...
6ddc3cebf6eb997b9ce019913a76562a.jpg,.jpg,jpg,18.69,530,692,False,False,,,,,,,ad5d53473399e4b9...
6deeba689f40496d659948dd2d28d723.jpg,.jpg,jpg,4603.07,1200,1633,False,False,,,,,,,73e37e1390c032b1...
6df043629f9769faab39d616a8399a01.jpg,.jpg,jpg,33.81,387,531,False,False,,,,,,,6156efa7ea923e2f...
6e1eae860836bc00fb1845f27c1a3ce5.jpeg,.jpeg,jpg,26.3,510,686,False,False,,,,,,,8246402250ae1749...
6e532e14d0865c55aa2b1a89f808faca.pdf,.pdf,pdf,258.63,,,False,False,,,,,,1,524af9469728479e...
6e679d8dc501cf477696e81c601539f1.pdf,.pdf,pdf,246.92,,,False,False,,,,,,1,19b9a98ee7914636...
6ec98d3c1206128d893ea2608651c098.jpg,.jpg,jpg,25.24,513,686,False,False,,,,,,,0ea14a9a519aba1b...
6ee3a690a7077a054d2e0c8d00433bb2.pdf,.pdf,pdf,214.86,,,False,False,,,,,,1,17cc9c9626eb2ed9...
6ef7b898dc387b088209ab52894ae50b.pdf,.pdf,pdf,464.04,,,False,False,,,,,,1,bc71b67d3e828a0d...
6f0782ab2d831c94441919fb79efbd0c.jpg,.jpg,jpg,28.48,513,686,False,False,,,,,,,40ce3429d5023544...
6f21a0e91040f41de35cb423896faa1f.pdf,.pdf,pdf,566.22,,,False,False,,,,,,2,6e6326a18a415386...
6f2f00920277eb4322ba7f23429154d0.jpg,.jpg,jpg,3009.52,2533,1437,False,False,,,,,,,09524875a7eded9b...
6f87648e6db9a2019ded0e5fbc2759fa.jpg,.jpg,jpg,28.18,579,692,False,False,,,,,,,590a980019dcb3ca...
6f9020dd5aa04ebea07ad49d08c80ca7.pdf,.pdf,pdf,75.9,,,False,False,,,,,,1,0a2d1264d5c46025...
6f92db314d3fc21eccd2a7669f2eda39.pdf,.pdf,pdf,246.18,,,False,False,,,,,,1,8776d197641756ea...
6f96f59442f85a7330f58ebaf718b80f.pdf,.pdf,pdf,255.96,,,False,False,,,,,,1,9860289913f94bf2...
6fa024a60d0b0891307ab20af73cbd9d.pdf,.pdf,pdf,1866.06,,,False,False,,,,,,1,1c92e9336365dd66...
6fb2796e1540a8b467235e3955bef2fc.jpg,.jpg,jpg,112.19,1690,692,False,False,,,,,,,b8853aa2c9837eb2...
6fb581d39c0bd73a29b645bfc0a0eac6.jpg,.jpg,jpg,2098.91,1920,2525,False,False,,,,,,,31b05801caccf7f8...
6fbc7e67af6dc46a1adc51441e2084c9.jpg,.jpg,jpg,51.34,1250,692,False,False,,,,,,,f49e0ee4ddec6518...
6fbe39389780165228a58944bf18ced8.pdf,.pdf,pdf,245.1,,,False,False,,,,,,1,2c182728373dc01f...
6fc3114d14f764d03bed6720e8bc61e6.jpg,.jpg,jpg,21.73,513,686,False,False,,,,,,,3dc5a0d50971af37...
6ffc44fe82270af715393783af8e8898.pdf,.pdf,pdf,178.09,,,False,False,,,,,,2,2193e6abc37bf98f...
70225100e69d337f9c4991cab8ab8bd0.pdf,.pdf,pdf,229.78,,,False,False,,,,,,1,24f0ac7b754607df...
70469ae3ed5ff61e4bc07ca777ce9975.jpg,.jpg,jpg,9.92,282,348,False,False,,,,,,,b22228dceb007bad...
7062fea77465c57c685fcf91e5373f62.jpg,.jpg,jpg,64.16,880,692,False,False,,,,,,,723db9469627a22b...
70883ec24cd6507fb2fb658f65edc0b3.jpg,.jpg,jpg,18.13,513,686,False,False,,,,,,,a497bf73cea4aaad...
7089270946608e7211cdea85d3d62fea.png,.png,png,305.31,459,702,False,False,,,,,,,8b992fc235b0e184...
7095bfafc42afc91551a839ecb0f3e6a.pdf,.pdf,pdf,1785.09,,,False,False,,,,,,1,c62b64e6718161e8...
70aae508561d9ec9b26bcbf27ee17d0b.jpg,.jpg,jpg,28.29,513,686,False,False,,,,,,,b9b9f48ace9283a9...
70b4234cdd1c7c4f659e67a5e0695f70.png,.png,png,373.73,520,692,False,False,,,,,,,f5944e06b6fdbf14...
70ca858a341b7b11b9780b0c42ab7070.pdf,.pdf,pdf,400.55,,,False,False,,,,,,1,ca499a1022d26aae...
70f222af160343c818127aa9dd8fb24d.jpg,.jpg,jpg,82.16,2450,692,False,False,,,,,,,160776fc40ef8752...
70f5bbbc765325a42156706e64e80f9c.jpg,.jpg,jpg,18.53,513,686,False,False,,,,,,,52bc34ea60d5d5b0...
71035d282f8ddebf3cbf523de5cecab8.pdf,.pdf,pdf,442.9,,,False,False,,,,,,1,db8d43c625d75ea7...
711ad8a697e070886bed2c22009c857e.jpg,.jpg,jpg,24.5,400,500,False,False,,,,,,,ad47e7f055ecbf88...
712992144ea0ae7ff1f508c94f7e5bdd.jpg,.jpg,jpg,751.98,1964,2272,False,False,,,,,,,017bac93132a7735...
7135aba44f0a1e073ed008ba14a5d417.pdf,.pdf,pdf,752.7,,,False,False,,,,,,1,31fde1f15801bc07...
714bc9929a27e2025d305e5b9f52300e.jpg,.jpg,jpg,17.18,396,496,False,False,,,,,,,1c7c3410768a9c10...
714f9f1d83067d0327161d5f899a1f64.jpg,.jpg,jpg,17.71,505,692,False,False,,,,,,,4f0ff575f98fe45d...
716c528f8486f241cb491ddde457b00b.pdf,.pdf,pdf,356.23,,,False,False,,,,,,1,99a83e9a378abc66...
719d16b3af744266f96f0d3e7c5e28ce.jpg,.jpg,jpg,27.32,513,686,False,False,,,,,,,7171d7a266dbbe75...
719d47c3067b4627cb790ce39c333352.pdf,.pdf,pdf,244.44,,,False,False,,,,,,1,7e83aa250df56bfe...
71a303d87834952b4c0fcfc6e5c78716.jpg,.jpg,jpg,35.16,692,692,False,False,,,,,,,990e779e8f20259f...
71ac1603fc0a09e60348d7773504eddd.jpg,.jpg,jpg,24.84,513,686,False,False,,,,,,,090960125ea99f30...
71adf46279af8f5ec1ab1cdd45fc8f5d.jpg,.jpg,jpg,33.9,470,692,False,False,,,,,,,40039ceaa3a526a0...
71d56e91a45390ea1f24989281bd4027.pdf,.pdf,pdf,127.31,,,False,False,,,,,,1,9698cc112291ef1c...
71f8aade6b0f3592b882c22624448d57.pdf,.pdf,pdf,332.5,,,False,False,,,,,,1,7ad45b98511b20f4...
71fb9247c339f19bcc9e796c8d13fc69.jpg,.jpg,jpg,23.61,377,692,False,False,,,,,,,fe6d7a40a6194c10...
721b3963406e587766fb26a6a8114967.pdf,.pdf,pdf,155.85,,,False,False,,,,,,1,841893725c654ba5...
72321c548e85241da73960c6afdf44d1.pdf,.pdf,pdf,192.64,,,False,False,,,,,,1,531482bb0ab46371...
723f11b729a1bc243935ec18a3caafb9.png,.png,png,333.13,500,692,False,False,,,,,,,6d0382a852958770...
724489de8165d4783643ee7c7a24879b.pdf,.pdf,pdf,137.72,,,False,False,,,,,,1,09aa17e72ef5d32a...
725a0f59a70a3e9c20084b302c59d366.png,.png,png,306.03,510,692,False,False,,,,,,,0612f4ad89e48141...
726fe4c9293f84162918eed02175f11e.jpg,.jpg,jpg,78.23,514,1012,False,False,,,,,,,b5cd72a7f67e07a7...
72786ca0572b21456440fc7e6eb4952f.jpg,.jpg,jpg,44.65,570,762,False,False,,,,,,,1955d99223f71c7b...
72836d00c8e40050a6c69f7cafadba8a.pdf,.pdf,pdf,1190.47,,,False,False,,,,,,1,697db4431c0d2253...
7288214f4873e7b7aaad2d8889b383c7.pdf,.pdf,pdf,240.94,,,False,False,,,,,,1,81bc060035a8d69b...
728e72d5b765c29e28a40460a211fcea.jpg,.jpg,jpg,280.88,1027,1605,False,False,,,,,,,b3685bf47179ba50...
7290319e1d3d5c5ea59723502a661c2b.pdf,.pdf,pdf,97.61,,,False,False,,,,,,1,928028e62ef32f43...
72932c6e775de96a6e86b2b31ea53ac9.jpg,.jpg,jpg,19.92,432,640,False,False,,,,,,,d8c8b81b56db6e91...
72935f95cf247aaa0d1f2dd7acc91364.png,.png,png,373.24,808,692,False,False,,,,,,,3b7d40f1a11c6c47...
72ab6f376e3fa0c93d33f40c69874092.jpg,.jpg,jpg,24.19,504,692,False,False,,,,,,,bf36f8fee8820edc...
72abaca91a16eab613b808a0a636cd1d.jpg,.jpg,jpg,27.09,513,686,False,False,,,,,,,a525907a137d2382...
72cd2b80ea9b4d1497f1c73fc646ea10.jpg,.jpg,jpg,31.28,696,692,False,False,,,,,,,f18784ab0ffa9f6a...
72d4e44bd9bca628e4aaab44735f95cc.pdf,.pdf,pdf,66.09,,,False,False,,,,,,1,f1fb14b093dd127a...
72d969fd903abb33c1bb8cfabe8ea412.jpg,.jpg,jpg,62.74,558,686,False,False,,,,,,,e47c0a392c45536e...
72e32958a04b2659637db86bbef3d288.pdf,.pdf,pdf,210.08,,,False,False,,,,,,1,959533b06873879d...
73281aca21a3c97eb0884fdfce374c26.pdf,.pdf,pdf,291.84,,,False,False,,,,,,2,42e5aedf3499fd5e...
733917963f10a2f4d7121eb10ac07f11.pdf,.pdf,pdf,136.09,,,False,False,,,,,,1,dd76e1062703512f...
73448339f5f3fa0435f64d7fcca6dd43.jpg,.jpg,jpg,34.99,513,686,False,False,,,,,,,ff430ccbf8b5bf8f...
7357875f056017674b6827c6c3d02bf6.pdf,.pdf,pdf,472.25,,,False,False,,,,,,1,eeace0b044ce5738...
735b2aab535a562d0ec21cfa0566db99.pdf,.pdf,pdf,324.68,,,False,False,,,,,,1,1014198c57fddeda...
73889c47083b3c3af7c5ae1d949cf30f.pdf,.pdf,pdf,317.76,,,False,False,,,,,,1,302d147f625a5bcf...
738aa1df57fb035493fc5963ac4c7439.pdf,.pdf,pdf,234.06,,,False,False,,,,,,1,4d514656be681bc2...
738ea7d7b707f30745b981c0e63259c6.jpg,.jpg,jpg,26.96,507,692,False,False,,,,,,,301be15c37e61833...
73913a7156055ad406463a8d3cd977f0.pdf,.pdf,pdf,163.55,,,False,False,,,,,,1,1a0bb82e476d248c...
7397f94cbcf2df742f0ff8298886d80f.jpg,.jpg,jpg,21.26,513,686,False,False,,,,,,,526978e162c0b37b...
73a0d6129f00ec0eeaca8c9687f35ab4.pdf,.pdf,pdf,327.56,,,False,False,,,,,,1,31c501448bd1991d...
73f169c7c9be5065706d0694ab8df9f8.jpg,.jpg,jpg,28.84,554,686,False,False,,,,,,,5173526593a3afbb...
73f7bac5a308dbe4a1d6339c4ecd15fc.jpg,.jpg,jpg,20.35,534,692,False,False,,,,,,,0c4910b6b8ba06bc...
740f402d890c6006ef68ee9b30f4d845.png,.png,png,348.28,632,692,False,False,,,,,,,379012a945fff4ac...
740fde9c3902c905e1f430bc054b6511.jpg,.jpg,jpg,37.68,1098,692,False,False,,,,,,,03d5bce0321f14ba...
7414810cfc59eddaf70cc0858f51af0e.png,.png,png,297.53,519,692,False,False,,,,,,,f190f3d294a4570a...
742715e49c23504c053140d4ab292575.jpg,.jpg,jpg,24.86,554,692,False,False,,,,,,,928cecae80f02d07...
743f792f418dc557a3e3861ec953c29d.jpg,.jpg,jpg,26.09,658,692,False,False,,,,,,,b8367bb35d1bc156...
747c0b36d13fe48084ba2969c2764dab.jpg,.jpg,jpg,37.15,542,686,False,False,,,,,,,45256bf0db929e0d...
74816353d688a157cd7f6c411e1dd54d.jpg,.jpg,jpg,60.12,596,700,False,False,,,,,,,6ea5ade1bb042f6b...
749fc41b1c5fc2e4ad763ec817538e94.pdf,.pdf,pdf,175.5,,,False,False,,,,,,1,ab596361f7d49696...
74cc24c77f6574c478c2bc146ee412d2.pdf,.pdf,pdf,133.34,,,False,False,,,,,,1,cfad3b29e3756bea...
74f2893e364796733162ecd5410f6638.pdf,.pdf,pdf,112.91,,,False,False,,,,,,1,673f3a96a2490556...
74f8ffb8bada8ab3281da419d5b92aba.pdf,.pdf,pdf,678.09,,,False,False,,,,,,1,1dab06e2ee5b2427...
754f25cd420c0757f2cd9573f77b96e9.pdf,.pdf,pdf,294.61,,,False,False,,,,,,1,40a36273fb0d9cb7...
754f7d94fe0206f60c007dd1659b89c2.pdf,.pdf,pdf,177.51,,,False,False,,,,,,1,de02056ee68c7cd0...
7550cc74ff28a3b6845a43afcff985b7.png,.png,png,968.55,1482,692,False,False,,,,,,,caa838bdf9cbb953...
75941cbac30b43588a501e1194b0be5d.pdf,.pdf,pdf,298.02,,,False,False,,,,,,2,1f34e9c76dc65f92...
75a7b0454720d39cd76e1e7ec5169d01.jpg,.jpg,jpg,20.6,547,686,False,False,,,,,,,0136211dc24c621b...
75ca17bb9c65457e77155da37b586566.pdf,.pdf,pdf,303.9,,,False,False,,,,,,1,5db06363676ff7ba...
7602aa264994922dc6d1bb759aa8a00b.jpg,.jpg,jpg,29.9,408,686,False,False,,,,,,,60d97fea32a330ed...
76693eedeb6bb05ded75aa855b99955c.jpg,.jpg,jpg,41.96,580,692,False,False,,,,,,,1cedf66907ca6fbf...
766bba10e72948d206cb8cc76ed84534.jpg,.jpg,jpg,151.49,468,700,False,False,,,,,,,ba0f150a953c316c...
767c41c4cdc2ac5e846a38039fd3f5ba.jpg,.jpg,jpg,24.7,513,686,False,False,,,,,,,9d5b061426455577...
76b818b87943f0597a382a9335699ab0.jpg,.jpg,jpg,32.32,513,692,False,False,,,,,,,cb4ba8948b463730...
76cbcdc03b252b638ebccf632875105c.png,.png,png,460.81,748,730,False,False,,,,,,,0c70f6801a244f73...
76d0a5c10eeba4ef6b52347a5604e9a4.jpg,.jpg,jpg,10.98,513,686,False,False,,,,,,,ba9278837e111394...
76f0799d29084a9189352a904f292a15.pdf,.pdf,pdf,153.43,,,False,False,,,,,,1,f6137299d5525449...
76f3c3f28751488eb1d653dbbd66c6c3.pdf,.pdf,pdf,301.42,,,False,False,,,,,,1,875c4172c3ebf5cd...
76f6dc8c280e38d88823646c7236412a.pdf,.pdf,pdf,53.15,,,False,False,,,,,,1,0892e438b41e2d3f...
76fdebd61621e47f79c293285e992732.jpg,.jpg,jpg,26.6,513,686,False,False,,,,,,,6a217917d42c0946...
770f88cb4de32725d086ba0c5a3952d8.pdf,.pdf,pdf,1616.73,,,False,False,,,,,,1,b69ca35232372492...
773eede080b048068a3e05f22fcb6a19.pdf,.pdf,pdf,367.52,,,False,False,,,,,,1,19578436537076ea...
77477163eeed35940be19c600254f58b.jpg,.jpg,jpg,76.74,950,692,False,False,,,,,,,c8a0dd7cc151375b...
77490c13dafa73a29c8b36a8d53574a2.pdf,.pdf,pdf,62.56,,,False,False,,,,,,1,9de385c05cc2dffb...
776553876da5c6ab83925be5cfd62656.pdf,.pdf,pdf,350.68,,,False,False,,,,,,1,110021e7ea7d6ad7...
7773529122a568addf60fdae2480cc3b.jpg,.jpg,jpg,16.81,383,474,False,False,,,,,,,c04164dd63ce874d...
778dd029e46b00304985ec37ece10ada.pdf,.pdf,pdf,50.58,,,False,False,,,,,,1,7c406ae72d1aef05...
778f8de5ab723a4ccb77faab16fe79c9.jpg,.jpg,jpg,80.71,798,692,False,False,,,,,,,7bc3d7332d1d1e2f...
779a86c916c582ee3b462b2dea1ce819.pdf,.pdf,pdf,220.94,,,False,False,,,,,,1,76292d5d7dbee1cd...
77a52d501ebec48cef2835cd37104c93.pdf,.pdf,pdf,275.27,,,False,False,,,,,,1,81e062d085e56d60...
77b306295d1371baed91ce6f45dc422e.pdf,.pdf,pdf,315.91,,,False,False,,,,,,1,80422c97ecc1d3a7...
781fe09211e09ea8a815228e75a75b63.pdf,.pdf,pdf,226.5,,,False,False,,,,,,1,52aafb46c24b89c2...
783bc7344b572071e3c319d9f6ea393f.png,.png,png,436.27,527,692,False,False,,,,,,,42ea8f3d313a8010...
783d74082403d33ad6ad02760f9ad12f.jpg,.jpg,jpg,22.36,513,686,False,False,,,,,,,4e7565906e804a71...
7840966081c9f99e5336a07cf5cc73ed.pdf,.pdf,pdf,270.9,,,False,False,,,,,,1,c50efa0a39e85c0c...
785bfa55c38ee47cc791d15c10e3a3ee.png,.png,png,222.9,594,686,False,False,,,,,,,627837817641b93a...
786bc807911e48b833d0e0ca97e12fa0.jpg,.jpg,jpg,32.2,662,692,False,False,,,,,,,a58ac0e3418c8e6f...
78876a96efbb479972565bda080aaf1d.pdf,.pdf,pdf,180.61,,,False,False,,,,,,2,e67ba56ca1c90c2f...
789b676c4a978329351d45cc523dc694.jpg,.jpg,jpg,43.24,848,692,False,False,,,,,,,c9db253a14a718c6...
78c8c4ca0a19deba99f88ba3f5de8ebd.pdf,.pdf,pdf,63.35,,,False,False,,,,,,1,b18a19ee2d395db8...
78da79d993f5a060eec87900d61b30cc.pdf,.pdf,pdf,419.32,,,False,False,,,,,,1,21f6a9bc788501f9...
78ec57a1840ca25761f95b5150ac4df4.jpg,.jpg,jpg,20.01,572,692,False,False,,,,,,,627a51be468e3241...
7933a086217de5772c2529fb3c4e31ca.pdf,.pdf,pdf,645.23,,,False,False,,,,,,1,77c4a926b2195050...
793415f12175e2867282f0ff0f296b9c.jpg,.jpg,jpg,23.96,415,692,False,False,,,,,,,0068f8a1e2974bb5...
79458880b19898126f58a4c8c1169d59.pdf,.pdf,pdf,235.72,,,False,False,,,,,,1,a6807022b8ae2cbe...
795ce1fc167d3d53066723a8cf7a457b.jpg,.jpg,jpg,26.33,513,686,False,False,,,,,,,353e4204d7267485...
796d93108ea6d9b8366e2fee91cce3d6.pdf,.pdf,pdf,665.77,,,False,False,,,,,,2,31bd3034b36f9300...
797609ef72e6f3b06cc710d1709aa985.jpg,.jpg,jpg,24.36,360,636,False,False,,,,,,,4741d96f496eef13...
79ef778e86a06831fc297e6a49972e1c.pdf,.pdf,pdf,257.24,,,False,False,,,,,,1,8844a17c52d0c81f...
79fb35bd96d550b687c5ab456780710d.jpg,.jpg,jpg,23.5,504,691,False,False,,,,,,,c5d6e8860687d41f...
79fd7e44ee96b5b5411fe6b09e09ec20.pdf,.pdf,pdf,295.35,,,False,False,,,,,,1,4e524fa681894c08...
7a2253401e834748882ef781226b7b26.jpg,.jpg,jpg,25.69,459,692,False,False,,,,,,,a96eeea59b2c84dd...
7a4619b2be81c6a011d11c2d704929f3.pdf,.pdf,pdf,72.12,,,False,False,,,,,,1,63c12c697841e8f5...
7a520779867433c022124937d4bf4dda.jpg,.jpg,jpg,23.8,517,692,False,False,,,,,,,be34c71540bac754...
7a525e8962b05f72e7db635001ecf56f.pdf,.pdf,pdf,154.58,,,False,False,,,,,,1,07e3ee44b32cb3bf...
7a5daf406788aae98e2b7e401608d3ba.pdf,.pdf,pdf,288.08,,,False,False,,,,,,1,6f401e69f2198646...
7a6ca19f005deb688f1a98835da94ca7.pdf,.pdf,pdf,182.31,,,False,False,,,,,,1,7b7d9710d9c47d90...
7a6ef1f9ea27b72b38bedcc52e6eb6fb.pdf,.pdf,pdf,165.87,,,False,False,,,,,,1,b883235201e03d37...
7a78612e89d4fa2e439a47e87a1833ff.jpg,.jpg,jpg,19.04,488,686,False,False,,,,,,,9b7c86876dfbd7b7...
7a78eace185794a0b3bfeef69ee0c4be.pdf,.pdf,pdf,1940.47,,,False,False,,,,,,1,98daf68d477bddcf...
7a9fd627ae0d9edbfaad997318b73c99.jpg,.jpg,jpg,35.2,468,692,False,False,,,,,,,844facf1102cdec6...
7ab08e6f62552e1aade34e8abb597894.pdf,.pdf,pdf,185.09,,,False,False,,,,,,1,2716c6bbfcc02e1a...
7ad81cc307ae40d18e9bb8c8b8989a9d.jpg,.jpg,jpg,50.03,1450,686,False,False,,,,,,,a6a8efd71a7dbfdd...
7adb57393ccc98aa486a60f23155e36e.pdf,.pdf,pdf,534.6,,,False,False,,,,,,1,94076aca36020df6...
7ae6dc9f7676bc4232b8668ec5740b6a.pdf,.pdf,pdf,227.07,,,False,False,,,,,,1,b3caebb99670bb4b...
7af404f56216dcc91527a89484e32d8f.pdf,.pdf,pdf,586.87,,,False,False,,,,,,1,a15ef8cdfb38eb85...
7b1b49b06d35e8bb98e60545f0b482a9.pdf,.pdf,pdf,85.92,,,False,False,,,,,,1,0b8b6f68e4959206...
7b21a94ce8e41101daf37bb429b4dc87.pdf,.pdf,pdf,232.67,,,False,False,,,,,,1,1d96097033f9dc5f...
7b50ccb74ba71e19cdc611811dbb3909.png,.png,png,334.65,551,692,False,False,,,,,,,b7bafbb78c742779...
7b8027d8ca68471032965ebae1979747.pdf,.pdf,pdf,383.61,,,False,False,,,,,,1,458f928eeeb19e2c...
7b818845f23065520355098aeda3de2a.jpg,.jpg,jpg,23.95,684,692,False,False,,,,,,,a2135bedd41c9636...
7b9eea1c36696a62dcbe5da5636a2b23.pdf,.pdf,pdf,211.89,,,False,False,,,,,,1,58116abe6a173805...
7ba262670f265c5e522890dbd5d1577a.pdf,.pdf,pdf,283.95,,,False,False,,,,,,1,a180abc6668deb60...
7bd07a4aaa5bc356227a9c92d36f159f.png,.png,png,249.45,511,692,False,False,,,,,,,3de5fd02cd62d693...
7be296c38525493649ee7108b2c18fe6.jpg,.jpg,jpg,25.94,441,692,False,False,,,,,,,a1a5ecc84c418b83...
7c22f485fd715ba8cdd73c0883f8243f.pdf,.pdf,pdf,318.26,,,False,False,,,,,,1,c6ae79487e4b6a31...
7c27f4943ba7d1f8f2d787ffc3a0ef67.pdf,.pdf,pdf,341.73,,,False,False,,,,,,1,dd1b944661b63b0e...
7c41900b4431a1f60fe40cb2a869d1e8.pdf,.pdf,pdf,148.56,,,False,False,,,,,,1,1f959dc725c68b2a...
7c57280c27372004c957548ce70bbcad.pdf,.pdf,pdf,407.38,,,False,False,,,,,,1,d7d359bfdd5dc024...
7c60b86438cd0fe45d815394351f552f.pdf,.pdf,pdf,231.89,,,False,False,,,,,,1,4b95d07af7f631a4...
7c6a57b152d785efdfad6cf8696e8904.jpg,.jpg,jpg,28.97,513,686,False,False,,,,,,,8bf6dd08cddbbcd4...
7c9eea4f1d32d34488875dce4f8c0602.jpg,.jpg,png,192.11,249,692,False,False,,,,,,,5c46b5a1750ca024...
7cac797924abad25b019b4f8e60e6eaa.jpg,.jpg,jpg,25.06,513,686,False,False,,,,,,,38bde43e7f211a51...
7cb16acfdeff82e0e933de4b4751e9bc.jpg,.jpg,jpg,29.43,514,692,False,False,,,,,,,924cd313fda55f40...
7d092e36b65c4753f22f9b19abb891ac.jpg,.jpg,jpg,28.21,450,567,False,False,,,,,,,ee3ffdd82bc93131...
7d19a1fcb252e723ea3192026bd13846.pdf,.pdf,pdf,198.46,,,False,False,,,,,,1,b661d3709b0ace59...
7d440d8c47601eb5d5a99409ed690bad.jpg,.jpg,jpg,26.55,513,686,False,False,,,,,,,a60380888fa1222f...
7dc3ebccd72d96d8b788b08391c882a3.jpg,.jpg,jpg,13.93,722,692,False,False,,,,,,,1cb7980930916eea...
7dc85813faf81c35f5f7a71d78763a70.pdf,.pdf,pdf,740.27,,,False,False,,,,,,2,5247708491d39199...
7dcb21822a7b8f9bfa3f167fcf914a3f.pdf,.pdf,pdf,123.73,,,False,False,,,,,,1,3a6b5d83a7921aba...
7dced8a15914a5e847ae9e9ac36ad3ff.pdf,.pdf,pdf,279.07,,,False,False,,,,,,2,b8754fd3c6fee343...
7dd0e327ceeb5f0b2ca26fcfdac898a7.jpeg,.jpeg,jpg,29.29,517,692,False,False,,,,,,,bf795e916a5ad7e0...
7ddb6c3998d54fbd2d7153c1050b23b0.pdf,.pdf,pdf,242.58,,,False,False,,,,,,1,8064593ba8e390a2...
7df709f954db63be5957d2b2a27396dd.jpg,.jpg,jpg,39.43,513,686,False,False,,,,,,,9f4b7b897d5a9d15...
7e25acd5e5e32f1acf639b6641c1590b.png,.png,png,176.12,539,692,False,False,,,,,,,d79dbd7b008f992e...
7e376520f7f911f5bf0104af14b7b50f.jpg,.jpg,jpg,133.51,768,1024,False,False,,,,,,,ab922499a202a898...
7e5fdfab7aad1bafc4fd6af10368c4f2.pdf,.pdf,pdf,605.21,,,False,False,,,,,,1,c4563492570b99de...
7e6caafa281d173d80b7671fef31e7a2.jpg,.jpg,jpg,24.63,492,691,False,False,,,,,,,31e05c6dea93c0f9...
7e6ccba956953de772f2600404b140be.jpg,.jpg,jpg,19.33,470,692,False,False,,,,,,,008edbac0402813c...
7e97607167b6adb43419dc9390e30f8e.jpg,.jpg,jpg,179.49,628,717,False,False,,,,,,,d5d18a96460799fd...
7ed66fd12bf524a9563fa561d4df0772.jpg,.jpg,jpg,24.39,540,692,False,False,,,,,,,d0f0865025d57c29...
7ef88143d79b06ee19f9e366d8f50dcd.png,.png,png,406.61,553,692,False,False,,,,,,,4d2057e1a1dc54bd...
7f6a40e2585e13700d3c9a8b11c3a2b0.jpg,.jpg,jpg,24.65,523,692,False,False,,,,,,,20881489d734751e...
7f73ec21cad286d53b289fd2775382fa.pdf,.pdf,pdf,288.31,,,False,False,,,,,,1,e6a365c68f0f9164...
7f78cd6fb1e3d4d6060ef9667d5536a9.jpg,.jpg,jpg,31.08,513,686,False,False,,,,,,,bab3ed477a96f730...
7f8ad826d2eccbe320232b2229b6d17f.jpg,.jpg,jpg,46.87,796,692,False,False,,,,,,,df7918b7321da9bb...
7f9776a81bbc8fb1fa4781ce1b1e9b2c.pdf,.pdf,pdf,2325.17,,,False,False,,,,,,1,e2d9fc0b09910023...
7f9b3fcbcd9385accfe26a8cd5e9130c.pdf,.pdf,pdf,435.01,,,False,False,,,,,,1,e9824cc3592da538...
7fbcb30bbc7065b566c890a7e1d680ae.pdf,.pdf,pdf,534.38,,,False,False,,,,,,1,8ffa778fb17469a0...
7fd7a2ab328506ddb500a85cc6b2797a.pdf,.pdf,pdf,175.89,,,False,False,,,,,,1,0c51b6d95843287e...
7fd8ae00c16402bead7eec5131ce1b3d.pdf,.pdf,pdf,934.17,,,False,False,,,,,,1,122e30da0c209cf6...
7fe29eccf3e50c77ad8638772cc6d0dc.jpg,.jpg,jpg,444.24,801,2007,False,False,,,,,,,a0cf1181775d8e1d...
7fe58c583918890ee3e0c0db93a6a10f.jpg,.jpg,jpg,369.65,888,1144,False,False,,,,,,,66a5614ab2f9b0c3...
7ff3f11513f60fa710b61c58cd9293af.jpg,.jpg,jpg,51.26,1037,692,False,False,,,,,,,fcaec2a5beaf0828...
8053f18da18d748963305792cf606be8.jpg,.jpg,jpg,36.69,494,692,False,False,,,,,,,a04aa4d409dbb06b...
806569b808e85ef80f41190e38e1682f.pdf,.pdf,pdf,222.18,,,False,False,,,,,,1,568270807bb03f41...
80660741783b0cd966259bec499988f0.pdf,.pdf,pdf,1055.97,,,False,False,,,,,,1,d2ebbe273b68327f...
80664ea24aa6a4fa0e2b2c37ac447b41.jpg,.jpg,jpg,26.6,536,686,False,False,,,,,,,53c48b148373bfea...
809d746dfe6a8bc6138c9b019dcc60ca.pdf,.pdf,pdf,1138.52,,,False,False,,,,,,1,315852420a17978e...
80a391bb14c4236d14781edaf997f392.jpg,.jpg,jpg,27.59,513,686,False,False,,,,,,,3b8be21429e27988...
80a47b6605e782ad3873c3ccdbe8be3c.pdf,.pdf,pdf,210.06,,,False,False,,,,,,1,a3806153d7429f1d...
80a8ef137c4c238310457366cb8b4130.pdf,.pdf,pdf,101.31,,,False,False,,,,,,1,b0ab8bb10f80a6c6...
80b83bc8c5c6c800d2f53b6ce14947df.pdf,.pdf,pdf,143.57,,,False,False,,,,,,1,cd4912030682d8c0...
80bf6ae106b5e92a3621eb9541d8b0b1.png,.png,png,126.36,451,692,False,False,,,,,,,ffcf28afc2faab4f...
80c6f4f53beb59a717cfdabc3f4a7d00.pdf,.pdf,pdf,402.21,,,False,False,,,,,,1,42bfccd49d7eb0bc...
80cdf6f7d9d904f0c8c02e87b3153790.pdf,.pdf,pdf,266.62,,,False,False,,,,,,1,5a61c8b689873e93...
80d22c58fd2954f2b73eca7b35eeec34.pdf,.pdf,pdf,193.16,,,False,False,,,,,,1,09a4a6fda457d129...
80f7326185894105bb56d00096fc6a9a.pdf,.pdf,pdf,258.63,,,False,False,,,,,,1,8d79e7679b782e62...
810284f35db483abce7387f49d96219a.png,.png,png,385.81,318,721,False,False,,,,,,,88559c0ab38038a1...
81235a95c209f604eb90a633d4e32edd.pdf,.pdf,pdf,845.67,,,False,False,,,,,,1,5c72ca8d21a456aa...
81449840f54dc3cc8a0635d392120daf.pdf,.pdf,pdf,217.64,,,False,False,,,,,,1,91041b6ba40db2b0...
815090e4bf157a9b1770ce2784eda81c.jpg,.jpg,jpg,28.51,499,692,False,False,,,,,,,ddba867b7a9080a6...
8159f6efdbfd263a3e9afb8f7ea372c5.jpg,.jpg,jpg,451.83,2550,3300,False,False,,,,,,,320f07d6352e9f05...
816c758d387984da3c5053162341e3a8.pdf,.pdf,pdf,225.68,,,False,False,,,,,,1,fef39689194a1a5b...
817311bf0e2b76999ed29f2831102dac.jpg,.jpg,jpg,40.96,493,692,False,False,,,,,,,c11ca7c2deccc642...
8194bc200e5ceb78509b0c5598819019.jpg,.jpg,jpg,23.79,513,686,False,False,,,,,,,72f876f9b489e4d1...
81f90fdc58eb532a638015bba1cb8e7c.jpg,.jpg,jpg,419.65,2585,3574,False,False,,,,,,,c3a5cbb6779dca00...
8200cd2b2f499018c79604d6514d0472.jpg,.jpg,jpg,25.22,306,558,False,False,,,,,,,f7fb35cd775f320d...
824ad75270558b191dedaa6ec8624509.pdf,.pdf,pdf,860.13,,,False,False,,,,,,1,5e39955acbc3cccd...
8254d1efa690ad4589882f4e187f61f5.jpg,.jpg,jpg,20.02,513,686,False,False,,,,,,,87580d3bbd37ad2e...
8281ed8c9298654105d9aae45e9fd431.jpg,.jpg,png,202.88,690,522,False,False,,,,,,,899edb75e344a314...
828504935ba5886866576862993d03d1.jpg,.jpg,jpg,780.07,1698,2433,False,False,,,,,,,af55389b913467da...
828aec9bc54e1084061f39e7f08742f7.pdf,.pdf,pdf,755.16,,,False,False,,,,,,1,20512bf6d5f8f9a4...
829b51625bd3121a3d6c3f65f0b6757c.jpg,.jpg,jpg,21.73,528,692,False,False,,,,,,,f250211ab46727e9...
82a1cf1ada8259d04f85854a3bdbfb58.pdf,.pdf,pdf,227.32,,,False,False,,,,,,1,c3a73984a4cbe19c...
82db0fdc975d3f92400ef5fc68179fbc.pdf,.pdf,pdf,346.64,,,False,False,,,,,,1,bcd7cfd79b499b29...
82e2a58213ef61f0070aad1143af7ede.png,.png,png,1789.0,2083,985,False,False,,,,,,,16ccac6fda49d35a...
82e31048325599ff83a1282f8cc016d1.jpg,.jpg,jpg,24.35,513,686,False,False,,,,,,,12ad7ab34742700d...
82e3b432949912c41e1bde9521552397.jpg,.jpg,jpg,169.21,1280,914,False,False,,,,,,,ff896fbd5f2bd171...
830d8acb64848950cfb1bea44e4b5d96.pdf,.pdf,pdf,226.51,,,False,False,,,,,,1,cfa3bb56b3c65167...
83ac3ee1f909812281ee2f2fa413671b.pdf,.pdf,pdf,313.22,,,False,False,,,,,,1,d3274936ab028c04...
83c43fda2e318328fe6dba6a8910a692.jpg,.jpg,jpg,22.3,468,686,False,False,,,,,,,f67792a035723c5e...
83d635408c6bd3b27a913f94b4e99b8d.pdf,.pdf,pdf,130.97,,,False,False,,,,,,1,7c3610f018b5d274...
83e0eb8f0e99524f13d728ee7fb4b25b.pdf,.pdf,pdf,233.62,,,False,False,,,,,,1,ff50d183bfe011da...
83edad28bb9e727b5f962e4c25992b98.jpg,.jpg,jpg,24.16,513,686,False,False,,,,,,,c1b8d5cdd239bc5e...
83f2d0705362fc0aff801ebc4a9a5bd6.jpg,.jpg,jpg,49.91,558,700,False,False,,,,,,,e8de250f6bbc56c4...
8463fe8946d9049d9f1af81e2c06d2ae.pdf,.pdf,pdf,1028.89,,,False,False,,,,,,1,a9ea849b593aee93...
847366d9e808b82c5e6010ad0bc88e0a.pdf,.pdf,pdf,43.05,,,False,False,,,,,,1,8f74ecb3e7a18ed5...
848f8f4e8c1b713fe84461a641560b51.pdf,.pdf,pdf,816.59,,,False,False,,,,,,1,795c18ddbb94199f...
849db0433654b3b965b1e5678a001a15.pdf,.pdf,pdf,858.7,,,False,False,,,,,,1,38c4fd8952e4f03b...
84a71ca74f426a4798a6baccec380898.jpg,.jpg,jpg,1848.69,3277,3666,False,False,,,,,,,67d02d72e227d5d4...
84b276a6ce8e29fa51e07f3ef3ae4d86.pdf,.pdf,pdf,305.48,,,False,False,,,,,,1,0dccc2b9579293c6...
84fd6ba60da21f736cd0a0beee807933.pdf,.pdf,pdf,223.61,,,False,False,,,,,,1,c0b1c7df23e910c5...
850536c83707a031c030ba8aa82b8645.jpg,.jpg,jpg,99.31,880,1093,False,False,,,,,,,2e6a854a8d4357f3...
850d402da06e9494d0cc80be5b5c4a93.jpg,.jpg,jpg,33.25,513,686,False,False,,,,,,,e9a105f90763c3d6...
851e0d69e245c47ee49ab33a77775a1b.pdf,.pdf,pdf,242.0,,,False,False,,,,,,1,8a37994fed3376ae...
85217560bda806877e6612b47e28ad7f.jpg,.jpg,jpg,31.7,547,692,False,False,,,,,,,e9d7fad3211e5202...
8528dc485aad67f9b91d92edfb37c602.pdf,.pdf,pdf,1972.16,,,False,False,,,,,,1,d7c61b539ab3f3c9...
8530ceb4cf9c59cec983c1c8c4481cb6.jpg,.jpg,jpg,40.87,531,692,False,False,,,,,,,340b04aacdb213d8...
85353170866a823789f0a8c2c0bd6826.jpg,.jpg,jpg,18.93,468,580,False,False,,,,,,,5538189a010b77a1...
856e83d6dda315f8081b84f3796a4c1b.jpg,.jpg,jpg,38.17,1210,686,False,False,,,,,,,6751bdaac5cb726b...
8583a96fda0edf8305039658eb70fe4a.pdf,.pdf,pdf,185.92,,,False,False,,,,,,1,e7395e1d84dfecef...
85bb0e26aed5d7409dffc86e56da8b24.pdf,.pdf,pdf,606.54,,,False,False,,,,,,1,316e00cabc021e0d...
8614cb18db9119f68383fe5a6bee56b8.pdf,.pdf,pdf,337.93,,,False,False,,,,,,1,7281db24be4dd423...
863306b0db1e7743b6213521a5c2514a.pdf,.pdf,pdf,585.84,,,False,False,,,,,,1,9fa945911cc5fcfb...
8638cb8732b7837eecc5aeceb827002b.pdf,.pdf,pdf,377.53,,,False,False,,,,,,1,97ca19418b569694...
865a3d80c129c8a68da62e2508d66ab7.pdf,.pdf,pdf,417.96,,,False,False,,,,,,1,60d5b4ff486cd32e...
868c46fd01e784bbb84132fd2ae098af.jpg,.jpg,jpg,18.44,555,692,False,False,,,,,,,9e6df23d7af10f38...
86932671593cc9612145fd2edbd0997c.pdf,.pdf,pdf,229.71,,,False,False,,,,,,1,dc350c9017d52563...
8699aa738346b707e95e5182dc2ba1f9.jpg,.jpg,jpg,38.83,384,692,False,False,,,,,,,853126c528f3f088...
86abf2659bf913f312c350a4075abc8e.pdf,.pdf,pdf,566.36,,,False,False,,,,,,1,6fc89562ca3ae4eb...
86df1e96ce29611efb128c39dcde623c.pdf,.pdf,pdf,603.64,,,False,False,,,,,,1,b09b9af06c2f7dfe...
86eb04e469419388c51b60a6825a2d86.pdf,.pdf,pdf,285.63,,,False,False,,,,,,1,951be89c2ed79ed3...
86edb122595f0fc77a4485d5ac3ed1cf.pdf,.pdf,pdf,228.41,,,False,False,,,,,,1,1aff62bfc1668e6d...
870e8cb855d90cf29dfbda50ccbc223d.pdf,.pdf,pdf,231.13,,,False,False,,,,,,1,4f98b9713abfb6ed...
8713b384d225ae731feb40b46d0828a9.pdf,.pdf,pdf,110.9,,,False,False,,,,,,1,d5ab1b851e98b5f4...
8717c9de49a2dd55b7b12a13dba4c5dd.png,.png,png,402.38,589,692,False,False,,,,,,,28f4f9fda03ad373...
871acd9d6ef9d97bbaa0d808f61b9801.pdf,.pdf,pdf,209.93,,,False,False,,,,,,1,22520f5df5e0db63...
8731b3d37bd484d4db9072c15d5f3283.jpg,.jpg,jpg,36.34,513,686,False,False,,,,,,,e1ebfd06aa97ea30...
8761b62f4b8e3a95ff82089c1c3aaedf.jpeg,.jpeg,jpg,32.25,1312,692,False,False,,,,,,,368992de78790e86...
876e1afbd6b20b7eb977ee75a453b719.jpg,.jpg,jpg,47.56,712,686,False,False,,,,,,,3d2aadfd2d199398...
878875ceffe9d1c704930584f560635b.pdf,.pdf,pdf,494.0,,,False,False,,,,,,1,a59df79f9f7c9ce5...
8794a84ed6ed712f12ff8c0d0f273ef8.pdf,.pdf,pdf,382.55,,,False,False,,,,,,1,945764d773a54f64...
879b8fc53f2d90a509c0e439689fc52f.pdf,.pdf,pdf,196.51,,,False,False,,,,,,1,9928776baa6c7c91...
87e341c4b7d4fdea1cb806892e45e6be.pdf,.pdf,pdf,130.82,,,False,False,,,,,,1,d17b9d1f4de970d6...
87f086a4fe5f21e2b900a909f5f6776a.jpg,.jpg,jpg,32.11,513,686,False,False,,,,,,,182a7bc71491dc47...
87f58e90b5034518a210e5ee28323f1d.pdf,.pdf,pdf,268.55,,,False,False,,,,,,1,8b2d7023e3436112...
87f5aad71de5aa7e45051d4cabcdb05c.pdf,.pdf,pdf,1773.38,,,False,False,,,,,,1,199f7cbfc2cb8491...
88044e25be1bcb0d7460db756cde041b.jpg,.jpg,jpg,29.53,539,686,False,False,,,,,,,9e7ab5e33f623102...
881436f449dd1e38026e4f8442a4dde4.jpg,.jpg,jpg,30.38,403,692,False,False,,,,,,,0bd8678f7afa18e0...
882356f4b7d5ad66dc1fc28f08d965be.jpg,.jpg,jpg,29.96,513,686,False,False,,,,,,,ccd07c6b573d68b2...
882cf0a87ecef9df4de7b1045c78da1e.jpg,.jpg,jpg,10.7,301,464,False,False,,,,,,,b4d7ebb030dbb0aa...
882f67e78e9dd800f02e343c8c6d2500.pdf,.pdf,pdf,319.39,,,False,False,,,,,,2,2b64002038d2c257...
88396023bcb6cd0c9b5a59eb4c5a7ff3.pdf,.pdf,pdf,805.65,,,False,False,,,,,,1,19c5f7c0478436b4...
8843ce6b0cb580cbd3b1a794a2c672cd.jpg,.jpg,jpg,37.97,461,692,False,False,,,,,,,8be37322b8fdbf4b...
88559fcd8d0940c968030f2d829da1e0.jpg,.jpg,jpg,24.22,604,692,False,False,,,,,,,c0eacaddcde7e275...
8857823e04a6df506d6f8f39684ac602.pdf,.pdf,pdf,341.58,,,False,False,,,,,,1,353feb2951e77df4...
88715428241b32b182e795d901cfecba.jpg,.jpg,jpg,28.54,513,686,False,False,,,,,,,a5d1bc78e310d9b4...
88776e734f9a27db650986c30fb15baa.pdf,.pdf,pdf,223.11,,,False,False,,,,,,1,1438f6c84220287d...
88864b6bdb82a000161145d312de4b6d.jpg,.jpg,jpg,26.07,554,692,False,False,,,,,,,b160407138ed1ad4...
889030c81b59356ca85cb03f8acbe08d.pdf,.pdf,pdf,2314.24,,,False,False,,,,,,1,475d73d5116a26ab...
88925e1f42b3ee5b3c70ac4e19b89e9b.jpg,.jpg,jpg,19.5,553,692,False,False,,,,,,,58cd1b6f7575ea2f...
88a99b96159bae943f82292ab50f1c52.pdf,.pdf,pdf,831.18,,,False,False,,,,,,1,2c76e801c3aa1322...
88aa4ffd13ca53c3bc6c54b566661ae1.jpg,.jpg,jpg,23.01,513,686,False,False,,,,,,,25a058e5d84b8d79...
88b79527a6fe611e6cea68087b4de310.jpg,.jpg,jpg,31.28,587,692,False,False,,,,,,,db0a5eb78acfc783...
88ca2cf75281a10c61e07a51bd11cbc9.pdf,.pdf,pdf,245.63,,,False,False,,,,,,1,ce22c58d98dfa083...
88cbea01447639040f6f3c29e89ca69a.pdf,.pdf,pdf,1598.81,,,False,False,,,,,,1,270681aeed551025...
88cd0b910b2288a7263ca1da32b904a2.jpg,.jpg,jpg,50.42,553,692,False,False,,,,,,,96cf50b40e561dc1...
88db6d859d3863379b591cd583ba3090.jpg,.jpg,jpg,16.35,480,600,False,False,,,,,,,5dfdd98012404890...
88fd043543ed0d2d4d83d01eb47c92e2.pdf,.pdf,pdf,346.52,,,False,False,,,,,,1,2c78049ffb8832e0...
89135bef27de3d876f5dd75834e66646.jpg,.jpg,jpg,37.12,513,686,False,False,,,,,,,8484358fd8bf28d8...
89240857c4619264b8aba55b6da2db95.pdf,.pdf,pdf,320.75,,,False,False,,,,,,1,39fee78e834e178b...
893b1782e314d7453987cb0c10229544.jpg,.jpg,jpg,30.18,677,686,False,False,,,,,,,6428c85ee20d3f69...
894030f7b0ad99590ab778ded132cec6.png,.png,png,436.79,519,692,False,False,,,,,,,5ac3c29ce5d12275...
898c237f3dfcaf8e6f90e051be6c9b89.pdf,.pdf,pdf,256.15,,,False,False,,,,,,1,acabe7b834c26338...
899bce54aafb70e1d3528031ad8cf012.jpg,.jpg,jpg,55.65,1200,672,False,False,,,,,,,5de9df63eee688db...
89b120648c754421146126d7bfb4d125.pdf,.pdf,pdf,316.8,,,False,False,,,,,,1,fe2125ac21be9c24...
89bf2fe529541b1fe2134182ca440990.jpg,.jpg,jpg,40.06,529,692,False,False,,,,,,,a4666fcf59991259...
89e862c7b45ed361eb12c852de71bbcc.pdf,.pdf,pdf,224.78,,,False,False,,,,,,1,6675d0bdfb2c82a2...
8a042be4c8e5bfc4fee782671de1487d.jpg,.jpg,jpg,22.87,283,692,False,False,,,,,,,c8952d63fde0f305...
8a0cb0070018ed75fc6e8b50229d1f96.pdf,.pdf,pdf,593.6,,,False,False,,,,,,1,0d53ca7d031317f4...
8a1001d8036b6b96303626111ceddcfb.jpg,.jpg,jpg,74.41,924,692,False,False,,,,,,,b872017d32d41672...
8a2d44360fa9d0c8b9001a1769006c2b.jpg,.jpg,jpg,37.21,583,692,False,False,,,,,,,de6d43eb6c0d2a26...
8a3646fa964d2991b9aa43c56b36b609.pdf,.pdf,pdf,509.86,,,False,False,,,,,,1,9ff1523c353b4b0f...
8a382077d9990fb20bb9b02cdc69b153.pdf,.pdf,pdf,231.16,,,False,False,,,,,,1,ec9140ba6bcde311...
8a3f36fb84d5777e0155a4c539aa9603.pdf,.pdf,pdf,245.86,,,False,False,,,,,,1,c57b659d6545f40f...
8a7ea5cc1ee6f0805e5633c1d1d7187a.pdf,.pdf,pdf,1786.25,,,False,False,,,,,,1,3f88bf5b0fd277e6...
8a8fe8630cca049dde1e090391c51e59.jpg,.jpg,jpg,32.57,515,692,False,False,,,,,,,bf8fff04942b76eb...
8a93a5730fedffa2712c6b4486317319.jpg,.jpg,jpg,15.44,311,470,False,False,,,,,,,533c6877fd07aa73...
8a9f4e9684b7524c06f1a30652b40990.pdf,.pdf,pdf,337.24,,,False,False,,,,,,1,add7eaf6a2557c1c...
8abea6823d779976674889fcb57f11f0.pdf,.pdf,pdf,42.92,,,False,False,,,,,,1,e77e86f37d051b64...
8ad8b64c55496dd06fb7e26dcac649d5.jpg,.jpg,jpg,82.22,1200,1844,False,False,,,,,,,0fd9108f9a86ee7c...
8add21f232ec4b8d44741dc3fec6bc44.jpg,.jpg,jpg,62.98,1096,692,False,False,,,,,,,4b157e2e47f6b43c...
8af401ed455332a1b2d00579c65c7a62.jpg,.jpg,jpg,109.67,411,735,False,False,,,,,,,0f1c87f0a6dca140...
8af7175c27bd2734416eba61e42e099f.pdf,.pdf,pdf,1738.65,,,False,False,,,,,,1,690d2db846fe2bad...
8b044c256fcb8a46e0da96a6332a6d85.jpg,.jpg,jpg,21.48,475,692,False,False,,,,,,,c4369914d58653e2...
8b100605e24aa85e5a172068db282517.jpg,.jpg,jpg,25.4,500,692,False,False,,,,,,,ffdc40643c43abed...
8b218984cc8f82571633ee2b58b61dec.pdf,.pdf,pdf,362.14,,,False,False,,,,,,1,7fc2ee44c81a61ca...
8b37f5a3c2e7b43ca761d13123eb399f.jpg,.jpg,jpg,31.05,513,686,False,False,,,,,,,2ea2157ebec81a51...
8b53c773545199a18a77990351f2057c.pdf,.pdf,pdf,169.41,,,False,False,,,,,,1,ace4de85e22bc2dd...
8b53cfbac4c07d7f6757a1fe3d888c06.pdf,.pdf,pdf,114.99,,,False,False,,,,,,1,b3debf2893972822...
8b5ef2cef63d0acb2c357fc852d7ca53.pdf,.pdf,pdf,172.1,,,False,False,,,,,,1,1275189b3dfe6e18...
8b859003af2951a95c0616217a72f637.jpg,.jpg,jpg,9.14,245,288,False,False,,,,,,,db7ddf9d9ea0f367...
8b98e7e34f8953d83120653e2c5b231c.pdf,.pdf,pdf,208.21,,,False,False,,,,,,1,77558ef9693d4810...
8b9f5822418c3e2c2e3d272409facd0c.pdf,.pdf,pdf,251.71,,,False,False,,,,,,1,a14d5b52ac987fea...
8bd20b995e5fd1d0c7ca9cbe1b64cc63.png,.png,png,200.56,396,470,False,False,,,,,,,a3480ded6c6cb9c0...
8be57b440be58643ead5568d1b059ef2.jpg,.jpg,jpg,56.45,599,692,False,False,,,,,,,438a1fd89597bd1c...
8bed7772fb23ce607f8b6b4bc2b9d987.pdf,.pdf,pdf,408.67,,,False,False,,,,,,1,ac7c03f391b02a6d...
8beda7e58c3f8d4ac853429ffeac73f1.pdf,.pdf,pdf,188.88,,,False,False,,,,,,1,e169426225997d4a...
8bf36cef78045cc69ed0541f65fbb4b6.pdf,.pdf,pdf,185.26,,,False,False,,,,,,1,ab96dd30f7dcf339...
8c211bed3dce36986ae16903e4421dab.jpg,.jpg,jpg,26.56,450,600,False,False,,,,,,,df70452d05d0c07d...
8c2af762f4d4cd20fa57a0e2fd070227.jpg,.jpg,jpg,25.24,454,692,False,False,,,,,,,1e244a503c94a69c...
8c506d7716b5310666bed6d185ab4c66.pdf,.pdf,pdf,182.51,,,False,False,,,,,,1,c91ef147044c2429...
8c5f8b0814f1f0786e8d9bf4e424a900.pdf,.pdf,pdf,502.86,,,False,False,,,,,,1,a4af2573e5daa78e...
8c6959e19058c42695af20a899a197a6.pdf,.pdf,pdf,273.36,,,False,False,,,,,,1,09116521f66e3498...
8c6d890739059f6e73c4f41d8f3c6bb9.jpg,.jpg,jpg,280.34,966,1176,False,False,,,,,,,b60fce61285f46ea...
8c9bf0871d5f25f6ba1b6383717c3dc5.pdf,.pdf,pdf,106.74,,,False,False,,,,,,1,4fcb37faae6f97c0...
8ca1be4b078be4f6d6f26e1ee7779505.jpg,.jpg,jpg,9.86,574,550,False,False,,,,,,,51e962c83bc3eda5...
8cadc169508095cfa80953c9286fcf87.jpg,.jpg,jpg,14.97,376,536,False,False,,,,,,,4bfca73233be6416...
8cb20aee20f01e3c45326b3c9b69b718.pdf,.pdf,pdf,372.28,,,False,False,,,,,,2,8be8ff0a94bce3ce...
8cc96f01257310a17fe74b96b02302a4.pdf,.pdf,pdf,378.5,,,False,False,,,,,,1,41ec61abfbbd3eb5...
8cde12596a090542f425ad322de654f6.pdf,.pdf,pdf,969.77,,,False,False,,,,,,1,3a53691381b1c0d8...
8d37b9f4083480a17fbbc6b637eead61.pdf,.pdf,pdf,731.64,,,False,False,,,,,,1,ba2b6b469559d333...
8d440c5ac08982ae979ff550197ae1b7.jpg,.jpg,png,268.53,576,692,False,False,,,,,,,5c0aef2e072aed6f...
8d7fd6221677b4a9a7ea87857098dfa2.pdf,.pdf,pdf,207.23,,,False,False,,,,,,1,7b4eb20499431482...
8d9d7ee577c7aabcc94c6919cdf231da.pdf,.pdf,pdf,918.14,,,False,False,,,,,,1,407dedc52b36dc5b...
8ddfb6a4b817b829d3e2197eafea0218.pdf,.pdf,pdf,768.95,,,False,False,,,,,,1,dbbfe1cc7a86bf4d...
8ded2ceab835bba8ee5fffa66bedc2a2.jpg,.jpg,jpg,35.09,722,692,False,False,,,,,,,55a8ba26a36567b1...
8df2c53d467e04f364f77e384b7cffa3.pdf,.pdf,pdf,365.03,,,False,False,,,,,,1,cb3f42ac1e1fa2f4...
8df4570073a983385c2db1715b7807a7.pdf,.pdf,pdf,1707.67,,,False,False,,,,,,1,e31a930c1680ffc6...
8df474a198a75563e272e0a2a1e5705d.jpg,.jpg,jpg,1528.11,2508,2610,False,False,,,,,,,73b90dbedc29da53...
8e07a19c37422e4bef522d19a8f67f19.pdf,.pdf,pdf,349.15,,,False,False,,,,,,1,4990107585d523f9...
8e18706263a2237f48ec4a2271bab34a.pdf,.pdf,pdf,167.28,,,False,False,,,,,,1,9a6268e461f95c68...
8e377b1707aa158b176031a7b612580a.pdf,.pdf,pdf,1380.04,,,False,False,,,,,,1,919aa52c18250872...
8e3bdc59a9073da2cc6bd2ba575c6d5d.jpg,.jpg,jpg,39.77,539,692,False,False,,,,,,,d09edd9a3101a952...
8e413941099329a7b024c9028044c310.jpg,.jpg,jpg,235.16,1445,2171,False,False,,,,,,,482f88367fbc21d7...
8e5bb75da754f4e3f28bce1064cf2f62.pdf,.pdf,pdf,106.45,,,False,False,,,,,,1,a3b03cbc4215007a...
8e64ba00a86723ff754ec259692c91a2.pdf,.pdf,pdf,301.53,,,False,False,,,,,,1,4d2a33d1e5fadf8d...
8e66214613b6b0b5f190629488847cec.jpg,.jpg,jpg,19.97,522,692,False,False,,,,,,,40aa93c2d6317ae7...
8e7e8487594e5b698280a7c1dba28e7b.pdf,.pdf,pdf,352.21,,,False,False,,,,,,1,137071bd38625583...
8eb2766a142ed8aebb9493eb51074f00.pdf,.pdf,pdf,212.53,,,False,False,,,,,,1,22625123c087f1b1...
8ecad0ebd300d9577b1d281dd0750e97.pdf,.pdf,pdf,236.03,,,False,False,,,,,,1,7d79eb60ea48f4f8...
8ecf36b3a77813312dd41495116229d0.pdf,.pdf,pdf,4164.12,,,False,False,,,,,,1,827cadd746864aea...
8ed55e644478df4ccaa9d723c575f6f0.jpg,.jpg,jpg,61.23,659,692,False,False,,,,,,,c0e9ec2f9772fab1...
8ee5f9d8e3ec7a1dc72d53ba5c8eb532.pdf,.pdf,pdf,237.06,,,False,False,,,,,,1,768e941e20f016e0...
8ee6e0ec6e9b50cc4314100ba21452dc.jpg,.jpg,jpg,332.59,1928,1228,False,False,,,,,,,8d096e706cdc9d9f...
8ee990928fc62cf3989d9e596363536c.jpg,.jpg,jpg,51.43,1114,692,False,False,,,,,,,6e8ba1045b487393...
8ef48ea3eb9bd4e35bbe68eea6ae6112.jpeg,.jpeg,jpg,61.14,551,754,False,False,,,,,,,0cda7e2ef8b27d09...
8f0d0898ec09fd0a777a195ef264dd70.pdf,.pdf,pdf,286.21,,,False,False,,,,,,1,e3300dfaaa790ac6...
8f65acc576b9da01fdbcdbc8e19f38c2.pdf,.pdf,pdf,550.88,,,False,False,,,,,,1,c9f751980a27cb99...
8f8b47628b5dbfc56d485927bb5b8f49.pdf,.pdf,pdf,306.84,,,False,False,,,,,,1,df5d28d0b15234a0...
8f980388abdb9ea386faf33d7a0bedbb.jpg,.jpg,jpg,35.98,902,692,False,False,,,,,,,95b90945359ec89e...
8fc71078e227a3e25cb9af416cc2581d.pdf,.pdf,pdf,1690.43,,,False,False,,,,,,1,37b0947d24e943d1...
8fcd97160a84ee8276f5f3d3c709d0d0.jpg,.jpg,jpg,23.26,513,686,False,False,,,,,,,092c95fbe7b67df5...
8fe749c136d7ca15dc39c0972bf385d0.pdf,.pdf,pdf,167.06,,,False,False,,,,,,2,cafc52f21a70b108...
8fe8c8ae305154ae12e16409b84ee469.jpg,.jpg,jpg,56.43,530,692,False,False,,,,,,,f857d3dffcb625e5...
8fee6898911ea2ba9ca5c15930a9f037.pdf,.pdf,pdf,234.66,,,False,False,,,,,,1,56b80b7cd17c7dc0...
9019c81878a40b34879f2b54a7dc5658.pdf,.pdf,pdf,194.82,,,False,False,,,,,,1,47fde6862b7b98f6...
9054f50909e4d63479c497201a1323c5.jpg,.jpg,jpg,61.55,1040,692,False,False,,,,,,,2a3964c268ec3f58...
905aea248a83968c9c44006adedbc604.jpg,.jpg,jpg,28.65,586,692,False,False,,,,,,,f46f0898b3f39ab6...
9083c5296feabee1a60a6b305c07f187.png,.png,png,371.0,766,692,False,False,,,,,,,76306105040f1b10...
9084aaee0118bd9af53375a02cd5c433.pdf,.pdf,pdf,444.21,,,False,False,,,,,,1,fc3b1e02630c3c83...
908d7905ce5c0b8ff5b36a216c039472.pdf,.pdf,pdf,274.46,,,False,False,,,,,,1,6541cf70c3c9f775...
90994cc95beb5dc2554d3463ca5708f1.pdf,.pdf,pdf,261.12,,,False,False,,,,,,1,cd07dbb2e7d8be91...
909d4217c9f2a971065f70a6b2d308a7.jpg,.jpg,jpg,23.26,511,692,False,False,,,,,,,c01e33414bb9cc5c...
90bbca552a510503249b7747814e1e6b.png,.png,png,530.62,637,692,False,False,,,,,,,26d869ea17239136...
90cd7e571d22e386c149aa293c9b5170.pdf,.pdf,pdf,608.58,,,False,False,,,,,,1,d5483249defb9423...
90db5850da921c9fa8be94462d8864e7.png,.png,png,105.67,242,692,False,False,,,,,,,360d3f2c413d6145...
9117c6348041f09b564c164ab1937b8c.pdf,.pdf,pdf,334.18,,,False,False,,,,,,1,dbdad72be8142459...
911d7143c2dcef7233694781a5bda5bf.png,.png,png,237.47,968,692,False,False,,,,,,,5f0781e07231f9de...
911ef4adf308efc7a77c909741365fb5.pdf,.pdf,pdf,178.18,,,False,False,,,,,,1,e0fe857e01666763...
912ba866317e92de09345a72b2347437.jpg,.jpg,jpg,31.07,684,692,False,False,,,,,,,21fc0578f29e89bf...
91307d8db40b27900faecbfd1dd6c57d.pdf,.pdf,pdf,281.47,,,False,False,,,,,,1,e3f2581c1a6c25b3...
91361b4d026ed5e765ffdc6f222ad991.png,.png,png,201.38,391,692,False,False,,,,,,,92d936ebb98e5142...
913b897bfe9889069130cfcbf5544ac1.jpg,.jpg,jpg,2887.19,4000,3000,False,False,,,,,,,fd2f8bff468c3153...
915f340e0dcc3eb9c73d8900c008f892.jpg,.jpg,jpg,46.6,558,692,False,False,,,,,,,d27df8b6b6ce40e4...
9197188c151bd1d0ebead9d81e36e5cb.pdf,.pdf,pdf,1709.09,,,False,False,,,,,,1,1d4aa42cbab50bea...
91a0c9f41b61c4b8970c27bdc1a4d792.jpg,.jpg,jpg,22.62,426,600,False,False,,,,,,,24186394a9ddde82...
91cb63da4b75c701247847ae9bfb1308.pdf,.pdf,pdf,207.76,,,False,False,,,,,,1,de50c7f2f0f024e2...
91d4f9c924f170a1c7d34a0dcf9f068e.jpg,.jpg,jpg,38.5,611,692,False,False,,,,,,,65e0df51b92e0e25...
91d8a22e1993e7a1aa125f87d3a9ef1c.pdf,.pdf,pdf,261.57,,,False,False,,,,,,1,56cee6dc76d44165...
923fb0912787c01ef2598446061d0ca1.jpg,.jpg,jpg,36.3,513,686,False,False,,,,,,,30c9f7eb601b26d1...
92565fb4adaa96086f65a66ee82e759d.jpg,.jpg,jpg,29.22,552,692,False,False,,,,,,,5fe9af8893126172...
92646e6cda386e764d8de2ba2f248a53.pdf,.pdf,pdf,483.39,,,False,False,,,,,,1,67e7b4dff2d33f19...
92be2a2de86bfcd7fea0eb0b47795065.jpg,.jpg,jpg,16.47,571,692,False,False,,,,,,,8f2644bf59edcbec...
92d80fdeecdfc5e600e0b7ff7cabb917.pdf,.pdf,pdf,219.72,,,False,False,,,,,,1,84cb1a1f259bc3d5...
92eabdbaccd39f2a631b62b11d6c11b2.jpg,.jpg,jpg,35.59,513,686,False,False,,,,,,,4401d1d014995aca...
92ee40c6969e6d0184ee397427bd63c4.png,.png,png,409.71,558,820,False,False,,,,,,,8822bd95d0326162...
931580bad8522af606e80b9e1b237031.pdf,.pdf,pdf,347.7,,,False,False,,,,,,1,5b4ba36a924c3244...
9319ba1f57325a193d1d7f82fc4db067.pdf,.pdf,pdf,159.61,,,False,False,,,,,,1,8efe8ec6eb200a7f...
933280a76a5cc53f3f70d6200e1c54c0.pdf,.pdf,pdf,239.18,,,False,False,,,,,,1,6e5763dbbe2c367c...
933cb18436707a2826b36c5770c7e052.pdf,.pdf,pdf,229.62,,,False,False,,,,,,1,eef6a1e4d3b88b08...
93466dd929a5c88607ff20d86f9f0a02.jpg,.jpg,jpg,47.91,834,567,False,False,,,,,,,9e38c0940fff7373...
9366f51c6d1f5b6ca799c1a66b83b3c2.jpg,.jpg,jpg,19.29,479,692,False,False,,,,,,,c9b5ed57cc489c1b...
939fde66333532eb37069331e91f37c9.png,.png,png,299.55,683,692,False,False,,,,,,,dd7462c9bb05cf0e...
93a57e2eb86f37d6297bc195e8de1ae5.pdf,.pdf,pdf,266.56,,,False,False,,,,,,1,6a2b7c805b427573...
93af22803bf1573cc0d3d6b1854c97f9.jpg,.jpg,jpg,29.92,527,692,False,False,,,,,,,8bbb1bfbff78c7bc...
93e2caa2ca609b66218e6dde57160d3c.pdf,.pdf,pdf,239.75,,,False,False,,,,,,1,d18a825786a470a8...
93fea893ab598fa84442503974f8e9f4.jpg,.jpg,jpg,37.81,532,692,False,False,,,,,,,39c51c68dbabf218...
940b395d4de94a63606f2213f0414f68.jpg,.jpg,jpg,101.71,610,940,False,False,,,,,,,27b353c2422ae11a...
940fa697214bca77439a5b3389f763fe.jpg,.jpg,jpg,762.16,1370,1934,False,False,,,,,,,835b418f9516393b...
94108104bae81fac4d880e38fedb6ec8.jpg,.jpg,jpg,92.97,1149,686,False,False,,,,,,,e5ab962699099e73...
94313d0aa465721bb1755ef3046d283b.jpg,.jpg,jpg,27.43,607,692,False,False,,,,,,,51df76c92e571480...
94379653473a16a53f0c9e286947b46e.pdf,.pdf,pdf,273.61,,,False,False,,,,,,1,caec82199a155135...
946988146affab240bd5ad9b6f445720.pdf,.pdf,pdf,1184.87,,,False,False,,,,,,1,bdc77a6a29412266...
947b0e672757b4edee59386561c8cc04.pdf,.pdf,pdf,278.41,,,False,False,,,,,,1,b8a45a9639f54591...
948ece5ea634ab8166bd5cc257086fc2.pdf,.pdf,pdf,282.47,,,False,False,,,,,,1,ea6ab0ea2541fe8d...
94aa7c7c0ed509291c1caff65f8a3713.jpg,.jpg,jpg,63.3,815,692,False,False,,,,,,,40e8b1efa1f99c27...
94afdaea470e496b03015f9aeda10dff.pdf,.pdf,pdf,162.53,,,False,False,,,,,,1,773027e0cbd69d22...
94b5dc5a093faa24e0f8384a40bc69c5.jpg,.jpg,jpg,873.35,1426,1920,False,False,,,,,,,b799c97bab353857...
94d25db8ab0dfc28d34e565344ed8788.pdf,.pdf,pdf,579.21,,,False,False,,,,,,1,ee733fd26a944360...
94e3feb530010840b638bf8a676823a1.pdf,.pdf,pdf,45.17,,,False,False,,,,,,1,8af2c2a1c22a4088...
94eb062a869409f7e12eed7883662926.pdf,.pdf,pdf,341.77,,,False,False,,,,,,1,340d2b7614b81ea0...
94f5e49d13ede5b81820fea81614d55a.pdf,.pdf,pdf,228.38,,,False,False,,,,,,1,1b840b39e86c5f5d...
94f8d6e64797a01f7deef619dc09be74.png,.png,png,243.15,293,692,False,False,,,,,,,0773c220162cac97...
951caaba6a64225b3f638f47eb5537eb.jpg,.jpg,jpg,69.04,1149,692,False,False,,,,,,,5f4593cd624661d2...
95372e9db50b01cfbffcd045a92c14a6.pdf,.pdf,pdf,256.63,,,False,False,,,,,,1,74b3f3fda6fb3cb0...
953ad416748b01b48767cb11cf2dfde2.jpg,.jpg,jpg,56.48,906,692,False,False,,,,,,,fb4962b3ce3d3e15...
9568cd37feb4b0bfb761c6a133fbd35a.jpg,.jpg,jpg,27.92,518,692,False,False,,,,,,,686f6a701f0ee3eb...
9585f5f393f0ae0d8d8711ba9ee27354.pdf,.pdf,pdf,568.73,,,False,False,,,,,,1,0926b7aaa67181e7...
958722197532300e8cb6a61dccf514ac.pdf,.pdf,pdf,211.09,,,False,False,,,,,,1,d5a37dedbddf97a7...
959d05620c3b5a6aab69cb7e8326f789.jpg,.jpg,jpg,12.51,276,692,False,False,,,,,,,26bd6ebe762b702e...
95a9eb7af42be9d4f371f1a63e85f7f7.jpg,.jpg,jpg,30.97,516,692,False,False,,,,,,,293e168faa7622ff...
95c2e74d270f7804c7d6b2b6b85a0bcb.jpg,.jpg,jpg,43.17,549,692,False,False,,,,,,,c5c0b3f96571fead...
95e86169cfe713802252bc934b8462d9.pdf,.pdf,pdf,163.45,,,False,False,,,,,,1,03de70bcac507f77...
95f1a59df8b66570b14d2e517c9a18a1.pdf,.pdf,pdf,438.6,,,False,False,,,,,,1,8561b38cca13c19c...
95f3d79c39213cb6041bc887ae5993f0.jpg,.jpg,jpg,38.28,586,692,False,False,,,,,,,e2bc19f5734e561d...
9605a146118036bd34d0abc0f97ca297.jpg,.jpg,jpg,808.17,1608,1402,False,False,,,,,,,208ca7367cab5bca...
96150c41b7d20fe1442094b6bfac5c96.pdf,.pdf,pdf,229.17,,,False,False,,,,,,1,85327665f8c3a345...
96223bc628fa11c9e20f511128610fb7.jpg,.jpg,jpg,53.76,704,686,False,False,,,,,,,4004d4e8a9f624b7...
9638e909e4c8e1079450bb7eef6ea992.pdf,.pdf,pdf,226.89,,,False,False,,,,,,1,aa7b1ac8a001b9e6...
963aa3175fe9081c25188d22b011acb3.png,.png,png,344.11,687,692,False,False,,,,,,,2d85f832d909d71e...
9651e44f97e7c872200c9b43c0371c56.pdf,.pdf,pdf,86.4,,,False,False,,,,,,1,dae9f79e85d90d29...
9653ded95010e7c1c7bcef13f362c62b.pdf,.pdf,pdf,239.06,,,False,False,,,,,,1,794f0403b9d8c9df...
968d1d58bb0dd2722ae3e931a7d2d119.jpg,.jpg,jpg,32.76,553,686,False,False,,,,,,,b58605f36866e17c...
9691b3d946520023f202d5ef564b3658.pdf,.pdf,pdf,2338.05,,,False,False,,,,,,2,4dcfb89f29e444b9...
96ac0de62ba1cb947b43bfdc21581812.pdf,.pdf,pdf,60.67,,,False,False,,,,,,1,9e3344468c4d5a85...
96acc6272730f20f3ce1a40ee2b7d79e.png,.png,png,1400.57,1280,927,False,False,,,,,,,24939f1052cab04b...
96bde6de9785446de176daccba96a4d6.jpg,.jpg,jpg,23.13,514,692,False,False,,,,,,,a817e904d890ed82...
96bfdc6aba8c3aecd3dcf4662857b45d.jpg,.jpg,jpg,243.61,2088,1838,False,False,,,,,,,a7eed1ccb3c7b20d...
96e3237f94039696e9d030bc9a6aa1e8.png,.png,png,373.59,642,692,False,False,,,,,,,0337fe34db1b1784...
96f1c3f072bd11476db1638f4be6732e.jpg,.jpg,jpg,26.94,513,686,False,False,,,,,,,8d4eba23af9f77ee...
96fa5729d41dad8f93cfa73b29cd0542.jpg,.jpg,jpg,26.61,471,692,False,False,,,,,,,05c8a247a1350775...
972167e3609a1c11496932c81207196e.pdf,.pdf,pdf,299.38,,,False,False,,,,,,1,a5782a58506b7422...
9736722076a930fdd184400fb23d0a70.pdf,.pdf,pdf,406.27,,,False,False,,,,,,1,72a0c741e3e4afbb...
973c2209466cddc0fb8d7ec3f35e9483.pdf,.pdf,pdf,262.33,,,False,False,,,,,,1,d084261cc0fbede1...
973f9747f5e7ff35671e71436bce062e.jpg,.jpg,jpg,26.66,413,692,False,False,,,,,,,c798c15e2f5a613d...
9749bf7ed9323bb0ffb6a42d0fa7dc42.pdf,.pdf,pdf,222.69,,,False,False,,,,,,2,21ecaad04c8b171c...
97546846c3968a5dc30f049fd495534c.pdf,.pdf,pdf,249.8,,,False,False,,,,,,1,de7e66bd15a1f4e8...
9767648c792bc695efc6a2accad0ffcb.pdf,.pdf,pdf,219.68,,,False,False,,,,,,1,0d237195d96ab4f7...
9768e0eb9ae8ef3f13dd66eb60ec5782.jpg,.jpg,jpg,23.81,454,570,False,False,,,,,,,f0e0ad76a1fe67b8...
977399024f1f45fc379eb0fac16f3634.jpg,.jpg,jpg,35.97,549,692,False,False,,,,,,,67733d81e9628e5f...
9777129965399d3fc56eba4fa24e0a54.pdf,.pdf,pdf,352.21,,,False,False,,,,,,1,8bf4e5f5a868e058...
9789fb99ad58245e07e3d4b1617a5c4e.pdf,.pdf,pdf,349.46,,,False,False,,,,,,1,0aaa61e4397f5d4e...
978ce481f1816a79697afca375902edb.pdf,.pdf,pdf,266.5,,,False,False,,,,,,1,9c4952eed9e54095...
979270c38407502b89029b43f99215dd.png,.png,png,492.5,1185,692,False,False,,,,,,,cc08285fe215f8e2...
979893ea51e7311fe48e62a74b04a93f.jpg,.jpg,jpg,369.06,987,1237,False,False,,,,,,,337a12b23506594b...
97afd02538e83d31369a534af6408c10.jpg,.jpg,jpg,33.11,620,692,False,False,,,,,,,3f277fcefbc02d7c...
97b56d69d076cce0d6677702e0e59714.pdf,.pdf,pdf,262.29,,,False,False,,,,,,1,70933c5b58fe3ed3...
97c20218191be2010b0c8e6ca5d27dab.pdf,.pdf,pdf,169.88,,,False,False,,,,,,1,8658959a107859d8...
981f90c190756078c9125221b8098425.jpg,.jpg,jpg,27.18,592,664,False,False,,,,,,,a62727424d66acf7...
987d1e993666fb36f57fdeaf190bb349.jpg,.jpg,jpg,33.96,893,686,False,False,,,,,,,5a58900d2f879245...
988c94dd1859f6f6ea990634c7f7615c.jpg,.jpg,jpg,119.32,1568,686,False,False,,,,,,,a2600c4d45941572...
98a638dce3a654658ad2a3e110115751.jpg,.jpg,jpg,129.33,1857,692,False,False,,,,,,,b5ab5b200affebe1...
98b909d78c1beb1a2ebfca6f1f959764.jpg,.jpg,jpg,47.19,655,692,False,False,,,,,,,2ceec04ca438420e...
98d13150ff51b0eb6bf1c3cbac23e319.jpg,.jpg,jpg,197.26,1355,1604,False,False,,,,,,,8e8c854882c08c95...
98d8cf2b7aa44492bb6f662ec0138207.pdf,.pdf,pdf,406.98,,,False,False,,,,,,1,482903bb643e2a10...
98dd724110fc1ce7da38718f9cab80b9.pdf,.pdf,pdf,104.3,,,False,False,,,,,,1,006f49df8f18bc1a...
98e916bdd1411246e8cf83874bec7041.jpg,.jpg,jpg,55.06,768,960,False,False,,,,,,,aeeae5c2bdf1f688...
98f8f57a0619a18a8ea7ae63b2f82da4.jpg,.jpg,jpg,176.06,548,755,False,False,,,,,,,6a572bbeb60949ff...
993cfb8783fcaaf07ad1188a1f29652c.jpg,.jpg,jpg,25.24,550,692,False,False,,,,,,,a79ad5f62548c01f...
993e87aed23e36e670bb6351f1a7f274.pdf,.pdf,pdf,78.89,,,False,False,,,,,,1,d201356244562293...
9942f39f4def490a815c40928b6ff825.pdf,.pdf,pdf,217.48,,,False,False,,,,,,1,29934616936775f1...
99509b238355358af07419c8d107dbf8.jpg,.jpg,jpg,20.7,442,692,False,False,,,,,,,264d3045590723d4...
997c84de3cac550bfc9de7cdacda23df.pdf,.pdf,pdf,108.05,,,False,False,,,,,,1,4fa4c08c4b46b0da...
99bb10f4c4be05fb66dd6dedc23389d8.pdf,.pdf,pdf,334.13,,,False,False,,,,,,1,93330f3dfd7422af...
99bbece5b3c9888fbfeb80c5c0f82dfb.pdf,.pdf,pdf,361.17,,,False,False,,,,,,1,b92669f87f901312...
99c3a74018ce4c2e69e52ee9f83272fd.jpg,.jpg,jpg,4135.38,2400,1215,False,False,,,,,,,f1a11b7e8cd5c40b...
99dc9f218a31be0489fc7e5f32c81c1e.jpg,.jpg,jpg,5.92,144,194,False,False,,,,,,,233e64b5f8944176...
99fca48c8756dcd68c55608f892e77ba.pdf,.pdf,pdf,137.37,,,False,False,,,,,,1,c787d6042f2bea7f...
9a07c9c05932e65ed92c46ccaa5b93c8.jpg,.jpg,jpg,31.46,488,686,False,False,,,,,,,8b4f2c083f55751e...
9a1bf1e75b33767d8a49cf514ea00c66.pdf,.pdf,pdf,898.13,,,False,False,,,,,,1,5eb6d50a0494f5f9...
9a544f58c6aede0b730f9d5c1742403d.jpg,.jpg,jpg,26.89,513,686,False,False,,,,,,,63aa5e23e3780c6d...
9a7c7db681f815add148d0d8d45097c9.pdf,.pdf,pdf,480.85,,,False,False,,,,,,1,b13f114bdff27141...
9a7ffbb180e9131c4f6eacf03afbb291.pdf,.pdf,pdf,456.23,,,False,False,,,,,,1,41d6c78981f4ed4e...
9a857e940d48750404c30b43b0bb600c.pdf,.pdf,pdf,939.59,,,False,False,,,,,,1,6ca99db86d3cb79e...
9a8dc8631635371773c27e8130bbc4e3.pdf,.pdf,pdf,340.08,,,False,False,,,,,,1,93eeb0ee9bacef26...
9a8ffba228005a76e936a005910b4074.pdf,.pdf,pdf,191.48,,,False,False,,,,,,1,6d3509fafcf79171...
9aaff42840137607f45ee6ce498a4ac3.jpg,.jpg,jpg,28.19,465,692,False,False,,,,,,,896072f1b60cafa8...
9ac19a327ba6966cd49b12a0b7fe8180.png,.png,png,2225.9,791,2248,False,False,,,,,,,99cc32b9b8c2a2e5...
9ac808c06d3f3133fb6d6be720c491b3.pdf,.pdf,pdf,221.28,,,False,False,,,,,,1,dfd52781f85dd129...
9ad213e85bbbddb1e0155dbe8e230c67.jpg,.jpg,jpg,35.8,513,686,False,False,,,,,,,31c598082f44a873...
9b00d73ae254656e0ac75ae7d98436d5.jpg,.jpg,jpg,26.42,513,686,False,False,,,,,,,709f9922cef6bb4d...
9b25d88c67f989c8f474e5ce0172b0d2.jpg,.jpg,jpg,28.51,642,692,False,False,,,,,,,cfefc5c6786daa0f...
9b272607c979ce6785727c9f3c0de873.jpg,.jpg,jpg,36.7,513,686,False,False,,,,,,,0a3542d857f27782...
9b44c395a45d59adb10d08b5a94f28fb.pdf,.pdf,pdf,114.65,,,False,False,,,,,,1,22d805765fc448d2...
9b6e5dc8429d0288fc8d768ae6d3ee7f.pdf,.pdf,pdf,244.7,,,False,False,,,,,,1,82c5ff2e146d278f...
9b96ee7f05673ae531176c7786b53977.pdf,.pdf,pdf,236.1,,,False,False,,,,,,1,7761f1646f7931ff...
9b9a314ced2b3d0bc3aebd23b0f0c1cf.pdf,.pdf,pdf,390.09,,,False,False,,,,,,1,2d5098572d322f8f...
9ba42c884c9a263f5bddb9feae54a9cd.pdf,.pdf,pdf,229.16,,,False,False,,,,,,1,4562020a4ca41260...
9bb0059fa1a2c1e26f54ba173996fe34.jpg,.jpg,jpg,34.21,500,500,False,False,,,,,,,155c01f1201ce7f3...
9bb2f32f44486555e5bf6af568d7df7a.jpg,.jpg,jpg,28.27,550,692,False,False,,,,,,,2304df3a5e16632d...
9bdc016153112cd374f37e0112540e62.pdf,.pdf,pdf,534.12,,,False,False,,,,,,1,27cb4c8d6ab15e34...
9c0620bd3f1f410ca9e4498dba518646.pdf,.pdf,pdf,474.49,,,False,False,,,,,,1,f36e9a7e2f968625...
9c3690d3af5c196652a281dedac75ba2.pdf,.pdf,pdf,527.19,,,False,False,,,,,,2,0eac1081940093da...
9c3bdcc1bcbf01036f27e71d762461cd.jpg,.jpg,jpg,36.22,552,692,False,False,,,,,,,3104ad622e1aafe3...
9c755c349dff1f43c9523bd43c33b258.pdf,.pdf,pdf,239.81,,,False,False,,,,,,1,88dc5a15439e5e49...
9c98abe4f24d186655415489814ba5b1.pdf,.pdf,pdf,881.85,,,False,False,,,,,,1,bf6cb0156d9ff094...
9ca3f1339ebdf4e39d66f8e36b16d396.jpg,.jpg,jpg,38.78,553,692,False,False,,,,,,,fe33044fa0d7802f...
9cbac9aa045c7698795e5b8bfae011a7.pdf,.pdf,pdf,308.14,,,False,False,,,,,,1,eabf2c8d359c27f1...
9ccab053da91183d259957796bad06a7.pdf,.pdf,pdf,1987.76,,,False,False,,,,,,1,5fee5f8d99456c31...
9cd29de57c5e8eab5560eb1f095b58c1.pdf,.pdf,pdf,241.61,,,False,False,,,,,,1,1de47f583ed2e028...
9cd6104a8b03e219ec55dcde345edc0d.pdf,.pdf,pdf,135.95,,,False,False,,,,,,1,b405bdaac808ca60...
9cea22568bcf1ddc668368ca04bb5c57.pdf,.pdf,pdf,183.78,,,False,False,,,,,,1,c15cc8422f466674...
9cfa9351db257d37897a741b1628b4fc.png,.png,png,335.37,514,692,False,False,,,,,,,bb91d0abd740d3a6...
9d0370e8f612a1a176ba30c9e1e2cd22.pdf,.pdf,pdf,296.68,,,False,False,,,,,,1,8d64ff075080c533...
9d092dd00ee23f46301304ade7602b1b.jpg,.jpg,jpg,29.62,513,686,False,False,,,,,,,8dcdc162e0e8a8a2...
9d09a2f19346eae7b8a984a039443ee2.jpg,.jpg,jpg,18.78,402,632,False,False,,,,,,,0c84c19bba2fb54b...
9d40b3c21df5dbd4bfe33173e3df76c3.pdf,.pdf,pdf,119.68,,,False,False,,,,,,1,eba5c618c49872c2...
9d5e5bc6a60e8f11615de3b61a0df407.jpg,.jpg,jpg,26.31,384,692,False,False,,,,,,,e33e0e5ca440d4dd...
9d6357817ee1f2e7f02d6aa094547c31.pdf,.pdf,pdf,243.47,,,False,False,,,,,,1,59d810b21bb0ab8f...
9d666408b3c2a40e365c13193847dff5.pdf,.pdf,pdf,119.64,,,False,False,,,,,,1,2f14f8ce6812c6ae...
9d6ad15714dd2cafc3bd0f01dd0a0faa.pdf,.pdf,pdf,60.52,,,False,False,,,,,,1,17d87332f06ee74a...
9d72626450db0dad725c8b1c9baca03b.jpg,.jpg,jpg,23.17,609,692,False,False,,,,,,,61d8e6bd2211b0af...
9d757ac60c7efe85b8c56c793f3693b0.pdf,.pdf,pdf,6260.94,,,False,False,,,,,,1,ebe8839b7d5609b7...
9d9b41a9a930a94652eed3a9b3871363.jpg,.jpg,jpg,15.34,400,500,False,False,,,,,,,f5be877f2c97fa68...
9dc2f5e503cf952193f773906be8c938.pdf,.pdf,pdf,50.42,,,False,False,,,,,,2,79d38900aeda2348...
9dd37af33ee3730e722d6f44a33233fe.jpg,.jpg,jpg,8.66,282,379,False,False,,,,,,,3e20376dc13bc69c...
9dda47da3cecb4a78b51a38eeaed3ac0.pdf,.pdf,pdf,378.13,,,False,False,,,,,,1,b6977a10f5184931...
9ddbaf7d2aae869d9b8028f8151a1ba2.png,.png,png,631.49,827,691,False,False,,,,,,,72d7133cfff510a4...
9e0120d5d09118ca8f4c907b94b681f9.jpg,.jpg,jpg,46.06,915,692,False,False,,,,,,,1e2bcdad5bd7c57c...
9e08b246ae1f43b9517458f706c94176.jpg,.jpg,jpg,28.52,519,692,False,False,,,,,,,655f134d4c793e2d...
9e165fad1bfd0d18772954afdd9bfb31.pdf,.pdf,pdf,200.8,,,False,False,,,,,,1,a2a1a67800652da3...
9e38f8e1e357414b6ddc0dc61ab1d966.jpg,.jpg,jpg,27.25,522,686,False,False,,,,,,,c49a06b68c3437e6...
9e3909ee89d903354de4d4ac8060057a.pdf,.pdf,pdf,141.02,,,False,False,,,,,,2,cffa2f7426f16742...
9e647a7926eb6fdafe2f79cf0792a9ea.png,.png,png,238.07,464,692,False,False,,,,,,,678966dd5b2a3ca0...
9e6ab49c7b2b54cd963b2259e6cfe0e3.pdf,.pdf,pdf,385.4,,,False,False,,,,,,1,3cfd3d398d2f5c57...
9e8816a2f36fa1f772f66552c684c762.jpg,.jpg,jpg,24.2,513,686,False,False,,,,,,,9d622ab70897b6de...
9e89e208191a31231be5485d14ed3224.pdf,.pdf,pdf,268.26,,,False,False,,,,,,1,0db0a5a79811d3b3...
9e8e434869b054d8522d64c06dc3455c.pdf,.pdf,pdf,1841.89,,,False,False,,,,,,1,2f2a7aad2064c88c...
9f0715479b6f132fb84a0b6e784b4953.jpg,.jpg,jpg,28.37,513,686,False,False,,,,,,,75a7a7e3a1399ff5...
9f32689ee1aada9cbebe8093aa8ef297.pdf,.pdf,pdf,573.14,,,False,False,,,,,,1,a18a56f08af356b5...
9f866b961421b44aab68b565b68e6294.pdf,.pdf,pdf,615.42,,,False,False,,,,,,1,d264dc144a0944c9...
9fa3ae4d2b604a5e890d6f83ba437fe8.jpg,.jpg,jpg,25.1,517,692,False,False,,,,,,,6a145a5a6b7a4a49...
9fabdc8f0f10a07fa59028d498ab3aec.pdf,.pdf,pdf,272.78,,,False,False,,,,,,1,928ad2d8743f83a5...
9fb1a8405401d9b259021b4c448b006d.pdf,.pdf,pdf,142.88,,,False,False,,,,,,1,aa358932ba046a57...
9fc20f249c7be1598f83bab2eea6ddc5.pdf,.pdf,pdf,174.58,,,False,False,,,,,,1,266a8e1b63031a8d...
9fd7d9861741ffe5340c827a58be9ad0.pdf,.pdf,pdf,165.85,,,False,False,,,,,,1,48ff3807c60bcb62...
9fd90a146addb677a1983fc5ef9b6aba.jpg,.jpg,png,310.2,581,692,False,False,,,,,,,cd193026aebeaee1...
a00d48c929efb47e5703e40979895b4c.pdf,.pdf,pdf,169.65,,,False,False,,,,,,1,974dad50578016cf...
a0477152a615a9996d85cf8d13b4942f.pdf,.pdf,pdf,3118.85,,,False,False,,,,,,1,1a3bce90cc9f3b92...
a05f6e39702f7164ce20a297f025eb07.jpg,.jpg,jpg,37.54,513,686,False,False,,,,,,,d267ca3f406b1072...
a0691240ea7d1d868a2f9f226ab6e83f.pdf,.pdf,pdf,137.0,,,False,False,,,,,,1,4cf237d6f2db9764...
a07ac73ddef46e4567c519e621c5a1a4.jpg,.jpg,jpg,30.09,513,686,False,False,,,,,,,9849c2df6e8d4e88...
a0927df2c96d842a1c569046e334ad14.jpg,.jpg,jpg,22.97,513,686,False,False,,,,,,,24a81c2da3b8cddf...
a09bd81d28cfcc6bade1821bde16e8d0.pdf,.pdf,pdf,344.42,,,False,False,,,,,,1,1fd45787b881d86e...
a0b3a2213e488173a8689df7f3672d0f.jpg,.jpg,jpg,46.36,513,686,False,False,,,,,,,16565f888581bbb1...
a0c84c0a8c802a41728bc8dcd2619886.png,.png,png,474.33,696,692,False,False,,,,,,,3bc642bff0c1adb8...
a0d858e578a501c9a45b541b2b4b861f.pdf,.pdf,pdf,240.21,,,False,False,,,,,,1,f736c4150a54054a...
a0dec72df5a8f3af4419cff8228a2194.pdf,.pdf,pdf,458.31,,,False,False,,,,,,1,4c40ca1dc9d4b6a5...
a0f7e6af953737068b61bc4ddccdadcb.pdf,.pdf,pdf,3743.9,,,False,False,,,,,,1,9b1af4bcec24d135...
a11328e929549fda731e3ae411e72f7c.jpg,.jpg,jpg,25.62,566,692,False,False,,,,,,,4507f7a51551be9f...
a1448099f212c69c6ce4ebf10d6a163b.pdf,.pdf,pdf,229.08,,,False,False,,,,,,1,e58a91a7e7c55c42...
a14d92958cb1eb679532d7c30fb4dbdf.pdf,.pdf,pdf,2730.73,,,False,False,,,,,,2,274fb5e283d57936...
a150188284d60b759d0a4d8362c05ee2.pdf,.pdf,pdf,1770.11,,,False,False,,,,,,1,9e87f31089e8a31d...
a18bde4dbeb7f8a74da28a332e269cb9.pdf,.pdf,pdf,211.87,,,False,False,,,,,,1,6665abb9d8160af2...
a193448abe19de065d7c33f897a6d35b.jpg,.jpg,jpg,22.34,495,692,False,False,,,,,,,da6f4f0fa6bde1f5...
a1ac47c86b2456ee5428db744928804f.jpg,.jpg,jpg,33.14,503,692,False,False,,,,,,,12284d5e84331214...
a1ae27ed07811cbee7122dc8041766ee.pdf,.pdf,pdf,143.48,,,False,False,,,,,,1,d1b601c9dd40b8ab...
a1cedaa756c43de9d3103a4d5e71b4d4.jpg,.jpg,jpg,23.65,477,692,False,False,,,,,,,75c36ce21dfd118c...
a1d1671a50df00f14cd308d19eb5d783.jpeg,.jpeg,jpg,41.39,481,692,False,False,,,,,,,d15032edec371122...
a1f6daeabcc613d02abe156268b05e78.jpg,.jpg,jpg,14.4,356,692,False,False,,,,,,,adef9376f0d71246...
a21831c60d9fe12a09840c38aef8a79d.jpg,.jpg,jpg,48.61,595,1024,False,False,,,,,,,d81e9877bdee5de0...
a232a500cfb7cae5342ab287264ff71a.pdf,.pdf,pdf,776.08,,,False,False,,,,,,1,836f4ec1f90e8225...
a241e42a4c3770929398e1ce57aec4b3.jpg,.jpg,jpg,31.25,482,692,False,False,,,,,,,130b85dafa48c005...
a2597de04891f18f0ef8294ca3fb7cb2.pdf,.pdf,pdf,369.49,,,False,False,,,,,,1,3b3a89c3b00ca28d...
a25a791f421f6503648e1d0f27a6e460.jpg,.jpg,jpg,20.56,562,692,False,False,,,,,,,ee9ce17d3198b246...
a2733bef3f8ff93fe8d37b0b99ecb627.pdf,.pdf,pdf,445.94,,,False,False,,,,,,1,54ea693de55b77a6...
a293e70a59165fc98048f002ce54fcbf.pdf,.pdf,pdf,390.98,,,False,False,,,,,,1,e1ad97d320c2f3a3...
a2b2856506ddffbc8f0adec00ddd6218.pdf,.pdf,pdf,273.0,,,False,False,,,,,,1,c4eed128dedbdf27...
a2e64932527b7e90e516e652c87727ca.pdf,.pdf,pdf,681.88,,,False,False,,,,,,1,bb3450cab8324049...
a2f27b0163d2c00e4a14bd61c357960c.jpg,.jpg,jpg,135.55,1520,1898,False,False,,,,,,,0260af1a091c18dd...
a34c5b6bdb74b852a1bb31ef17b0d4f1.jpg,.jpg,jpg,74.52,1076,692,False,False,,,,,,,2a27a8dafbda7887...
a366adaac7207b9ef128c87853642ed9.png,.png,png,258.97,507,692,False,False,,,,,,,c3481c4eb6a6bd77...
a3695ccdda15bd3048cded37238f28df.jpg,.jpg,jpg,29.21,494,692,False,False,,,,,,,3883108246f3627b...
a386d65cb09a6ef3e4212f0a3e5bb875.jpg,.jpg,jpg,41.82,570,762,False,False,,,,,,,c587b1ff7b3e5a84...
a38934e48d113101137f6ea9075befee.pdf,.pdf,pdf,192.12,,,False,False,,,,,,1,fe0cf3dab37b4866...
a3b2f424f5b8a41d69414e2a39697f5e.pdf,.pdf,pdf,221.64,,,False,False,,,,,,1,3c50f2c35c64269c...
a3c72e4e8078c300ae236c51be2192cc.pdf,.pdf,pdf,320.87,,,False,False,,,,,,1,9c39efe66894e223...
a3db1a79453fa708cf38e0c3adcd8e04.jpg,.jpg,jpg,33.03,532,640,False,False,,,,,,,1940cd6fe75ad7a7...
a3f1d8aea3e4f6821b7adc53a27e74c5.pdf,.pdf,pdf,337.84,,,False,False,,,,,,1,de2205e500a070dc...
a3ff28ccafc32ac614103c0dad1fbc48.jpg,.jpg,jpg,32.62,518,692,False,False,,,,,,,f032febbd58fe90d...
a4068388e0c18524b053b5262f72333b.jpg,.jpg,jpg,35.55,509,686,False,False,,,,,,,87149c768755b37c...
a40d246002fe39ada6b25be12da683fd.jpg,.jpg,jpg,28.42,666,692,False,False,,,,,,,e055295389a766bd...
a42a6f986b15099c8be26f57a91e39aa.pdf,.pdf,pdf,482.82,,,False,False,,,,,,1,0fcadd2f5b09f8e4...
a4354798960f26c509ad79eace873b94.pdf,.pdf,pdf,316.26,,,False,False,,,,,,1,929b3ceea6430330...
a4727f89326a185e59bf207e1ca1b691.jpg,.jpg,jpg,34.03,682,692,False,False,,,,,,,3f9610cc94b40efe...
a4ab6e9e208b57f8e14ca28c398e0da5.jpg,.jpg,jpg,44.65,920,692,False,False,,,,,,,826012a118501cfd...
a4c98655e195a289f6c67cfa0c514c67.jpg,.jpg,jpg,26.35,596,692,False,False,,,,,,,2e51079e477ae1c3...
a4d1ff2e6b1d6d34db306dadd87eeb03.jpg,.jpg,jpg,25.07,546,692,False,False,,,,,,,2b1db1c578b3e04f...
a4e07d4a5276dfa9b1f9be4976260f20.jpg,.jpg,jpg,11.17,276,448,False,False,,,,,,,67ba81b98b74f522...
a51c3adf938b0feb925b534c6a44fcb8.pdf,.pdf,pdf,466.13,,,False,False,,,,,,1,d7eab035331b200a...
a531b74782be19a09b678d801b48d9b5.png,.png,png,325.98,600,652,False,False,,,,,,,a55087efa9620edb...
a531f360c81b9e09c519e0af83631c93.pdf,.pdf,pdf,242.11,,,False,False,,,,,,1,f167a6741888daea...
a55a99b70a1a6a70b88f90ca83665697.jpg,.jpg,jpg,6.97,224,552,False,False,,,,,,,b4e0560cfdff359d...
a55ef6f05419f0912a8846c94acf467f.pdf,.pdf,pdf,222.41,,,False,False,,,,,,1,ec171e11ea99c885...
a5658ca9ea4dcc187f371f3a9b992975.jpg,.jpg,jpg,33.01,551,692,False,False,,,,,,,9fcfa38497190b02...
a577b848fa058ac36294d03243e14789.pdf,.pdf,pdf,201.21,,,False,False,,,,,,1,57923abf80a64f4a...
a57de822c5f0513ac28442b16ffa0660.png,.png,png,227.21,542,692,False,False,,,,,,,6476bfa9a6fc3adf...
a57e93df9d27f839ca222eb6729c680f.pdf,.pdf,pdf,224.4,,,False,False,,,,,,1,4fc877870369455a...
a58b8be177b715e064e7590f2d86a3cd.jpg,.jpg,jpg,31.85,870,692,False,False,,,,,,,2172b29f1715bafb...
a58deafd63f32c26af40f6e10840721b.pdf,.pdf,pdf,586.3,,,False,False,,,,,,1,27a3ebd45f1dd517...
a59308ff5b5513ce0107df52833aed70.pdf,.pdf,pdf,177.18,,,False,False,,,,,,1,847f171411140404...
a5b8c0a2322e29f495d526d3e416382f.pdf,.pdf,pdf,159.46,,,False,False,,,,,,1,b98b9f9b61a573d3...
a5c92565b53a8c5f256df6dc2bfa9b3a.pdf,.pdf,pdf,531.66,,,False,False,,,,,,1,f4880e9bfce36e10...
a5e8efa343b6a44e39f9a02844bc42e5.jpg,.jpg,jpg,24.37,495,692,False,False,,,,,,,5791f244a5600f0b...
a5ec1dd404ad2c7cad66c409d88e8895.pdf,.pdf,pdf,520.64,,,False,False,,,,,,1,c11983ff8925c011...
a5ee41301e58edf3290ff70b7893a369.pdf,.pdf,pdf,289.7,,,False,False,,,,,,1,d5d1acc9a22609e9...
a604d28fd872fabe02b60994bbc3c59d.pdf,.pdf,pdf,117.42,,,False,False,,,,,,1,1d509c5ade5de41d...
a64243f6c26fe912b0d562f9910c92a7.pdf,.pdf,pdf,257.33,,,False,False,,,,,,2,1b56d8a37a1d3940...
a684cd0399c51d51d0af6a7d01cd8310.pdf,.pdf,pdf,190.59,,,False,False,,,,,,1,bc2b99983dcb7d56...
a696ada283e524ef0104883236305b12.jpg,.jpg,jpg,25.59,540,692,False,False,,,,,,,5f6f662bffbd0078...
a6a14b8d7b18cde7124bf84cd69c5f86.jpg,.jpg,jpg,34.64,570,762,False,False,,,,,,,ecca5523cd859a1b...
a6a91c0c75eecaa0378bf9776863a226.pdf,.pdf,pdf,135.35,,,False,False,,,,,,1,c0504bbf77f7325a...
a6aa9c1ff4135dcd44827eb1cfbe94ec.pdf,.pdf,pdf,227.15,,,False,False,,,,,,1,70b4576af7df8f59...
a6ede1f7ddf54534c255b1416b79abd3.pdf,.pdf,pdf,348.6,,,False,False,,,,,,1,829220d4041f5b3d...
a6f091f14084cd6802be5e8a310ef90c.jpg,.jpg,jpg,62.7,562,686,False,False,,,,,,,1d4e178aa9785c4d...
a715f0ac5ef8fa0b0c01fe1ee83ef203.jpg,.jpg,jpg,20.67,614,692,False,False,,,,,,,3acd12b4397855fb...
a732c26523d08f48cc36f54d9c2d9a88.jpg,.jpg,jpg,33.07,558,692,False,False,,,,,,,556c4ebe39d4ee9a...
a73c5ff889574b35c7cf2406c1f9a1ae.jpg,.jpg,png,54.86,574,776,False,False,,,,,,,a4b87ce8899511de...
a74f45f14fab7833bb481b585cdcd192.pdf,.pdf,pdf,220.49,,,False,False,,,,,,1,965220aa2c6e072a...
a7731e404f67883f2017e6d0592690fc.jpg,.jpg,jpg,23.56,513,686,False,False,,,,,,,56ccce7ce92d0271...
a782fd25485c744aa5f5ff98333e0d0e.png,.png,png,601.94,407,719,False,False,,,,,,,960dde349b3b0bea...
a7b8cd51f4d39b293ec43d9701ca7fb2.pdf,.pdf,pdf,124.49,,,False,False,,,,,,1,ca0d0fc587dccaa1...
a7d34ac8aa81524ec017100e954e383f.jpg,.jpg,jpg,45.61,672,692,False,False,,,,,,,c49707a8457291f1...
a7f79f81b2ab1e69477e4cf544e076ea.jpg,.jpg,jpg,29.01,461,692,False,False,,,,,,,47c3302802be6ae9...
a83c4b95addca7f2977aeaffaae0bc7c.png,.png,png,966.94,1066,859,False,False,,,,,,,5e826e04df67e991...
a84ab135347b62eb2aaa89bcb675c639.jpg,.jpg,jpg,27.94,513,686,False,False,,,,,,,0e28d1ddf17eab7c...
a85ca863cbd9739e417ecc2641898078.jpg,.jpg,jpg,23.82,513,686,False,False,,,,,,,52a2afd16602aeb4...
a86fc44c6ee25cd881048db5db0bf2da.pdf,.pdf,pdf,90.47,,,False,False,,,,,,1,411e669272a4b6c0...
a88834af81386c98e271049107d2e439.pdf,.pdf,pdf,64.2,,,False,False,,,,,,1,fe35c888d7672a2d...
a88a21c825ad304875854548a0ca6bf5.pdf,.pdf,pdf,198.7,,,False,False,,,,,,1,6cee4547543b645c...
a8990a2ec3173078d88fda524f632108.jpg,.jpg,jpg,20.2,513,686,False,False,,,,,,,a307c87693fe58ca...
a8bf1c727fee278485c53556a02abc4c.jpg,.jpg,jpg,47.69,713,686,False,False,,,,,,,1f2de5dc12342b70...
a8d206e339f0ca23668d67fa8c509700.png,.png,png,380.3,477,692,False,False,,,,,,,e710d10ab78a4115...
a8e423e3c92006fba1b8745a68aef8a8.pdf,.pdf,pdf,249.99,,,False,False,,,,,,1,5ab4801add6363b2...
a902678c28b4e5ec0d921fb8341b4889.pdf,.pdf,pdf,259.08,,,False,False,,,,,,1,9253d8e1faa903e5...
a90c64823848aad8a28a35cdc565f1da.pdf,.pdf,pdf,553.55,,,False,False,,,,,,2,54386e05b6cbebd7...
a91690fa2291938555d03fbb6b9965e8.jpg,.jpg,jpg,26.07,427,692,False,False,,,,,,,8bc06bc53dc7dbd2...
a9382c77a185ae73b9813aacecdc612a.pdf,.pdf,pdf,300.52,,,False,False,,,,,,1,ddb82adb7bcb1398...
a94c9c13a7a76736a6fb7bf06698e902.jpg,.jpg,jpg,74.22,1451,692,False,False,,,,,,,ea98630971cf4a26...
a94e18dc360058422631b431d64f2657.jpg,.jpg,jpg,60.71,1503,692,False,False,,,,,,,169996d130cdb378...
a96a2c47554136930f1d4c140fcc2b81.pdf,.pdf,pdf,325.22,,,False,False,,,,,,1,f1696c20a027b7d8...
a96d74a445d4903188ec56306b8c0cff.pdf,.pdf,pdf,351.57,,,False,False,,,,,,1,75386e793c373d9e...
a98dbb6868c451b26203ebd025d73bb7.pdf,.pdf,pdf,289.88,,,False,False,,,,,,1,7877c882afe0773e...
a9aec9567cbc39d2ed59edd99c183ba2.png,.png,png,1249.0,923,1277,False,False,,,,,,,2263a07f38b96cac...
a9b1f914e1673b02f1e7ab25c4d0389f.pdf,.pdf,pdf,317.75,,,False,False,,,,,,1,bc960be26714755d...
a9b9c3126f9419d4fbe9e2b489055646.pdf,.pdf,pdf,174.9,,,False,False,,,,,,2,0f3059bc4ecf38a5...
a9ba089253f4612fb7fa4ab3a606ee18.jpg,.jpg,jpg,22.0,402,692,False,False,,,,,,,d96843d50314f0d8...
a9c7fd538a91cbba92857048b2c32c82.pdf,.pdf,pdf,227.08,,,False,False,,,,,,1,179da969b30e5861...
a9dd1713867ef87585d19ddf8065bd42.pdf,.pdf,pdf,211.4,,,False,False,,,,,,1,d4d8bf4b3d8e372e...
aa0b2d224e8ba86b76430c37eac6c036.jpg,.jpg,jpg,38.1,513,686,False,False,,,,,,,654db1308cc2bb95...
aa4d10d55045f8758aee0463ec1b06bd.jpg,.jpg,jpg,96.87,1220,997,False,False,,,,,,,441cadfa4365c837...
aa5136410031333a33118606637f48ea.pdf,.pdf,pdf,138.81,,,False,False,,,,,,1,bbfb295e4346dc17...
aa5716b017de313fb8dbb7714844863f.pdf,.pdf,pdf,254.66,,,False,False,,,,,,1,ff33d93aa7f30815...
aa9638c81d42f83a1566d312a1caa2b4.jpg,.jpg,jpg,83.46,1734,686,False,False,,,,,,,ab0c5b309fca1ef3...
aaa846c49e45913bad8e055bc21a82fd.png,.png,png,256.51,631,692,False,False,,,,,,,801498d161626225...
aaddbe3fac26dedc8f97b262a24fc02d.jpg,.jpg,png,130.76,574,776,False,False,,,,,,,aff9386d89781304...
aaee1ef96436508898cb0722f9a60614.jpg,.jpg,jpg,23.99,558,692,False,False,,,,,,,c2d92672bb1d65ec...
aaefdde5c14a57ad7ee2d5b79df823a6.pdf,.pdf,pdf,205.61,,,False,False,,,,,,1,d19fb80139525e0e...
ab020fd129b1ae7595e43eb3e1cd7dd1.jpg,.jpg,jpg,16.94,510,692,False,False,,,,,,,377f48a92ee7d83d...
ab037981b1ffce1d38f19aab903f35c1.jpg,.jpg,jpg,29.89,536,692,False,False,,,,,,,44dc3981f75d3423...
ab1977456b84d58d12ffdbb8a94517ca.pdf,.pdf,pdf,860.83,,,False,False,,,,,,1,62b37b55b546dc72...
ab2cff438b3c64db95b8be15fe08ef64.pdf,.pdf,pdf,320.33,,,False,False,,,,,,1,2e6c5aa010c1fd51...
ab318912e63dc12d7661e8893fbdb343.jpg,.jpg,jpg,95.2,1744,692,False,False,,,,,,,ea62317c377707e0...
ab3abbd0493d6fa45c4dfcaf673221ef.pdf,.pdf,pdf,229.97,,,False,False,,,,,,1,22c049ffd861805b...
ab3d46615f84d2294e293b6463d34e12.jpg,.jpg,jpg,56.43,530,692,False,False,,,,,,,f857d3dffcb625e5...
ab46310ff2e9bd8f24cae03a0556078f.jpg,.jpg,jpg,34.73,608,640,False,False,,,,,,,b2ae6ff2c2ebfc67...
ab47654b877779bba3be7fb50d9e7aec.jpg,.jpg,jpg,26.93,488,692,False,False,,,,,,,d834117ac33a7a54...
ab5cdd646769119bf6bbec901e2c4ca8.jpg,.jpg,jpg,20.45,467,692,False,False,,,,,,,41a926144374db08...
ab5eec97eaf072f2e5d4490b5d500677.pdf,.pdf,pdf,214.0,,,False,False,,,,,,1,5f74fe56c1d1a113...
ab5eff1a289ca7821e7bbb0fe6712eca.pdf,.pdf,pdf,481.16,,,False,False,,,,,,1,d16ea881490f4e7c...
ab61c5832b2db9ccccf8dec1bec22ea6.jpg,.jpg,jpg,18.71,312,692,False,False,,,,,,,5417880c6737ce71...
ab71c11ba7a92c4f1f8ae43e4a1ee0d4.pdf,.pdf,pdf,227.1,,,False,False,,,,,,1,fa56c8b9cf8e53f3...
ab7de3621baa1fbe7426ebbbeb387efb.pdf,.pdf,pdf,222.01,,,False,False,,,,,,1,dcb498970ff91136...
abb3ae85548aad313b4f50d48ee4a54b.jpg,.jpg,jpg,21.62,532,692,False,False,,,,,,,8f71385734db88c6...
ac151d1dd15a2fe22805cbd42920d634.png,.png,png,204.32,433,1016,False,False,,,,,,,4a57e8aa3a97a965...
ac1a6eb374ff4ab9cfb185952124482b.pdf,.pdf,pdf,861.51,,,False,False,,,,,,1,729ba3c7857dd37a...
ac3569f9d202830eedd26fcd0c57ce49.pdf,.pdf,pdf,230.69,,,False,False,,,,,,1,9004030db7377d4a...
ac68df0e8fdd583eea8a97bf128014a8.pdf,.pdf,pdf,233.8,,,False,False,,,,,,1,12b2aa58472c5188...
ac6a0f9602abb3bf8875c46b8adb932e.pdf,.pdf,pdf,86.8,,,False,False,,,,,,1,3a5838b9664032e4...
ac739b913dff57b0c09685bcc318a61a.pdf,.pdf,pdf,631.48,,,False,False,,,,,,1,81cf9c64e42daade...
ac79ff0863f9508162118e9df62286f8.pdf,.pdf,pdf,623.16,,,False,False,,,,,,1,95ce5cf86af99328...
ac807f8c7e8d7f5c0d4493e78173a9a0.pdf,.pdf,pdf,961.56,,,False,False,,,,,,1,71cc362198830bfa...
ac9052c575ae4fd09f89b47cb6af394b.pdf,.pdf,pdf,219.96,,,False,False,,,,,,1,010944b526a4bdfa...
acf1f5359428b1afd49ad50c82744e4e.jpg,.jpg,jpg,16.49,368,692,False,False,,,,,,,b47b463fd67e92f4...
ad09f0b0ac9e658b4fb40749661a439f.jpeg,.jpeg,jpg,25.0,519,692,False,False,,,,,,,0e0ee8ab5a3c2d9a...
ad1dcf5af427768b684f2c379995b63b.jpg,.jpg,jpg,32.05,511,686,False,False,,,,,,,09bc197cd9ce7eb2...
ad30df5486f41ecdb894e90f3263b1f4.pdf,.pdf,pdf,107.71,,,False,False,,,,,,1,1290948df44efcfc...
ad3733128b9c49e8c7915afc95e77f4b.pdf,.pdf,pdf,1820.1,,,False,False,,,,,,1,f17458e6b24983d2...
ad3f7beff6768a949d89eebe17cff036.pdf,.pdf,pdf,326.93,,,False,False,,,,,,1,ccd7a76ca2e2eca7...
ad41350aa073598b79328d297ed09e0e.pdf,.pdf,pdf,340.68,,,False,False,,,,,,1,1012abfe924adbe0...
ad9f820103dbc6526ddbf6bd9cf40d10.jpg,.jpg,png,262.05,537,692,False,False,,,,,,,8fd8ee9d9e315857...
ad9fce56ac282a21f1694e5ee3b5640c.jpg,.jpg,jpg,26.15,513,686,False,False,,,,,,,415b86e8c8fc2d8f...
ada45f5b508a3fcd162cb1e4bb12cef8.pdf,.pdf,pdf,277.7,,,False,False,,,,,,1,6df4a6f3fdb6a4c2...
adc7d619326d336fb38ae8658b47c9d6.pdf,.pdf,pdf,311.71,,,False,False,,,,,,1,8461758b67daa1ef...
adf97c4977986a4e9cb541f3cdead4c3.pdf,.pdf,pdf,105.56,,,False,False,,,,,,1,d1d93bb53efd6975...
ae0cc3202dfa6eab1c0cd3236d7b088e.pdf,.pdf,pdf,105.29,,,False,False,,,,,,1,f00c675eac4b0278...
ae15b0ec3ab9f1757be9efd99f5cb88d.pdf,.pdf,pdf,287.23,,,False,False,,,,,,1,a050205480945d3c...
ae272300a5c9acd49ebe1fe466233975.pdf,.pdf,pdf,224.9,,,False,False,,,,,,1,ba90da3a8bead6ca...
ae38dba7f67274b1c1604fe88bf63dad.jpg,.jpg,jpg,45.44,981,594,False,False,,,,,,,afd19641dd0f8d40...
ae7551a7ac7873c8a9a23c206e2e426a.pdf,.pdf,pdf,224.87,,,False,False,,,,,,1,ab91c9429bd15aa4...
ae9ec1ba3399546f23e71b4846c7d82a.jpg,.jpg,jpg,23.39,588,692,False,False,,,,,,,6bcc81f3662b875f...
aea072d9e3131f9d0ee40ef3b344eaa5.pdf,.pdf,pdf,137.0,,,False,False,,,,,,1,dd679b7af5c2d1d3...
aeaa874ee162b95039399d8aeae6679b.pdf,.pdf,pdf,779.46,,,False,False,,,,,,1,b7be5d06ef7f44e7...
aeb2da62ae0e0b363ed60206e04951e9.pdf,.pdf,pdf,315.49,,,False,False,,,,,,1,0489ea4226b0912f...
aec64962cd04ed84aa74068a13763903.pdf,.pdf,pdf,1330.27,,,False,False,,,,,,1,55e997de0d1349b0...
aecaf6477e0a1a4702605e234dad77b1.pdf,.pdf,pdf,259.36,,,False,False,,,,,,1,cdc5c6c088e3a8f7...
af17b7aaa95e939cdc71ef17176cf56f.jpg,.jpg,jpg,24.36,452,640,False,False,,,,,,,48e2f203e7255f52...
af23ac3e397645fd260bcc8d98c60f2e.jpg,.jpg,jpg,26.17,513,686,False,False,,,,,,,917a952d217016a7...
af373e4d60fec005d48d8dbb9e141f60.pdf,.pdf,pdf,522.55,,,False,False,,,,,,1,e7f8ffbefc059ace...
af37849048a0720995f44330cf7f8384.pdf,.pdf,pdf,248.2,,,False,False,,,,,,1,1c1bfabc67528653...
af3a34d34e2533ddb4aa7ad0d0e46a25.pdf,.pdf,pdf,147.96,,,False,False,,,,,,1,98fd4a32c95ca91c...
af42045d50afeff300e49f4489230437.pdf,.pdf,pdf,146.43,,,False,False,,,,,,2,74fd1481df424f47...
af539336bdf969834ebda603156d2d97.jpg,.jpg,jpg,35.31,608,852,False,False,,,,,,,f0dbd78ec25193e3...
af5686a5400ecc701556073b293f95ab.pdf,.pdf,pdf,309.86,,,False,False,,,,,,1,fbc2910614845016...
af6d03dc24a8b4a1fcd9b152b0c4a247.jpg,.jpg,jpg,36.7,515,692,False,False,,,,,,,1de8d93852e11017...
af7726517cd7e26320eca9e8bdf3564d.pdf,.pdf,pdf,114.69,,,False,False,,,,,,1,d50c15b32711afaa...
af7fa608b3c2636af08f9432e8f14125.jpg,.jpg,jpg,38.24,359,692,False,False,,,,,,,538afba114e0376b...
af963c3eada858fbdc8edfabbd1079f4.pdf,.pdf,pdf,310.01,,,False,False,,,,,,1,0ba3eb9ec1b1f54b...
af96426e17322fc77d1823382111b30b.jpg,.jpg,jpg,21.53,542,692,False,False,,,,,,,154ed30243a4eb0b...
afa2c78c89d13881f9c22b59b85c50aa.pdf,.pdf,pdf,187.19,,,False,False,,,,,,1,b6cfcc8bfd77526d...
afa5424082400431e1b6aab636abf0ea.pdf,.pdf,pdf,602.47,,,False,False,,,,,,1,7872fdfe57e29dab...
afb28bc4d30cbd754cc3d251e0e32289.jpg,.jpg,jpg,25.08,517,692,False,False,,,,,,,b67451e48bbe9b39...
afe9deba33f31ccfbb7cc59d9b6f0081.jpg,.jpg,jpg,37.93,531,692,False,False,,,,,,,c510df288ba50886...
b0471fafdba9336b2f958adc7f95994a.pdf,.pdf,pdf,210.19,,,False,False,,,,,,1,527520f39d5bf88a...
b05b95be97dff93e9cf4d734de600966.jpg,.jpg,jpg,30.36,513,686,False,False,,,,,,,b8670463ac6ab05f...
b09665b563659cf5c5e53191da9e3586.pdf,.pdf,pdf,1913.87,,,False,False,,,,,,1,f53e188f1a35d0ef...
b09763bab3ce42d546e7bc7846be9668.jpg,.jpg,jpg,32.86,758,692,False,False,,,,,,,4f3179f1e017101c...
b0af3e48d769b5220c7e0e685d95c456.pdf,.pdf,pdf,166.64,,,False,False,,,,,,1,cecfe1eba11801b8...
b0b68110b4e1cf62a60ffab332eab585.png,.png,png,401.14,527,692,False,False,,,,,,,06f77418e39782f3...
b0c2e5f157f11b00f9ced647f2e00344.pdf,.pdf,pdf,658.62,,,False,False,,,,,,1,4d4db55e4a195423...
b0d920fad963abc22fc256b554932dcc.pdf,.pdf,pdf,242.74,,,False,False,,,,,,1,d895f0c2161662be...
b0d946ea3aaa967deaea94a32aab6e84.pdf,.pdf,pdf,314.92,,,False,False,,,,,,1,c2793f7ff260b49e...
b0e2ec29f7e72074c7112fc4cd3eaf6f.pdf,.pdf,pdf,456.65,,,False,False,,,,,,1,2cfb20ff3a11fb7e...
b0ea32e78ecd627d690b7a06b8127830.pdf,.pdf,pdf,605.6,,,False,False,,,,,,1,2b2520319a3ec11f...
b0f530f427b6e5f686609fa228f39ebe.pdf,.pdf,pdf,2256.16,,,False,False,,,,,,1,5fe4c03a03cf697b...
b0f84589c61c43e2c6fa4a37efbec2b6.pdf,.pdf,pdf,103.77,,,False,False,,,,,,2,994fe4d61c623a1d...
b13b7fba8b6323e6c8019e2f9fa3c8a1.jpg,.jpg,jpg,53.2,529,692,False,False,,,,,,,8a31b1b71ad023d9...
b155570f11db07523f0de89e640a2580.jpg,.jpg,jpg,44.3,547,686,False,False,,,,,,,cd2e8675246d7d15...
b1728703eadb2fb9592a688fcb0df2da.jpg,.jpg,jpg,48.34,828,621,False,False,,,,,,,1032b9b96e717213...
b1af3d7749137c850054968eb152cb54.jpg,.jpg,jpg,152.62,657,768,False,False,,,,,,,8e8da325ff61dc10...
b1b06420d5e69f304dbefe198a621696.pdf,.pdf,pdf,301.27,,,False,False,,,,,,1,839c5b3a4371c195...
b1b941d3371425f9aec55488c3cf5909.jpg,.jpg,jpg,16.58,362,692,False,False,,,,,,,63078e9071ee6236...
b1cb99938bcd2e68ce8e356397d2876e.pdf,.pdf,pdf,535.91,,,False,False,,,,,,1,84932b525e3ac84f...
b1e8360a2d1abc47c16deb6f1f6f0ced.pdf,.pdf,pdf,575.61,,,False,False,,,,,,1,2aa82e66bd17e550...
b2054954d9b05bb80c0d8a4d1fbe08dd.jpg,.jpg,jpg,24.5,400,500,False,False,,,,,,,ad47e7f055ecbf88...
b22bd7c849a09e6590727647a0e8c8c2.pdf,.pdf,pdf,672.43,,,False,False,,,,,,1,f7001321261c675d...
b24755924ea2ffc3ad6d6dd0a7e261e2.jpg,.jpg,jpg,480.62,1456,2152,False,False,,,,,,,ab8303763072054e...
b2550449ea1ad7278e2ff3f3eedf4e80.pdf,.pdf,pdf,235.37,,,False,False,,,,,,2,25eb7aefcbcd955d...
b25598553ead824f2d4e388b85e35434.pdf,.pdf,pdf,147.19,,,False,False,,,,,,1,b751742074b54881...
b265afff6f3d1bc20992a662c779d313.pdf,.pdf,pdf,1557.58,,,False,False,,,,,,1,e91532dfcac62a9d...
b272a2ecee9bf56da246d68df5f575be.png,.png,png,271.77,510,692,False,False,,,,,,,6ce8c3ee01a05ada...
b2acb2c4a65c7a6a2cabfea8cc960b76.png,.png,png,322.64,512,692,False,False,,,,,,,e406af508f2c045d...
b2af2d4649a54ac772e633a6315b249e.png,.png,png,884.04,723,1207,False,False,,,,,,,f62b9330c2398309...
b2b251a869b4d03517b2ec096623af40.pdf,.pdf,pdf,873.01,,,False,False,,,,,,1,e5eacc986b7c632e...
b2bcbc9d4acf859c91814acc8e27a922.jpg,.jpg,jpg,17.65,513,686,False,False,,,,,,,99c3cda91b9ceb49...
b2bfdda43905b2773adbe04947a94421.jpg,.jpg,jpg,14.41,372,520,False,False,,,,,,,18dff35514044267...
b2c16d2ecbea9c397f0de7cb897a9f1f.pdf,.pdf,pdf,364.37,,,False,False,,,,,,1,8b339e22d7f66c80...
b2c5075b5e4baa97c038ff09e066743f.pdf,.pdf,pdf,458.89,,,False,False,,,,,,1,2cc404394feb9272...
b2cb30a1b3ae289565230047e4f657f6.jpg,.jpg,jpg,253.52,669,816,False,False,,,,,,,7cbfd19e0662407c...
b2e4fc744d5135a984de44ffe1360a71.pdf,.pdf,pdf,247.99,,,False,False,,,,,,1,2eb2b6b1bab87aa4...
b2ee317ff916bb2441a9aa72372acca5.pdf,.pdf,pdf,195.86,,,False,False,,,,,,2,0fb883ccc3015175...
b2f91ad2340de927d0cd34876ac9e688.pdf,.pdf,pdf,291.9,,,False,False,,,,,,1,e9f2b319596a5fc8...
b31f0f9b92e5ad36043508f2597c1ef9.png,.png,png,693.2,1207,692,False,False,,,,,,,fbf859170890a538...
b3677278af7fa8b38322c00078d20d2b.pdf,.pdf,pdf,257.56,,,False,False,,,,,,1,663dd8b6a2854ebf...
b38070859707cd60c06074f22a821d4d.pdf,.pdf,pdf,276.72,,,False,False,,,,,,1,611e44fa8c540ff3...
b38115d0a129f153ce11ac9144394bef.pdf,.pdf,pdf,250.82,,,False,False,,,,,,1,b6e16454602ab003...
b3874fb30b020c57e0c96da31c6b8662.pdf,.pdf,pdf,365.83,,,False,False,,,,,,1,a90857eb6fdb96d5...
b38a38c5e972ebb12d2f583878af3a5c.jpg,.jpg,jpg,22.52,468,692,False,False,,,,,,,7b4fcb65860a257a...
b3b533063c2e52923c99f8ee59c18c1f.jpg,.jpg,jpg,72.74,540,960,False,False,,,,,,,8cdf2d733cc1beaa...
b3b57c53c86b8835c6f8eab9091f8cb2.jpg,.jpg,jpg,22.97,629,692,False,False,,,,,,,9cdcc5b3bca2f2db...
b3cda9d18fb05cc45d48d411d09e8c98.pdf,.pdf,pdf,554.42,,,False,False,,,,,,1,29f50c10d48250cb...
b3e444757cc753815079c526ec816747.jpg,.jpg,jpg,44.01,553,692,False,False,,,,,,,211e2639c39d1752...
b40f96d16e517873c85f17e7e4cf551b.pdf,.pdf,pdf,232.47,,,False,False,,,,,,1,262a6693e3b169af...
b426c2f339068b4c469271e3e6248284.pdf,.pdf,pdf,308.6,,,False,False,,,,,,1,db69c0b118ba0673...
b430fd5ffd467a84b84da651584fb077.jpg,.jpg,jpg,28.36,490,692,False,False,,,,,,,2fb86765003082b6...
b442e70f2a165a481d9926e6bd023998.jpg,.jpg,jpg,130.79,2696,692,False,False,,,,,,,94204b16d52c925e...
b474389508f9ce722b00547c1dcb32b8.pdf,.pdf,pdf,324.18,,,False,False,,,,,,1,e9a36ac558919748...
b48452bd509865ba06fa1b89d9e21aca.jpg,.jpg,jpg,32.24,516,692,False,False,,,,,,,6b831f40a5f84073...
b4883b6202d419207a067f4796451469.png,.png,png,533.24,547,692,False,False,,,,,,,425b15696be65942...
b4a5fac30635dc4d171d3161967d1d37.pdf,.pdf,pdf,267.61,,,False,False,,,,,,1,73e97c35a54234b9...
b4db8f8689f44f544e0e11d54090c94d.jpg,.jpg,jpg,18.43,521,692,False,False,,,,,,,3f7e67e19241e390...
b505af8e7148e2b47f6661f7f05f682f.jpg,.jpg,jpg,215.42,911,1280,False,False,,,,,,,ca2218686a60adf1...
b5109c2291eb67a3bea3d1bee766e1be.pdf,.pdf,pdf,385.07,,,False,False,,,,,,1,50b9ed4bf58904f7...
b52ba27effc57cf01dd16e954f93027e.pdf,.pdf,pdf,340.8,,,False,False,,,,,,1,8b470ca816abf130...
b551787b332257c9f2f2d6b3d1f90109.png,.png,png,263.61,495,692,False,False,,,,,,,d1a0776af31f4bb6...
b5517d9d923ef736c19a0eb2a9b41ce8.pdf,.pdf,pdf,271.01,,,False,False,,,,,,1,2f71dfc8cbd8e05b...
b570fe9e3d8ce6c7311ec03e77208302.pdf,.pdf,pdf,54.44,,,False,False,,,,,,1,2542d362fe1db44d...
b5886d37e94c76d783ad2e86b244c388.jpg,.jpg,jpg,20.24,378,474,False,False,,,,,,,5060e60de084d519...
b58dae21707437783c5ddc8025e684b5.pdf,.pdf,pdf,70.61,,,False,False,,,,,,1,1d6ee7fde2f78c5f...
b5b0f7e9929d30b17d62949ab7c01a88.jpg,.jpg,jpg,24.92,432,582,False,False,,,,,,,98482540792b96d7...
b5c945789d8a16804a10b99afcdf0073.png,.png,png,302.21,572,692,False,False,,,,,,,1f0aa6bf4958ccde...
b5d25ae3cf479491339c3b259990f1dd.pdf,.pdf,pdf,221.61,,,False,False,,,,,,1,8cf33edae8ce84f4...
b5e38c0952b57dde408ceea8d29793a1.pdf,.pdf,pdf,98.77,,,False,False,,,,,,1,b53d95a8bbeaf8a0...
b5f22a7d7741482d55b844b928db5a3a.pdf,.pdf,pdf,106.19,,,False,False,,,,,,1,c681da9f4de7db5b...
b5f792e3d1e6fe280a126648db8fa6bf.pdf,.pdf,pdf,1334.22,,,False,False,,,,,,1,3c0105a8bb431dd9...
b613b4e7952b647666482332926710a6.jpg,.jpg,jpg,23.5,484,692,False,False,,,,,,,bb6c1d865f1b2fb9...
b64793ca88b9363cc4f8092ede6f95b0.jpg,.jpg,jpg,123.39,1208,1307,False,False,,,,,,,5a7e8170fb258de5...
b6523aca8dd252bad8fed4e5a06b7c96.jpg,.jpg,jpg,32.67,513,686,False,False,,,,,,,7b0c152bb6cdbf26...
b68d5e457e0f3d83312b428eaa3aa388.pdf,.pdf,pdf,252.4,,,False,False,,,,,,1,691f473f78b651c4...
b6a017026a40369fd142fb2a5c51571b.png,.png,png,191.21,551,692,False,False,,,,,,,807740a3d87c6d6d...
b6bee49b12ab2c4ba89cfbfd3cabad4f.pdf,.pdf,pdf,324.65,,,False,False,,,,,,1,39350204660abd6b...
b6c79e0eb5f8a0f0c3b77e51c29ad9cd.pdf,.pdf,pdf,240.59,,,False,False,,,,,,1,3eee6ca3af82a642...
b6e6ec7acf866023a8e0236c18ce79a6.jpg,.jpg,jpg,28.93,571,686,False,False,,,,,,,f7f8b34c3a47b04f...
b704da93c62c74256a8243302f15774f.pdf,.pdf,pdf,503.21,,,False,False,,,,,,2,d63bca20b01fdd47...
b72242623677281b3a54852c7bba9daa.pdf,.pdf,pdf,339.06,,,False,False,,,,,,1,02623fb2957a52d6...
b73562acd9934f687a13d1425b563118.pdf,.pdf,pdf,439.05,,,False,False,,,,,,1,8a0badbfc0155700...
b738ab24b7bfe7998dafaf1a9f486005.pdf,.pdf,pdf,636.64,,,False,False,,,,,,1,02587e172d470eca...
b744a6b36e086ec5bb6df23c8a77f42e.jpg,.jpg,jpg,23.49,411,692,False,False,,,,,,,f9b3d13e97581d13...
b7853a45f8463f2caa31fe9cf1bbcc12.jpg,.jpg,jpg,114.13,1008,1110,False,False,,,,,,,18722595913b1a75...
b79285eea1818622121be43861bf9a2a.jpg,.jpg,jpg,22.46,571,692,False,False,,,,,,,db7aab2c10318aca...
b7b1ce8d407fc87038f6c0e9cd5cab2e.jpg,.jpg,jpg,91.63,888,1075,False,False,,,,,,,e71fa4c566a834fe...
b7d3a3c380ba8bd10b9e9a4e75e60bc4.pdf,.pdf,pdf,146.77,,,False,False,,,,,,1,4942fab0a669c099...
b7ddc7f50c27fcbecdbb67722f61545e.png,.png,png,261.16,479,692,False,False,,,,,,,4d23df7dcba6ef99...
b7f567d17451049e1c136b00137c0f01.jpg,.jpg,jpg,42.6,570,762,False,False,,,,,,,5c329f334b882de4...
b809bfacf50747e320032343e8deefa4.jpg,.jpg,jpg,255.32,1486,1947,False,False,,,,,,,1bbe40bc3139c505...
b825c152ddd0918bc6c498ffdabbe571.pdf,.pdf,pdf,1548.24,,,False,False,,,,,,1,96d50c0d767f2b65...
b829a26c7ac1d5260697f3a5710f7521.pdf,.pdf,pdf,629.5,,,False,False,,,,,,1,5f501d4167f90e37...
b8621439a3eacccd3c5ebb8f4726d5b1.pdf,.pdf,pdf,148.96,,,False,False,,,,,,1,7cc02353494192bc...
b863a961c72b296f556015b0b29bcc00.jpg,.jpg,jpg,237.7,1756,1148,False,False,,,,,,,fc14d92a4ccfbd68...
b869b03a3e996b8f335951c9ff8ef4b1.jpg,.jpg,jpg,37.4,516,686,False,False,,,,,,,fe6dca356d4c5af9...
b86dfc668b4efe45d01fb9b95ad648b2.pdf,.pdf,pdf,339.48,,,False,False,,,,,,1,05a2f37a6e7c1e70...
b88417fc1ce2fc0946eae31b6d776545.jpg,.jpg,jpg,29.0,513,686,False,False,,,,,,,297d30f1cfe076a6...
b88f5f5a28a49922157e2286e5bee1b0.pdf,.pdf,pdf,2391.25,,,False,False,,,,,,1,9372ae32041f6772...
b894a05fbe654438374062a05df83411.pdf,.pdf,pdf,188.52,,,False,False,,,,,,2,db30a8573469725d...
b8956722b5c8badbd045979f5c4be987.jpg,.jpg,jpg,278.77,1500,2000,False,False,,,,,,,4ebf89f76e1f5201...
b8accb77d48983aa4333899c2224cad8.pdf,.pdf,pdf,113.38,,,False,False,,,,,,1,eaa5f634688d53ef...
b8b174dc2c256147e45be540a36c1908.pdf,.pdf,pdf,418.61,,,False,False,,,,,,1,f691d80996a14408...
b8b9422820149268052ae61de5da6f4f.pdf,.pdf,pdf,192.0,,,False,False,,,,,,1,f17a9e6467d9b33d...
b90b7586d51400e50fbda261a52817ca.pdf,.pdf,pdf,582.13,,,False,False,,,,,,1,96d3d3dfef59996a...
b91dcac332e943ab15b86b44884a88a1.pdf,.pdf,pdf,41.5,,,False,False,,,,,,1,570b785b43cba644...
b926a488c99b6c40b50d561e1988d3bc.png,.png,png,175.17,526,692,False,False,,,,,,,5350e257453c9e6c...
b936ed1a5319b100ff75d749709caee9.pdf,.pdf,pdf,208.66,,,False,False,,,,,,1,5c4041c82c35ffcd...
b9462c818cb1706ee5cb32f85a4fc818.jpg,.jpg,jpg,33.25,629,686,False,False,,,,,,,c7519daf60b780f2...
b96084178414d5793634ca167f59059d.jpg,.jpg,jpg,20.57,626,692,False,False,,,,,,,7dd1dd6a04d3d5bd...
b9949b25dc63175a9dbf1fb598b463a1.pdf,.pdf,pdf,565.01,,,False,False,,,,,,1,494f3f5ecfe791ea...
b9cb5e6fb535bbb2ef2527ee39d0c4da.pdf,.pdf,pdf,173.12,,,False,False,,,,,,1,20475224998d44ad...
b9fff1aa9e8498f140ffc7f1c09038f4.pdf,.pdf,pdf,383.27,,,False,False,,,,,,1,f431446d62c423df...
ba0004eaf221e26147edf3c88c436934.jpg,.jpg,jpg,15.05,365,463,False,False,,,,,,,854e2414de134b71...
ba0f70ba8b85febc278f0e92c82bda25.pdf,.pdf,pdf,147.82,,,False,False,,,,,,1,280749b93835d1f4...
ba1f4c5eea87163afc61dffa6cdcd334.jpg,.jpg,jpg,21.47,513,686,False,False,,,,,,,2b06638b11e3e8ff...
ba3a8648950deecfdc16979c5b9912d9.jpg,.jpg,jpg,14.05,362,448,False,False,,,,,,,43067b6fd45fc867...
ba4e052bcb10efe35633479518d536e7.pdf,.pdf,pdf,247.63,,,False,False,,,,,,1,3978994955227f0c...
ba908a61b5a27e25fe1f54e385506cf0.pdf,.pdf,pdf,317.23,,,False,False,,,,,,1,66431a92ea25c580...
ba9a8379ff5d61200691c399dbfb0a3a.jpg,.jpg,jpg,56.43,629,692,False,False,,,,,,,82bbaccc7a6c7208...
baaa9ae9c755e6386bf70f7c368dc0d4.pdf,.pdf,pdf,418.71,,,False,False,,,,,,1,42f31f8ab5373070...
bacd996d74a991aa0d0dc729a253a893.jpg,.jpg,jpg,118.38,1008,1121,False,False,,,,,,,0bd42c6b2b0641af...
badd60de9d36d0158b53138b0d8dbd0c.pdf,.pdf,pdf,216.9,,,False,False,,,,,,1,a7efacd20a240fc5...
bb00d5323bea4f877ad3a64b7daeff75.pdf,.pdf,pdf,247.12,,,False,False,,,,,,1,e62ada9991d7afbf...
bb2085f73b0a0d4b100fff35ecc54d08.jpg,.jpg,jpg,24.98,548,692,False,False,,,,,,,d4b7e88af6188427...
bb2bd44706ecc5e0c9e6222f31a12c6e.jpg,.jpg,jpg,22.99,340,686,False,False,,,,,,,b6b9597def6131da...
bb3e102bec232b0a7ead257180b3fc01.pdf,.pdf,pdf,159.83,,,False,False,,,,,,1,f8f79d2e0a164ad9...
bb704a0bf1aeedecb50011b94e06020f.jpg,.jpg,jpg,4.22,144,194,False,False,,,,,,,da327ee11ffb2eb1...
bb89faf2024264c28d98e9370a11f5f1.pdf,.pdf,pdf,226.85,,,False,False,,,,,,1,e84c976953fe17c0...
bba2ce74922996bbc0adeaa7384b2ff9.jpg,.jpg,jpg,16.48,266,414,False,False,,,,,,,4b1ae1422265035a...
bbb456732f1b579ae8397e21452ef775.pdf,.pdf,pdf,71.07,,,False,False,,,,,,1,bf374c15af8febd6...
bbca113055dabed125d67e1496818d70.jpg,.jpg,jpg,61.39,857,692,False,False,,,,,,,4fb0c4465798eba9...
bbdacdd23b8ef841cfad86eb2a98ad5b.png,.png,png,340.3,510,692,False,False,,,,,,,43017991265a033e...
bc260c568990857b503c85ef6215c2be.pdf,.pdf,pdf,177.33,,,False,False,,,,,,2,53be299eedeb1d50...
bc3330598a1a3cc5cd898f48e81d760a.pdf,.pdf,pdf,321.31,,,False,False,,,,,,1,080af15fad65f87c...
bc3b8de18b06025cb8dd291adaadd3ee.jpg,.jpg,jpg,15.36,307,451,False,False,,,,,,,c78864083d920535...
bc4eb043623a61a331e19647d775a3c0.jpg,.jpg,jpg,33.21,510,686,False,False,,,,,,,64a532b220f53282...
bc9189a04705016f38b6f9456c704bdd.png,.png,png,344.68,550,692,False,False,,,,,,,0ca0d1ab545c9637...
bcbf421ebcb64d8b4ecd827854f7e563.jpg,.jpg,jpg,74.98,903,692,False,False,,,,,,,015aeb4dd1a2ff6d...
bcc454700230523123e2fd75a68b8b38.jpg,.jpg,jpg,14.55,498,476,False,False,,,,,,,39ed287cd51ce2ea...
bcc4c03b033e97bb2f8f0a3cd2ff9932.jpg,.jpg,jpg,37.38,513,686,False,False,,,,,,,0e4dfeac1e4f5fc8...
bccc88027b9c9d41b6df1fd48aa28eab.pdf,.pdf,pdf,293.59,,,False,False,,,,,,1,ad228ade58a4474a...
bccd2fd820436c50a2d4ad099ca908dd.jpg,.jpg,jpg,790.51,2272,1704,False,False,,,,,,,86b7e8e326bbdd7b...
bcd271adfd3e108e0f59c223eaab2290.pdf,.pdf,pdf,822.32,,,False,False,,,,,,1,deb0fa9b62737bfe...
bcdf94db459f7f5ff74cfa7265ff37bd.pdf,.pdf,pdf,261.1,,,False,False,,,,,,1,d1e70562f946cc6c...
bcf0986b285ae35282d696f9ec41c250.pdf,.pdf,pdf,239.74,,,False,False,,,,,,1,d251e37329a044d1...
bd10440ab9203a73b9a2c105dedcd345.jpg,.jpg,jpg,25.84,400,500,False,False,,,,,,,bfe8ef2d13ff7d40...
bd1e4c1627ec6314348a53bd08724d22.pdf,.pdf,pdf,198.95,,,False,False,,,,,,1,524fcd794d898ea1...
bd4b200841797bef56f6807ac1d6960e.jpg,.jpg,jpg,235.16,1445,2171,False,False,,,,,,,482f88367fbc21d7...
bd592ca581ce0b581e3ce0340cbf56e9.jpg,.jpg,jpg,506.42,1576,1117,False,False,,,,,,,fbf324376652754e...
bd748500038528ff38453c151c59ea55.pdf,.pdf,pdf,185.48,,,False,False,,,,,,1,e143972f535bcd56...
bd7dd143eb0ba55e066937d057aba892.pdf,.pdf,pdf,314.0,,,False,False,,,,,,1,7c9d50ace67cae1b...
bda0648e17c32d878c3ae92ae453652f.pdf,.pdf,pdf,619.32,,,False,False,,,,,,1,dab3b3c7b55062c1...
bda22950c1868a69892a998204cfbfcc.jpg,.jpg,jpg,31.79,566,692,False,False,,,,,,,4813f1ae309b2737...
bdc1da039c2e9da99b38b73a37fd2881.pdf,.pdf,pdf,220.03,,,False,False,,,,,,1,c2b34716325d58f8...
bdd51ef0b5c636f8601e3a1d43da2095.jpg,.jpg,jpg,21.17,591,692,False,False,,,,,,,f25c82854034b02d...
bdf8fb78ebec874862f0f28af9611ecf.pdf,.pdf,pdf,773.01,,,False,False,,,,,,1,99d55a06f4b166c9...
be245e73883bbb838df0579cdfef7d7b.pdf,.pdf,pdf,133.04,,,False,False,,,,,,1,5645477878caea82...
bea38d163487558f03795c340f83e4b1.pdf,.pdf,pdf,266.28,,,False,False,,,,,,1,c863efa10133d929...
beaa532ea838ae72e835fd18bbb5a8b3.pdf,.pdf,pdf,269.79,,,False,False,,,,,,1,4680eff0171b7d5b...
bf1fe969ace789c27794abe9c0ff28a6.jpg,.jpg,jpg,34.09,553,692,False,False,,,,,,,f5d1c8a46d9c5f7d...
bf2e15947b3edf73939536cd0407443b.jpg,.jpg,jpg,64.19,480,640,False,False,,,,,,,4b5459b9641803ec...
bf2ff8e1362f42765d636813faca9560.pdf,.pdf,pdf,230.23,,,False,False,,,,,,1,8d41ba993ca425ea...
bf4b35d67a1498a6492510c164955671.jpg,.jpg,jpg,16.39,383,474,False,False,,,,,,,8fcc722ece76b448...
bf54e67e4f745204a76ce6e0b545c328.jpg,.jpg,jpg,9.12,272,366,False,False,,,,,,,14f26b9708c9b273...
bf5a53d8b5c38ac63bb05c0618e271a9.jpg,.jpg,jpg,73.25,589,692,False,False,,,,,,,d07b60bdf748f169...
bf600c9d1e7b1c76fb4805a04b95e44e.pdf,.pdf,pdf,330.61,,,False,False,,,,,,1,844bfa9c119eedae...
bf9a2fa23259347d1321739605da8055.jpg,.jpg,jpg,22.49,421,692,False,False,,,,,,,64cf0d5646a480db...
bfa1fa50c278e5972f43dfdda7bc574c.jpg,.jpg,jpg,30.71,482,692,False,False,,,,,,,1e3a49a8a168923f...
bffc820f9402e001d41773f99431a880.png,.png,png,464.3,922,692,False,False,,,,,,,de3a98b90de1f958...
bffeac86aef099742f6fb6ac7cf1cac4.jpg,.jpg,jpg,33.79,427,692,False,False,,,,,,,d0fe80e1b12a273f...
c005592fa4774518a81f23f9d45a39db.png,.png,png,311.83,820,1500,False,False,,,,,,,3e6ce30b3a929d07...
c00ad30e80b213a74b7366fcaa80dddc.pdf,.pdf,pdf,458.89,,,False,False,,,,,,1,c6acd0c16b328998...
c00e259fec538d52920877ab1431456a.jpg,.jpg,jpg,26.62,702,692,False,False,,,,,,,70ce7aa56b0492df...
c019f659a1ce1127a6d1bedd29f6fc95.pdf,.pdf,pdf,193.03,,,False,False,,,,,,1,bd383fb4f3646e3f...
c0c4282029f2193aed484d3adf7e9c3a.png,.png,png,432.21,688,877,False,False,,,,,,,b5873ce74c177a99...
c0c4d475c17dcc2193331d24567a5a9f.pdf,.pdf,pdf,327.7,,,False,False,,,,,,1,eb180e60446195a4...
c0de9a1fa12dfd6230a7b230185c6308.pdf,.pdf,pdf,289.49,,,False,False,,,,,,1,4a1faf5a5c0cc0ea...
c0f60dc58b5708ad637d58ac7aab8e38.pdf,.pdf,pdf,282.26,,,False,False,,,,,,1,b378c4701558e2cf...
c1061bb1ec4ec23561394d2f7e0f7b60.png,.png,png,298.47,621,692,False,False,,,,,,,fb3b6fb219c925c9...
c123648527516ce8efaee91a03b7f322.jpg,.jpg,jpg,25.38,580,692,False,False,,,,,,,800c4b631c760c72...
c128eab4a22a19b5ed2bb148a3c7e885.png,.png,png,508.43,781,691,False,False,,,,,,,3e87e19b63babe07...
c1350ec77321016be402588c0c5f6eca.jpg,.jpg,jpg,20.45,445,692,False,False,,,,,,,4ae549be6dc984d8...
c135efc2721a578c804b9f903aac145c.pdf,.pdf,pdf,360.47,,,False,False,,,,,,1,2dfc24846d1ce941...
c1436686f1dbeeb146f85f73f7938dff.pdf,.pdf,pdf,246.56,,,False,False,,,,,,1,957dbb020e3dd639...
c14b30b901d1c75b827cbc14289274cc.pdf,.pdf,pdf,1244.42,,,False,False,,,,,,1,5811f06a07de5929...
c1566fd3a3ec171679a50b350cd6eaa5.pdf,.pdf,pdf,288.94,,,False,False,,,,,,1,34b1f5587c63a73d...
c15944a524529b98498157b3c4e44ee4.pdf,.pdf,pdf,215.53,,,False,False,,,,,,1,9548f7277a2a0e1f...
c160aa49528a539f27d48ad25e6e5cdd.jpeg,.jpeg,jpg,23.07,900,648,False,False,,,,,,,339d9e269c2d2f4b...
c17d46dec8787357876964feba0d2e7d.png,.png,png,209.46,441,692,False,False,,,,,,,4f88d8eae50919bd...
c18cbd4674a4628a72e370b052abab43.pdf,.pdf,pdf,566.65,,,False,False,,,,,,1,f65009a11ee8b291...
c1a5359b4a5047a77cc52960f15322e7.jpg,.jpg,jpg,17.01,513,686,False,False,,,,,,,940bf9219c061141...
c1b32b5186c7f4ab713629fffbedacb2.pdf,.pdf,pdf,241.28,,,False,False,,,,,,1,b7ce2cfde6d1ac4e...
c1b409087bb24e33551fe877188d037e.jpg,.jpg,jpg,23.58,490,691,False,False,,,,,,,e9aabf0af3cd24f7...
c1c6470ac73bd60138ad8ce8a6a6fa2e.pdf,.pdf,pdf,174.63,,,False,False,,,,,,2,37aefed7c62bdfd5...
c1f4afa2b4062a81c3e870dab0844c87.pdf,.pdf,pdf,266.65,,,False,False,,,,,,1,1824ba6f447a89e6...
c1fb2697c930bd2d315761740070464b.jpg,.jpg,jpg,23.24,513,686,False,False,,,,,,,d4ae15e995c60ae7...
c2113d4295775fd4d90fa243e21daded.pdf,.pdf,pdf,294.67,,,False,False,,,,,,2,bd6b6fa19810dd75...
c222168a995a1e07480d64270309ab7f.jpg,.jpg,jpg,791.28,1336,1689,False,False,,,,,,,bcd0ff0e34502934...
c2265aaff69d31c3bdb80e123bcb12bf.jpg,.jpg,jpg,47.2,547,686,False,False,,,,,,,926f4dd3f0750e89...
c233103e8cd333c254fa684fc4f918d9.jpg,.jpg,jpg,58.0,538,686,False,False,,,,,,,0d9f6199e3f75706...
c2349eaf1eea5c0e9606311f41f35ce7.pdf,.pdf,pdf,87.63,,,False,False,,,,,,1,f6a9db6c3a96efe0...
c2418a407b49fe4663a70f4d0fe560a7.pdf,.pdf,pdf,153.01,,,False,False,,,,,,1,380de46a0f0c1163...
c2440e58bc0e3d2911cda4746babc621.pdf,.pdf,pdf,332.72,,,False,False,,,,,,1,7949fe41292d8b61...
c2547d306eaba4f4837aac3899021d6a.jpg,.jpg,jpg,36.76,493,692,False,False,,,,,,,edc33a0fe0e265da...
c2698ea13226f994d0da44aeb07feb79.pdf,.pdf,pdf,452.89,,,False,False,,,,,,1,fba41c449562a1d7...
c2735d3e700a65f7062a61bbdd0be382.png,.png,png,195.36,214,692,False,False,,,,,,,7946ccdadadc6713...
c275e06d7c67065f0d046a070f53212d.pdf,.pdf,pdf,251.35,,,False,False,,,,,,1,3506ea4917c1426b...
c27fe11a9b1fbeb4209582423de2ce75.jpg,.jpg,jpg,24.68,560,692,False,False,,,,,,,933c9d5b8cfaf0be...
c2936c239a598c20a9be12c5e7df5188.png,.png,png,350.55,598,692,False,False,,,,,,,233545c6735db403...
c2b0b076544b80b0cda5cbc397a92c0d.png,.png,png,400.42,624,692,False,False,,,,,,,3c1e1b9bbc5c3a5a...
c2beea36718c2851cfeca0854c4c651b.jpg,.jpg,jpg,33.52,693,692,False,False,,,,,,,3d5bcbc4bbbfb5d3...
c2d06af9462c0fd5204c562cde92c179.pdf,.pdf,pdf,363.03,,,False,False,,,,,,1,6751e8978d24ef9e...
c2ffa3c31375c705903ce56457034a1d.pdf,.pdf,pdf,415.03,,,False,False,,,,,,1,74d206f62c28d3f9...
c3032f9c6d4b3b58202d383d28cbc20c.pdf,.pdf,pdf,767.16,,,False,False,,,,,,1,7eb06888f494fc59...
c3040637b8b3fe301e619ee31c100482.pdf,.pdf,pdf,616.87,,,False,False,,,,,,1,ec4fa6f8d5c207b1...
c307124a98c8e52c047a424e8d9d0692.pdf,.pdf,pdf,107.34,,,False,False,,,,,,1,2778edace5b153e1...
c30f68e24b39fdf20cf8d31ab23cf44b.pdf,.pdf,pdf,236.46,,,False,False,,,,,,1,255aad4986783493...
c31cc5b5ececa2657097d5f2cf7d7f35.pdf,.pdf,pdf,184.53,,,False,False,,,,,,1,0be6be6ed5d3713c...
c338df3acec440d0728d1c891bbb8618.pdf,.pdf,pdf,286.48,,,False,False,,,,,,1,a12fe08018fea1fa...
c353a416acdf99803397100693a98cdc.jpg,.jpg,jpg,18.85,513,686,False,False,,,,,,,e574963b15c8cbb7...
c357609d1f96104ea2e58a0b01489ccf.pdf,.pdf,pdf,257.15,,,False,False,,,,,,1,13bb95743bbc7e97...
c3a38e1a5517ba8b23c3057dc8674348.jpg,.jpg,jpg,21.51,513,686,False,False,,,,,,,b275d89bc1b4e784...
c3c112725fd6ec46bc429dae66febbf2.jpeg,.jpeg,jpg,41.02,468,692,False,False,,,,,,,0609d2b7ab1afa63...
c3dbe856cd8d231f707b9d7fa844d7b2.jpg,.jpg,jpg,28.72,538,692,False,False,,,,,,,9a356b3500a2c8fd...
c3f2b04d051c02c10a5444dc26558bf0.pdf,.pdf,pdf,221.34,,,False,False,,,,,,1,dad28641f1acb234...
c3fb2832b93847370a1d2930693f193f.png,.png,png,295.8,974,692,False,False,,,,,,,5e6f1714c8d56542...
c4144e3aac38c2ba26234ef00ac167ac.pdf,.pdf,pdf,511.79,,,False,False,,,,,,1,08924e82af5797fc...
c414f23a4386f19e5ac8377f667cc5fe.pdf,.pdf,pdf,521.71,,,False,False,,,,,,1,6ac90fd9a39c400b...
c4259a6861fa262026b0a7c927bec416.jpg,.jpg,jpg,51.08,692,692,False,False,,,,,,,2aced7720a9e62e2...
c43ac088842b3d6cab74be166cd22c5c.png,.png,png,680.74,1008,692,False,False,,,,,,,af216b4ef02362f7...
c43af12d2cd6cf15597210dc5fde4980.pdf,.pdf,pdf,504.5,,,False,False,,,,,,1,a93e5f4e7fccb5f0...
c43bdbd2725618cfe00520ab60aa7dd2.png,.png,png,289.37,540,692,False,False,,,,,,,1cf204fe19fcfe47...
c450da83ad59e155531d78bfcc447394.pdf,.pdf,pdf,357.1,,,False,False,,,,,,1,5332fba10105491a...
c4660122971735160c7bfa4a8a60a605.jpg,.jpg,jpg,26.75,496,692,False,False,,,,,,,a5dbfca1f183583f...
c4897017645e33058d44d56e537b041a.pdf,.pdf,pdf,298.28,,,False,False,,,,,,1,eed1c1b1bffb5549...
c48a9105fd4cfdbd0d1c84735a51cb79.pdf,.pdf,pdf,1456.25,,,False,False,,,,,,1,cec2d96d289b9c3c...
c4955d0f30e9dbd11e3f73c8d5512924.pdf,.pdf,pdf,291.81,,,False,False,,,,,,1,f5e5f4ee28acfcd0...
c4f63dbf3f472451473579b17b627855.jpg,.jpg,jpg,21.78,477,692,False,False,,,,,,,a0f99270c9b91740...
c51039e6c1b56f073c74f47b0e6507f2.jpg,.jpg,jpg,36.03,649,692,False,False,,,,,,,e7eb9b9589ed2a60...
c51106c49a3632d1e2068036e766033f.pdf,.pdf,pdf,203.87,,,False,False,,,,,,1,b5288162b3253c6f...
c56fb28da013a3550dc66965ac03a7e5.pdf,.pdf,pdf,848.49,,,False,False,,,,,,1,ce91891123cbd490...
c58538ce8180d74cac9ec7f524913036.jpg,.jpg,jpg,29.27,372,692,False,False,,,,,,,9cac3b43818cb13e...
c5bc5549cc01ed3d593b50e93966c052.pdf,.pdf,pdf,373.99,,,False,False,,,,,,1,7cabfc4c89bbae24...
c6009f0e87416373c11af7573ae0a8ff.jpg,.jpg,jpg,190.49,670,768,False,False,,,,,,,a7a363b3acc6da25...
c603fb9150616ac91468659ff4e75011.jpg,.jpg,jpg,30.46,678,692,False,False,,,,,,,0a4e6d724e428d77...
c607365b97f3f954d548a1f8c284dc3f.pdf,.pdf,pdf,54.58,,,False,False,,,,,,1,2782eff13cdd593c...
c60a8864eb1f37a17fa5d111345662a2.jpg,.jpg,jpg,28.41,513,686,False,False,,,,,,,3a0f6705102cb852...
c61de7c39e6fe8f86f921f65ef4668ec.pdf,.pdf,pdf,181.92,,,False,False,,,,,,1,67d0b7cbabb32efa...
c624f5feb5b3b358ee9b71fb8a1864a9.pdf,.pdf,pdf,550.72,,,False,False,,,,,,1,c47f314b3cadfcde...
c633922868217357955f551bef9b4a74.pdf,.pdf,pdf,249.42,,,False,False,,,,,,1,3271a752efc250a9...
c6395db668c7ce86154fd624634b9c7e.pdf,.pdf,pdf,114.69,,,False,False,,,,,,1,9676634c9706e2b8...
c657dc3d2056aebb491131fd1b2f89d6.pdf,.pdf,pdf,302.28,,,False,False,,,,,,1,e4b1cebe786d5437...
c662cd17f9158c5e365cc44d93b8724b.pdf,.pdf,pdf,187.21,,,False,False,,,,,,1,c9e8908d82afcc3c...
c6743b6fa665e79839347b90c230ffb3.pdf,.pdf,pdf,366.75,,,False,False,,,,,,1,6a0738afe5ab1874...
c679f71da7c7f43df8345607969beed0.jpg,.jpg,jpg,30.9,532,692,False,False,,,,,,,030e4c76e453f729...
c6c55f32f6c05c43262c6eefbc46c114.pdf,.pdf,pdf,93.23,,,False,False,,,,,,1,142ec340df505d69...
c6c5955d4ef349735de8224211574739.pdf,.pdf,pdf,221.25,,,False,False,,,,,,1,cf0faa973b2458a2...
c6c9107b3423dcd876307e57e0bfe2a4.pdf,.pdf,pdf,308.59,,,False,False,,,,,,1,d0732c73c5bc76e9...
c6d83ea1ac7d4926e4975ec39c758e04.pdf,.pdf,pdf,432.16,,,False,False,,,,,,1,11bd84e3acff4a6b...
c6dbd09966072d7ea81d64cc9e6776bb.jpg,.jpg,jpg,21.69,446,686,False,False,,,,,,,66df9353ff579bb4...
c6eade05cab95f29be5f9f5062524d85.pdf,.pdf,pdf,425.39,,,False,False,,,,,,1,75265c16b79a4b0c...
c70d47f40085cd5528171892aa4178cf.jpg,.jpg,jpg,20.49,534,692,False,False,,,,,,,fbd2e6c4555b8755...
c725b6797411ef4d964e1a41984d635a.jpg,.jpg,jpg,23.74,513,686,False,False,,,,,,,da7694fcd7680163...
c72bccd5234ef99f9df546d671ac6027.jpg,.jpg,jpg,17.85,353,458,False,False,,,,,,,3447b4c3bbba5835...
c73b294260e89d3f461719a9e62500ed.pdf,.pdf,pdf,225.1,,,False,False,,,,,,1,e66e64d5e99856e1...
c73cebca2eb7f2461406c6e7c35c36c4.jpg,.jpg,jpg,21.68,618,692,False,False,,,,,,,a41e4c073eb55d37...
c7666fbfab7b859c214795820b99aa32.pdf,.pdf,pdf,229.21,,,False,False,,,,,,1,e50a46cf111e09f3...
c7a50ea968a52b04ade3055e96c7c1d5.png,.png,png,352.3,1053,692,False,False,,,,,,,fa471a2737614aee...
c7d9a5abb2727946b7f2dadcf47c0b23.pdf,.pdf,pdf,282.63,,,False,False,,,,,,1,0284aad06c4e9513...
c7f206d5b3cfa87d131f4accc411ee1f.pdf,.pdf,pdf,312.92,,,False,False,,,,,,1,7404656e96719e1a...
c808035a12afa864665e7d27c98074ef.pdf,.pdf,pdf,221.26,,,False,False,,,,,,1,7f6a3b6634e7b9bf...
c80cbaa75b1108367a23bf068171a490.pdf,.pdf,pdf,261.41,,,False,False,,,,,,1,56e8fc8094c1d244...
c8200221a08f727556c7f413277792ca.pdf,.pdf,pdf,241.51,,,False,False,,,,,,1,da5064dee75759bc...
c82006bf7df7dd8f66f4a6af1de9aae9.jpg,.jpg,jpg,36.51,515,686,False,False,,,,,,,c911c9f9b4356abc...
c833ee20793a1ad1b12d5c134a39e0da.jpg,.jpg,jpg,43.26,513,686,False,False,,,,,,,c751683339eba6e8...
c83b34206d6d565cb2cfadbf5c82dc8e.jpg,.jpg,jpg,1497.71,1172,1672,False,False,,,,,,,df80e48c76630f4d...
c85d644c72e283f31a7273c003322b6a.pdf,.pdf,pdf,179.04,,,False,False,,,,,,1,1c0e5ea3c7266c97...
c86ca28d13b19fbaf9782decd1212a97.jpg,.jpg,jpg,36.68,518,692,False,False,,,,,,,b8458c0100a27819...
c8760476bc511c173abfea6a141221e1.pdf,.pdf,pdf,56.59,,,False,False,,,,,,1,8eb18cbc5ed0ec33...
c8a977c37c95c69f8e4d7b181075e026.pdf,.pdf,pdf,398.21,,,False,False,,,,,,1,51b03293964cb560...
c8b0eaf3d3536c9d52edd718e3a9af41.jpg,.jpg,jpg,37.95,513,686,False,False,,,,,,,cf1a780db859bc2d...
c8ca35aa0d43e310919e59a874985d0f.jpg,.jpg,jpg,37.6,632,692,False,False,,,,,,,6806cb0bec9b9f4a...
c8cb02419db1395c5cdb6f5715cfde87.pdf,.pdf,pdf,224.23,,,False,False,,,,,,1,756887f2fcb7cc9e...
c8cbba3fb4880b8364891228a7f96b5c.pdf,.pdf,pdf,109.64,,,False,False,,,,,,1,e0becf200b608c4e...
c8cda1d7d3fe1043064bbe29ee6ee979.png,.png,png,571.27,407,719,False,False,,,,,,,b42111394d7cc292...
c8d28a92661d4b3c81c38e7e260f6c42.pdf,.pdf,pdf,287.92,,,False,False,,,,,,1,5876b820e121bdbb...
c8f170e6e7d5e64b1c76d2511ea2dee4.pdf,.pdf,pdf,417.28,,,False,False,,,,,,1,cf3ff6713960f96f...
c8f2e0273bbdbe2f9d88aac5378b9ba4.pdf,.pdf,pdf,163.05,,,False,False,,,,,,1,50ee82ccc1714f90...
c8f83a23884eb75b924759004c464363.pdf,.pdf,pdf,421.04,,,False,False,,,,,,1,2304b165eba67cb0...
c900c1f649efad94dbfc645718607cb0.pdf,.pdf,pdf,401.97,,,False,False,,,,,,1,cd450d194efa512b...
c90be1d1ec86a2f838d4780461cfc7d3.pdf,.pdf,pdf,292.07,,,False,False,,,,,,1,9e3a5ded55c8575f...
c90dbf510f6929997d6fe615fb62cf48.pdf,.pdf,pdf,329.3,,,False,False,,,,,,1,dfa162b0f0627dd8...
c92af9570878960d1ca971a38beee39b.jpg,.jpg,jpg,12.53,324,548,False,False,,,,,,,747bd8761c0fc56d...
c949602ea2e6d2676a0cddcb9d62a9fd.jpg,.jpg,jpg,37.09,504,692,False,False,,,,,,,bdcaca7bb2205bf6...
c95dd3e7e3c950e939347251496710e7.png,.png,png,363.16,533,692,False,False,,,,,,,7b4f4cf34b798af7...
c9613330c6f3d834b72e41159cd729d2.pdf,.pdf,pdf,1094.66,,,False,False,,,,,,1,6e1d1dd94850bbfc...
c98c6112cf8d6a3a997ced4304f54e5f.jpg,.jpg,jpg,28.29,400,500,False,False,,,,,,,723f20952cfdba60...
c9af3751ac873c2aef4c9fd733264e28.jpg,.jpg,jpg,11.43,324,390,False,False,,,,,,,d6d4e93adb426800...
c9b562694864e12cff3ec3e7a9673cba.pdf,.pdf,pdf,232.55,,,False,False,,,,,,1,77e0e6739f33dcc5...
c9b9e6d4d2580b2bdb3dd06b02fe798c.pdf,.pdf,pdf,279.85,,,False,False,,,,,,1,d26e6d267bd90b0b...
c9c4b8a650fff97d1d642b3f2b0608fd.jpg,.jpg,jpg,220.7,847,1101,False,False,,,,,,,e809cc327e339f31...
c9c9a393009f0dfcd6b39600f98535f2.pdf,.pdf,pdf,460.45,,,False,False,,,,,,1,58ab6488ab4f0d95...
c9d3532103da2a14179f4f8330af12f8.jpg,.jpg,jpg,19.37,306,692,False,False,,,,,,,26bc29faa3a526cb...
c9d7716ab4aa9e0865ec3dc8a975d64f.pdf,.pdf,pdf,261.29,,,False,False,,,,,,1,572a844665946ba2...
c9e58d3af16c2dc1960ea62eb9624e4d.jpg,.jpg,jpg,205.89,960,1280,False,False,,,,,,,420e1befa2f57227...
c9f636d136f83330fabcb6d927199437.jpg,.jpg,jpg,39.47,502,692,False,False,,,,,,,ed4f13de8d5368e4...
ca23468966d4174c678175ec9b2b8154.pdf,.pdf,pdf,121.13,,,False,False,,,,,,1,cbe227303eff565a...
ca3dbee616e692b49a7bad23a64c6c69.jpg,.jpg,jpg,29.45,561,692,False,False,,,,,,,672864d225738dea...
ca55b6eed789cfeba9acdd999e6fb290.jpg,.jpg,jpg,60.74,912,1184,False,False,,,,,,,cb66b357e5d76d2e...
ca6cd2350fc1fadf9e94b2a32bdd4b9b.jpg,.jpg,jpg,34.36,516,692,False,False,,,,,,,59b39a614cce84d0...
ca8698db2961b1aea9c98579955a515b.pdf,.pdf,pdf,336.47,,,False,False,,,,,,1,fb334aee88d66b50...
caba14660a8d0dfd6dad558bd10d6e5d.jpg,.jpg,jpg,39.24,618,686,False,False,,,,,,,a1db9a005bec1c69...
cad9742eed1d323e2676725223e88c79.pdf,.pdf,pdf,956.25,,,False,False,,,,,,1,2797137ece5d7923...
caf82573611a15f7e3510808cda9c480.jpg,.jpg,jpg,25.76,510,692,False,False,,,,,,,88473b3848c4a938...
cb0ec389d6d06bb8f9e82ba722a3e1ba.pdf,.pdf,pdf,788.2,,,False,False,,,,,,1,cacef89cbe7874d3...
cb22163e72fa8906e3a2ac076e4dfb74.pdf,.pdf,pdf,197.0,,,False,False,,,,,,1,7206bc4b64c168c3...
cb2dac69237c22ba55a52b2a235c7024.jpg,.jpg,jpg,55.87,760,1010,False,False,,,,,,,42efd5df3b99c262...
cb3a5c5ec60f718ad86212ebbdc53fa3.jpg,.jpg,jpg,15.29,561,603,False,False,,,,,,,2f14dfe96e6521c6...
cb4a1e85a0f41d627939e5bbdee5c756.jpg,.jpg,jpg,22.5,519,692,False,False,,,,,,,52a2900a4e8ff9a7...
cb57ed99e2ce63287376f59357f7d817.jpg,.jpg,jpg,12.9,366,558,False,False,,,,,,,b9388fb161e3573f...
cb63b19094258f26abc1be2acec5715d.jpg,.jpg,jpg,22.62,440,692,False,False,,,,,,,789632cd526e3389...
cb72c68a0dfe62091c94368123a23270.pdf,.pdf,pdf,1399.31,,,False,False,,,,,,1,d59a200f85d9fd65...
cb8cdec84964674ac9eba91984d687d4.jpg,.jpg,jpg,67.36,1086,1500,False,False,,,,,,,716e6220f2374412...
cba13408b12b414cdf8280299c016682.pdf,.pdf,pdf,295.04,,,False,False,,,,,,1,1701d5b424b56c5d...
cba64bcdf31c915658532707c26e9165.jpg,.jpg,jpg,25.55,490,692,False,False,,,,,,,f85d85b213ae7630...
cbb64d227f80f3cbb87bd9dd0e25ecb7.jpg,.jpg,jpg,31.17,490,692,False,False,,,,,,,f4a576569334c03c...
cbce9e569a9346d84e493031a3c1ee06.pdf,.pdf,pdf,545.83,,,False,False,,,,,,1,142f3f78fb06db11...
cbedbf0540ee02a7a4b0b6a360d78788.pdf,.pdf,pdf,309.58,,,False,False,,,,,,1,eed128515f9637e9...
cbfe542432363769f48771bb6f444489.pdf,.pdf,pdf,229.33,,,False,False,,,,,,1,52a53918f659cef3...
cc136eb539a4b839ba10929d78a2a8dd.pdf,.pdf,pdf,145.24,,,False,False,,,,,,1,f98bb18226a2df61...
cc5993a1db5f91b576a1ea9461ff3dc8.pdf,.pdf,pdf,313.58,,,False,False,,,,,,1,19128f5bbe39dadf...
cc5ad8f481b86e291f897daa52d7a7d5.pdf,.pdf,pdf,216.01,,,False,False,,,,,,1,ebdf26ecf0e01fc8...
cc5e5ecf98d5971f45e2c9306ba7b007.pdf,.pdf,pdf,48.09,,,False,False,,,,,,1,a99134360b6bf2b2...
cc5f98bd3f03f6e8998b164b399772b5.pdf,.pdf,pdf,244.13,,,False,False,,,,,,1,063bbd244a0b8af4...
cc80c5742c2f839e222f0a78bbdec64d.png,.png,png,279.59,475,692,False,False,,,,,,,3129c8948df69d6b...
ccafa043b8deb8db4112b651e8ec139d.jpg,.jpg,jpg,45.27,553,692,False,False,,,,,,,a5052f6015878ae8...
ccb599e88a9e0b1f578922a22fe4a6ff.pdf,.pdf,pdf,272.97,,,False,False,,,,,,1,a975e67bd1529037...
ccc3c04222ad8b30f10715b5ac6e34d5.pdf,.pdf,pdf,423.59,,,False,False,,,,,,1,640817969ed86890...
ccd3ebc7a433940c42479dcdeaddbf1d.pdf,.pdf,pdf,121.41,,,False,False,,,,,,1,196922f58dc28174...
ccd9c60c43e2f755093b2c7b2f9714c5.pdf,.pdf,pdf,74.21,,,False,False,,,,,,1,f76fd6cc74cb65ac...
ccfdcf93682ba5b67b313904c4ee3324.jpg,.jpg,jpg,104.68,1090,692,False,False,,,,,,,ef7613e2e4c80a3b...
ccfe71c038b89e9edb65a63dbf47d0da.png,.png,png,487.08,655,692,False,False,,,,,,,9d5f624afcc97f45...
cd2571fb39a0b0c9e0a8087aad88d0a8.jpg,.jpg,jpg,25.29,420,560,False,False,,,,,,,bd527c66088d8aa2...
cd608be044f75c58c1cfb766234f86bc.jpg,.jpg,jpg,23.79,561,692,False,False,,,,,,,1689a5ccd6741ac0...
cd68e95d16817c9536f032ddba9e998c.jpg,.jpg,jpg,46.32,550,692,False,False,,,,,,,fa370acebff64b03...
cd6b8d34874d0182e8f441d872752759.pdf,.pdf,pdf,371.88,,,False,False,,,,,,2,4e8c10fcfb74f19f...
cd6c7cb2231c7700864641e1e50e59dc.pdf,.pdf,pdf,68.07,,,False,False,,,,,,1,28b2d630fbd19cb4...
cd87c2c69da45eddcc351345d3244424.jpg,.jpg,jpg,29.6,460,632,False,False,,,,,,,f4d484b90c7f7d28...
cd87d39b683b37798f5b541298403ee0.pdf,.pdf,pdf,277.04,,,False,False,,,,,,1,d3143a48de023bab...
cd881f160ad1dced7ed4a99c16b704b6.jpg,.jpg,jpg,12.9,450,514,False,False,,,,,,,642eefe7ca1aa59d...
cd8ddf020e441a2923d29d8261f3427e.pdf,.pdf,pdf,112.38,,,False,False,,,,,,1,c02e64e7e9d5d9cf...
cd91f33eefbef1dd6c271a7261d8ca23.pdf,.pdf,pdf,209.91,,,False,False,,,,,,1,0d612f6de5069cf8...
cdc9bf6af7cbc2a7e83f5cccaae17d3b.pdf,.pdf,pdf,234.39,,,False,False,,,,,,1,e314d305eda82db9...
cdf13ed4be7e085dc5c59cc0b9b7ca92.png,.png,png,726.99,1366,692,False,False,,,,,,,5423a14892fde79e...
cdf59b72f977722edf5cb7aeb9f69c36.png,.png,png,451.13,982,692,False,False,,,,,,,6d912edd4c930a8b...
ce02e67b3c35424b446d2bf5aeba5eb6.pdf,.pdf,pdf,2645.32,,,False,False,,,,,,1,1a23b6be240d67cd...
ce0589d23ee0aff2720227cd2d51fea7.jpg,.jpg,jpg,25.1,447,666,False,False,,,,,,,14761b033788771d...
ce73cb8383a8e36971232276aa67005b.pdf,.pdf,pdf,199.53,,,False,False,,,,,,1,5ca87497114aeccb...
ce746b5ca7cf68937290360f8e3591ed.pdf,.pdf,pdf,291.29,,,False,False,,,,,,2,440b29787eae2145...
ce7e88d399020f3050f7e53bc96554e3.pdf,.pdf,pdf,141.94,,,False,False,,,,,,1,7aaebf9c9735e78a...
ce82253269c7201c4515b216a231ee6e.pdf,.pdf,pdf,99.11,,,False,False,,,,,,1,1bc19b20094d58db...
ceacde245bcf3ea807af199745d36ded.jpg,.jpg,jpg,33.51,516,692,False,False,,,,,,,bcee36af2148dab1...
cead37c90faaf700bd60ca2d0bfa881d.jpg,.jpg,jpg,11.66,253,406,False,False,,,,,,,edd4b8f078a26b2d...
cebdaff26c3cd678b1bc2a87335cdf07.jpg,.jpg,jpg,26.1,557,692,False,False,,,,,,,71f4b1aff0c87494...
cee02ac4c1ada9e6911cd68897402f31.png,.png,png,558.7,731,692,False,False,,,,,,,8fca8821af862d87...
cee29dbd9bd6e9371ad329f28df38ead.jpg,.jpg,jpg,17.15,507,692,False,False,,,,,,,8e41a7471aff6dc0...
cee439cd2a8b2a2d6fbafc8054d5617c.jpg,.jpg,jpg,26.07,378,534,False,False,,,,,,,62c5426c32ca5cf0...
cf0fb2aa9e02cf6ec58915bb4ec6b695.pdf,.pdf,pdf,102.13,,,False,False,,,,,,1,2b23def289991918...
cf10fec8e41ecba707350c5529dd9264.pdf,.pdf,pdf,252.86,,,False,False,,,,,,1,2ffffa5890650284...
cf25357bcbf9a2f61baa659a4e7e9cee.pdf,.pdf,pdf,461.01,,,False,False,,,,,,1,3a4e103516a905bd...
cf3054e6ce2277fd8f25a983d662f927.jpg,.jpg,jpg,2288.05,3024,4032,False,False,,,,,,,018e10587673e701...
cf566161ac5fd0775caf8f696da932af.jpg,.jpg,jpg,19.28,517,686,False,False,,,,,,,960d6792af6ccea7...
cf6131028c5c0f55f73738af838b4a5e.png,.png,png,309.44,596,692,False,False,,,,,,,098cd5a4ee53ec01...
cf655cabc5018ac32039ff84309c0590.pdf,.pdf,pdf,310.44,,,False,False,,,,,,2,7cfa7c409225fb87...
cf8b46ccd8cb51dce29e72cf5d8e4d00.pdf,.pdf,pdf,108.65,,,False,False,,,,,,1,3845b5f946ad227d...
cfa4b27a7307c495a0b06c7ee0543d97.pdf,.pdf,pdf,599.9,,,False,False,,,,,,1,0f31f9fefa73a4ec...
cfa97224c1e2863a6929cfa748240066.pdf,.pdf,pdf,1211.3,,,False,False,,,,,,1,4ad5e65071bb296f...
cffb5ef92ec68bf7687c900ac9e95f25.png,.png,png,1152.86,536,753,False,False,,,,,,,94251cf1b8e6dbb4...
d009eb770f97d86ef8f3b96d9903afde.jpg,.jpg,jpg,18.44,512,640,False,False,,,,,,,10fbe00f984e63be...
d01c084e109cf553e36db20a3b0055e0.pdf,.pdf,pdf,426.34,,,False,False,,,,,,1,194dcdad6a26defa...
d06b0906a01dda431c932edd835d2d8b.pdf,.pdf,pdf,228.21,,,False,False,,,,,,1,635c52283270a10d...
d0970534153e8fdc40803a90b03d79da.pdf,.pdf,pdf,267.21,,,False,False,,,,,,1,08accce8f0d460e3...
d0f233cd0026d47afac9190f73a4721e.pdf,.pdf,pdf,387.88,,,False,False,,,,,,1,229293343ead1cd9...
d0fad163ee53a608be7f5bc21e253cec.jpeg,.jpeg,jpg,43.5,460,692,False,False,,,,,,,f93c253cbf8ff3cc...
d117081cad0ff9807ad0ed0fcd112473.pdf,.pdf,pdf,263.64,,,False,False,,,,,,1,7c2941ea74f9aec3...
d13be404391ba96aa92e9c21a6f73865.png,.png,png,86.06,300,401,False,False,,,,,,,1b7d8ba4f9149fd0...
d1438c94e0c75a6840d13db71244a1c0.pdf,.pdf,pdf,432.75,,,False,False,,,,,,1,7f07d1b7bffe87c6...
d17ec066744f3583dd41c3bd38062de7.jpg,.jpg,jpg,17.69,517,692,False,False,,,,,,,5b2ea4f4b60faea6...
d1be5afb9a46b6e6d47143cb8f0d2d38.jpg,.jpg,jpg,23.38,513,692,False,False,,,,,,,e5dbf1c902d000aa...
d1c0fab264cbbd246bc5a131e572d957.pdf,.pdf,pdf,324.19,,,False,False,,,,,,1,d6b01f20ebdb6bc2...
d1cfb07b0dce34035d6226da94f3c959.pdf,.pdf,pdf,219.87,,,False,False,,,,,,1,b5225834fb46aaaa...
d1d53f826070f64c202a80f35650143b.png,.png,png,788.32,1080,1210,False,False,,,,,,,33180d7e4df6d47f...
d1dcd6136bea73cbeb223aacd7b86e7c.pdf,.pdf,pdf,328.38,,,False,False,,,,,,1,508c10d5cc5d63dd...
d1f165544d19bbae9252134ac67d9a06.pdf,.pdf,pdf,375.5,,,False,False,,,,,,1,d6c7a48ced94215f...
d1f26d07741e324685657d3f0f65de60.jpeg,.jpeg,jpg,44.94,467,692,False,False,,,,,,,8a54392fe319cb6f...
d1f5b438cbff4f80f66c28b4e20c90fe.pdf,.pdf,pdf,517.32,,,False,False,,,,,,1,ce919adb5470e97e...
d1fc760f503c1ef0fdee5f4f21459283.jpg,.jpg,jpg,23.15,513,686,False,False,,,,,,,9b53fe6da64a2d59...
d252c2cb64438235fb17fe2535ab65d4.pdf,.pdf,pdf,118.69,,,False,False,,,,,,2,e649b102df088aab...
d25d7d44e104167e2b11113b34510138.jpg,.jpg,jpg,24.85,390,692,False,False,,,,,,,e3a1d68a951207a4...
d268b2b865d4f935dc8b8a30e5661c79.jpg,.jpg,jpg,45.74,559,686,False,False,,,,,,,e14b237980a43e83...
d27976be28c4fdc13c4d51555ab73bcc.jpg,.jpg,jpg,24.55,509,692,False,False,,,,,,,878064a406907e33...
d28023b1c3f1d45e93edfc66018510d6.jpg,.jpg,jpg,34.66,570,762,False,False,,,,,,,a582c5857d15953f...
d3196386aa2509160a6b4c09f3252c51.pdf,.pdf,pdf,121.48,,,False,False,,,,,,1,f0615d7718991548...
d31ebde9bacb8e10775ee99a2573ddcb.pdf,.pdf,pdf,1140.5,,,False,False,,,,,,1,0f699b2fef8d8d3a...
d324c0ebbfdcc605cfb57defb1662313.png,.png,png,301.43,459,692,False,False,,,,,,,45a977aa3690e1c1...
d382be096dabf6c1604f035f5fa0f02f.pdf,.pdf,pdf,398.32,,,False,False,,,,,,1,a8a61986589f0396...
d39e47c801815773a24d623edff18062.pdf,.pdf,pdf,147.88,,,False,False,,,,,,1,854b7eaf2a5d597a...
d3a61f68e59ff711cc93a709c1aef4ed.jpg,.jpg,jpg,26.35,619,692,False,False,,,,,,,cf7a7ac08ae7e8e6...
d3b1af9c5c232ff50f2ce0ca549dfac7.png,.png,png,225.16,607,692,False,False,,,,,,,88cdc51d8cd5e1b5...
d3dd7034ca57124f0864b6ba526b0485.jpg,.jpg,jpg,22.77,454,692,False,False,,,,,,,81b063b75760bcdc...
d3e36b92f871385839b608c37fe53fdc.pdf,.pdf,pdf,209.48,,,False,False,,,,,,1,7141ffbd4b7aa01b...
d40fb9daffdb2d619462f839386053c2.jpg,.jpg,jpg,11.57,285,468,False,False,,,,,,,d30215c10fa01aa6...
d4357c894427d5297fed5787d6355b0b.pdf,.pdf,pdf,259.32,,,False,False,,,,,,2,87c08ca50a43c001...
d442e6c84edf97634322157a4331a80f.jpg,.jpg,jpg,28.68,513,686,False,False,,,,,,,eb7ee3ac67d00a39...
d47acd15ee3fac233fb58845ab07db2b.pdf,.pdf,pdf,64.23,,,False,False,,,,,,1,01c0a15b3c0e39b4...
d4a0173b89de63038b922e66df55b57e.jpg,.jpg,jpg,22.33,438,585,False,False,,,,,,,cc86a7855a1574e6...
d4a5ac43af1838bbb44cd216c8c72453.pdf,.pdf,pdf,229.15,,,False,False,,,,,,1,b160b2ae506b95dc...
d4af7f98c2b2fde3b6debbb9886b156d.jpg,.jpg,jpg,31.94,537,692,False,False,,,,,,,ae4bc0ccdf8fe66c...
d4c2d4870d362e7a5e8762e7f7b19b2d.pdf,.pdf,pdf,448.08,,,False,False,,,,,,1,ab28298d7e4e5d4c...
d4c6db14c6ed41e3e4f27b1464b0990e.pdf,.pdf,pdf,444.17,,,False,False,,,,,,1,79c538835647ef54...
d4cc22a0223bfdd32b0dafc457803ad8.jpg,.jpg,jpg,27.04,595,692,False,False,,,,,,,89b71b5e0a529001...
d4d42c0de3540fb665c62ef977885c85.pdf,.pdf,pdf,1795.13,,,False,False,,,,,,1,0b7f5344ac9322cc...
d4d6b5bf019118e95789216d530574eb.pdf,.pdf,pdf,207.8,,,False,False,,,,,,1,272cd009753dd3f9...
d4e8c3e090ab86caf8457b0b00c7eae0.jpg,.jpg,jpg,218.97,880,1302,False,False,,,,,,,8ad900b73be4a994...
d502266a63ec4c1a1e35388947b4b702.jpg,.jpg,jpg,20.93,561,692,False,False,,,,,,,3534d2c26d1877b4...
d502aa057efbc29dcd73d5e1d508ace6.jpg,.jpg,jpg,25.88,575,692,False,False,,,,,,,f992a22b97df4cc7...
d51eec48494c5c78bd88d7a260294aa4.pdf,.pdf,pdf,147.14,,,False,False,,,,,,1,c5cde1d42c12d783...
d53d07db4c89bcdd041fe4c7d457437e.png,.png,png,243.94,473,692,False,False,,,,,,,c846428288ebe95e...
d53eecf0889116682e1d5b52d378b227.jpg,.jpg,jpg,10.45,264,390,False,False,,,,,,,b4e4b3c3b1cb7849...
d544e404356d641c493809dc0e1b36c1.pdf,.pdf,pdf,217.95,,,False,False,,,,,,1,795ae69df4607008...
d54d631da3bb88ddd9e589d8410c00a3.jpg,.jpg,jpg,72.18,885,692,False,False,,,,,,,1a60b0801976bcd3...
d58d7b449628ee5e76404e3fa119c007.png,.png,png,541.67,820,1500,False,False,,,,,,,4fdb2a0eaf551d35...
d58e0ff8d90c281d339b82895b92aa27.jpg,.jpg,jpg,26.64,729,692,False,False,,,,,,,381354f6e61fbc02...
d5910f90bce5bca9130cf1be4aa16bf0.pdf,.pdf,pdf,296.52,,,False,False,,,,,,1,6805b3a3f1288be6...
d594339c312dfe38d2e45c8f14c232f0.jpg,.jpg,jpg,25.07,513,686,False,False,,,,,,,d1d734ba25df297f...
d5d2e43b5f9f60f496774acad22af8bd.jpg,.jpg,jpg,81.95,670,925,False,False,,,,,,,e0aba413933e1404...
d5ef620e006e5b72d315c0b2b24f65e8.pdf,.pdf,pdf,214.1,,,False,False,,,,,,1,37e1a6760007e41b...
d5f364bdbf7d25be7ffa90904e17d089.pdf,.pdf,pdf,412.25,,,False,False,,,,,,1,53d9e5176855bb71...
d6148bfc8bd8d7635d93aa09a0ae8654.pdf,.pdf,pdf,221.16,,,False,False,,,,,,1,ed84702c7f0595fa...
d6613ba0197af180e8fda75cf5878509.jpg,.jpg,jpg,28.37,554,686,False,False,,,,,,,d23b7c2a49636d51...
d6746f815b6ddcb956a8231d1cddfd3e.png,.png,png,231.72,541,692,False,False,,,,,,,24fc9f1d9d7bfa0d...
d6a29863afc7fafc527e0537c0074490.pdf,.pdf,pdf,292.63,,,False,False,,,,,,1,2acc314d5ae65cdf...
d6a6f4e243a1d2f563d2bfeb56a6572e.jpg,.jpg,jpg,27.22,572,692,False,False,,,,,,,6ad56e2b57407d0f...
d6b53b2fea53f33461731431b4344fc9.pdf,.pdf,pdf,340.32,,,False,False,,,,,,1,ae0819eba3037af7...
d6b9b3ee3f39f6852b2847dbd22eafc3.pdf,.pdf,pdf,122.0,,,False,False,,,,,,1,522a90bdfa9b839c...
d6d21c1139af2e8f8662044f606069b3.pdf,.pdf,pdf,280.44,,,False,False,,,,,,1,854d754c99de8034...
d6ddfded443bb80be4c40432bc0df06c.jpg,.jpg,jpg,39.58,600,836,False,False,,,,,,,10b7244d3f38e1ed...
d6e9a11f14dabac2903b601d2a85de74.pdf,.pdf,pdf,306.83,,,False,False,,,,,,2,a382dfd84194ea87...
d6fbe92b1d6eb90a8f6322112d3feb69.pdf,.pdf,pdf,150.62,,,False,False,,,,,,1,1455674559801a67...
d754227ab6a5b224a38b99c078d68d0e.jpg,.jpg,jpg,30.16,513,686,False,False,,,,,,,721c1fb9a9b0b3c8...
d78e9ae140b02bfb2c2d4f5c9966401e.pdf,.pdf,pdf,141.36,,,False,False,,,,,,1,942a22527540bb6d...
d7c2264d57d8d0007fa7b81ab8b7b75c.pdf,.pdf,pdf,250.3,,,False,False,,,,,,1,ca63bd69a44eb6f7...
d7c2afbc6140b463c76705134b48b948.jpg,.jpg,jpg,35.85,513,686,False,False,,,,,,,e5ce3f839c3246f2...
d7d3135fc8233d1fc50d1e1fd7d187f9.pdf,.pdf,pdf,221.48,,,False,False,,,,,,1,b747ce8257befa27...
d7ff2a70fca72eb360f6ffa0fdbc00f3.pdf,.pdf,pdf,228.71,,,False,False,,,,,,1,9e047dd478eb9654...
d805b57dd229179e4c6018ec2635e9cc.pdf,.pdf,pdf,237.05,,,False,False,,,,,,1,495aa1b716477aa8...
d827f2875c9aa036dfb14daec24a4a03.jpg,.jpg,jpg,21.06,416,618,False,False,,,,,,,e1aaef51d94406e6...
d85f6c19bbedd2af6e5019c6eaadbe0d.jpg,.jpg,jpg,17.43,536,692,False,False,,,,,,,714534a51173ff6a...
d86479b5c2530dcecedb2501c1806e0f.png,.png,png,445.34,810,692,False,False,,,,,,,2051fe1db3e50a8b...
d8a8fa60f0f1224e6e333d213c969017.pdf,.pdf,pdf,195.67,,,False,False,,,,,,1,bcc5ae76733416cd...
d8b0837f612469fe145bbed7e0d7132a.jpg,.jpg,jpg,45.38,766,692,False,False,,,,,,,541e3b20d9d0bdda...
d8b964ed34fe9808e55d173058ee32a2.jpg,.jpg,jpg,28.96,535,692,False,False,,,,,,,fc84d2ed69b8def5...
d8d8ff79a7c2607bc3000e2d59b9403f.jpg,.jpg,jpg,26.72,513,686,False,False,,,,,,,f6e45555572cbea2...
d8dfc04fb1e577ad8632fc142d7b02b1.jpg,.jpg,jpg,35.68,1253,692,False,False,,,,,,,2211cd3fde16b699...
d8e8c317444e43a410c4d3b614eb8c89.jpg,.jpg,jpg,40.48,595,686,False,False,,,,,,,e5cb0b7689aff322...
d8fdfb04f564b5db3d199d26f36eac1b.jpg,.jpg,jpg,17.42,548,692,False,False,,,,,,,cbf4b70f14ca961b...
d902c7fe6130e8a9d1f43c9aca11a012.jpg,.jpg,jpg,48.73,400,940,False,False,,,,,,,77161ac5cca48b68...
d92bde441a298a62bc9ee76d591d7ef3.jpg,.jpg,jpg,22.76,521,692,False,False,,,,,,,9d19bb2b29deeacf...
d94bc43b7afbb6eafe9539f2f874f0d1.jpg,.jpg,jpg,39.55,614,692,False,False,,,,,,,dcadabe78fe33d00...
d97a0096f8f2044941673a6f90ea0570.jpg,.jpg,jpg,18.88,513,686,False,False,,,,,,,57ee14d15ac5aefa...
d97b32722e388e9593eb5bda291009d4.jpg,.jpg,jpg,20.84,471,692,False,False,,,,,,,77bb789837230c04...
d994cc1838c0c27d4431d61f740ca6a3.pdf,.pdf,pdf,313.42,,,False,False,,,,,,1,b28db335d650b929...
d9bf49fdce38485f44501a2e1631c86e.jpg,.jpg,jpg,18.7,359,369,False,False,,,,,,,48bcbb5f6f0a414d...
d9e139cf5a2af34f2acb8b6b715fcb61.jpg,.jpg,jpg,25.06,562,692,False,False,,,,,,,32c2f887091a788d...
d9f42b9553c63626afde3907d10189c7.pdf,.pdf,pdf,458.35,,,False,False,,,,,,1,3594ac6de3f61b24...
d9f7aed6ce373d145d1fd62aeaf0c3c3.pdf,.pdf,pdf,163.74,,,False,False,,,,,,2,873127bc3e8322bc...
da3a836040df1160faa425f3736a748a.pdf,.pdf,pdf,177.0,,,False,False,,,,,,1,c3ec6244b47fd953...
da3d5c874e679b7a9b053cd7bc992079.jpg,.jpg,jpg,30.03,389,692,False,False,,,,,,,08b2cd574bbc889c...
da4b78d070c229a688bb884de9306cd7.pdf,.pdf,pdf,267.31,,,False,False,,,,,,1,303fd1d689a9395b...
da676be4b668fb2f2163c0427625b3df.png,.png,png,771.16,933,692,False,False,,,,,,,52b014c63c6ad354...
da787458dce17bd7b5fd43a35ed6dd7b.jpg,.jpg,jpg,27.49,513,686,False,False,,,,,,,86bd95fc5c327758...
dabcce3fa975d13b6908844dcfe82048.png,.png,png,579.02,975,692,False,False,,,,,,,6d9deeffe940ad01...
daef39373e3ee0606ceeab9661aabdf4.jpg,.jpg,jpg,22.34,513,686,False,False,,,,,,,91dca06bbaad5020...
db01fe23e3cb11af710faf8f2d75dabd.pdf,.pdf,pdf,480.58,,,False,False,,,,,,1,48a5189cd12bb2c6...
db4ae2b04ebbbb1ba5717f65ce394ac2.jpg,.jpg,jpg,36.03,592,692,False,False,,,,,,,241d28b8793c4327...
db5627bfcb599c30798f90f038d523c3.png,.png,png,464.15,522,692,False,False,,,,,,,55d85f38c569010e...
db5ca500114cab4520bd618c869ed39d.png,.png,png,484.45,656,692,False,False,,,,,,,fa9dcde2cd5d3e90...
db690918f2fee3632faff598563efa86.jpg,.jpg,jpg,22.22,517,692,False,False,,,,,,,36c77e4df378e05d...
db69d0f1bb8ec089bee155daa3446461.pdf,.pdf,pdf,235.75,,,False,False,,,,,,1,af2167cd307f52b8...
db812478bfed4a6a981bed78fae56421.pdf,.pdf,pdf,208.82,,,False,False,,,,,,1,a484d6e16d64ab2f...
db81d0393166da14db07b9a0ab3236c2.pdf,.pdf,pdf,396.05,,,False,False,,,,,,1,d4f1e4c2cef41da7...
db86f7415c195cde5f62b24764ab393a.pdf,.pdf,pdf,139.87,,,False,False,,,,,,1,6eb013b1ce5e60fe...
db8753f135c13b4be6359ee5bbac5af2.pdf,.pdf,pdf,223.8,,,False,False,,,,,,1,47969e45c6a1b2a0...
dba12b85be69515b28244c6c909b6a61.pdf,.pdf,pdf,850.63,,,False,False,,,,,,1,7e8aca67ee8081f2...
dbac5e26c827ad749ab6e761cca3c18b.pdf,.pdf,pdf,396.32,,,False,False,,,,,,1,684df331afb35176...
dbb034b027e3c228eb82d4907467ffcb.jpg,.jpg,jpg,31.02,513,686,False,False,,,,,,,a4399d0f2a105c90...
dbb5ebc40b46fb0ad04e71fb21853091.jpg,.jpg,jpg,76.08,452,736,False,False,,,,,,,82cc3f3b31459fe4...
dbbdc66f657b5cfd53015939163f936b.pdf,.pdf,pdf,646.78,,,False,False,,,,,,1,2b86cd5b1db81921...
dbd386a1e190f84ec98973024148be4b.jpg,.jpg,jpg,21.43,561,692,False,False,,,,,,,ae132256023dadce...
dbe09794ef1f38d23bb149409aa2f405.jpg,.jpg,jpg,30.25,513,686,False,False,,,,,,,4c511d53e0dbfb14...
dbecd5e9ec94e1546e0a2a1aa611cd1b.pdf,.pdf,pdf,512.23,,,False,False,,,,,,1,4b50fe2c2193cfce...
dbf7b1d7f498aa315dfed89773e1818e.pdf,.pdf,pdf,330.71,,,False,False,,,,,,1,3827da2210b32e6e...
dbfb80e395ae3288640186e35123890e.pdf,.pdf,pdf,207.9,,,False,False,,,,,,1,5f2f5eee072830bd...
dbff62878f9f990689e379043cf55caa.pdf,.pdf,pdf,241.02,,,False,False,,,,,,1,1916640f3a5b9a3a...
dc18bc31600249beffe1fbb9a27a2f71.jpg,.jpg,png,170.74,414,692,False,False,,,,,,,5d57724f69f762de...
dc2e9dc21a6b2d64f811a575f376657f.pdf,.pdf,pdf,371.34,,,False,False,,,,,,1,a46d829d243058f8...
dc3d7c0a00e114ba9f8dc616d3acde60.pdf,.pdf,pdf,162.1,,,False,False,,,,,,1,57d7a07c4638508c...
dc5412e1bbbdf7a6ff72fb467a4a7f63.jpg,.jpg,jpg,30.55,516,692,False,False,,,,,,,b0fc4e320dadf885...
dc6579818d42149af8668050b72ce859.pdf,.pdf,pdf,129.4,,,False,False,,,,,,1,428ad45dba53957d...
dc7b541a7da447584fd4654e9e41cd7c.pdf,.pdf,pdf,1014.33,,,False,False,,,,,,1,7fde112257722e6a...
dc8662d15430913b6b88285eb6e5750f.pdf,.pdf,pdf,284.99,,,False,False,,,,,,1,6cac59552840bd3e...
dca4805c114149a8a9fad12b1f6b65d5.pdf,.pdf,pdf,292.33,,,False,False,,,,,,1,a80a7aac5fb07896...
dcb4d2480e9e460182421c10531ee5c9.jpg,.jpg,jpg,19.04,537,692,False,False,,,,,,,535ffe0d8a6d78ad...
dcbce43b222bdcd541eb3e9a9aa4a8e9.pdf,.pdf,pdf,308.51,,,False,False,,,,,,1,1f667f17facc845f...
dcca7157a78bb48beb07e60f4001d12f.pdf,.pdf,pdf,312.99,,,False,False,,,,,,1,3c6b886474deae3a...
dcdea76f3d25ee8fe789f13f48d54481.jpg,.jpg,jpg,29.37,530,692,False,False,,,,,,,fbd43f0b1c7b1803...
dd2adb15f340751459817c93677b1541.jpg,.jpg,jpg,19.83,479,692,False,False,,,,,,,5b401e612d9baa20...
dd2f1f749e564726e474d44c23e080c6.jpg,.jpg,jpg,22.53,410,692,False,False,,,,,,,f1bfde4e7bf6782a...
dd33ff10dd939841015b1ea88d4c29f0.pdf,.pdf,pdf,407.22,,,False,False,,,,,,1,4273a04e886eab89...
dd3e7bf843d99253dcee83290c33bac0.jpg,.jpg,jpg,56.16,554,692,False,False,,,,,,,0664b67757c9c8dc...
dd464bbd073c0aecbb3239e43bdcc263.png,.png,png,238.07,464,692,False,False,,,,,,,678966dd5b2a3ca0...
dd501369502e77f22438185137a7948c.jpg,.jpg,jpg,22.21,535,692,False,False,,,,,,,9aa3a75f0dc917e7...
dd5a1f5d30a24ddbe902b28e7b97da0e.pdf,.pdf,pdf,391.1,,,False,False,,,,,,1,87235442ac21c881...
dd7b97e394aae185b1f3de80e9766f4a.jpg,.jpg,jpg,14.41,432,512,False,False,,,,,,,95215808f27f8bef...
dd9560d400997078c6e79007fd191640.jpg,.jpg,jpg,138.36,515,816,False,False,,,,,,,a7c48cce1f0d38a0...
ddd33747689e4e1a3da507a6e363bfdb.jpg,.jpg,jpg,23.51,627,686,False,False,,,,,,,e1fdea2dd037df63...
de1c0e8fc33e34b9e36ec645602ee10d.jpg,.jpg,jpg,28.86,400,500,False,False,,,,,,,cb6908afd1898d08...
de1dedfbcd360d4c65910187e43dff0e.pdf,.pdf,pdf,523.08,,,False,False,,,,,,1,070ca5724d5041ed...
de2092111f76152318eec42aea8ac0c5.pdf,.pdf,pdf,63.48,,,False,False,,,,,,1,6277eecc50e79d49...
de501190d921284d5767c79516871fed.jpg,.jpg,jpg,26.14,507,692,False,False,,,,,,,795a10b768c9a95b...
de6059345e60077d02b354df7c77a5b9.jpg,.jpg,jpg,248.52,1430,1907,False,False,,,,,,,7b73c5d6bcc0db87...
de9bc5064d107ff6d0257edf918f490e.jpg,.jpg,jpg,30.61,506,692,False,False,,,,,,,64ea78b3ec957b60...
deba539a6db2ce290dacc2f40d02b786.pdf,.pdf,pdf,909.24,,,False,False,,,,,,1,37ab4e29f1d3cf48...
dedbb69446bdaacb05c2f32f5c5fbe50.pdf,.pdf,pdf,1014.18,,,False,False,,,,,,1,88de5da2eb836145...
df00cf049d9abaaccff4b79f33ff2887.jpg,.jpg,jpg,32.77,531,692,False,False,,,,,,,9580d08055b9e9ab...
df027375b9025f27a9d7feac63b28b66.jpg,.jpg,jpg,46.14,872,686,False,False,,,,,,,fe8557fb3a5252d0...
df0a10622abb463571f7bdda8694047b.pdf,.pdf,pdf,887.39,,,False,False,,,,,,1,015af14510d4700a...
df2b4ebbadadd21f07af304c629dc787.pdf,.pdf,pdf,112.59,,,False,False,,,,,,1,423416680aa30cc6...
df31308f8941f8ba351fada602678cef.jpg,.jpg,jpg,25.26,527,692,False,False,,,,,,,bc46e5e5dbfd8970...
df397bc9c1abbf26abab69bc3dbfcc3e.pdf,.pdf,pdf,302.01,,,False,False,,,,,,1,2f81e37ec4f0583d...
df47e91b8744cf18db79d03f94d50c0c.pdf,.pdf,pdf,316.09,,,False,False,,,,,,1,a98fc2c3980a2910...
df6129717d1a156679392545b32cca06.pdf,.pdf,pdf,311.37,,,False,False,,,,,,1,c2c4fb618d4eb400...
df75fd40550f0aa38590a2c91ab0ca98.jpg,.jpg,jpg,60.52,721,692,False,False,,,,,,,e50754df5fa599fd...
dfa3a1d67e679bde2ba69402dffaf59a.pdf,.pdf,pdf,514.97,,,False,False,,,,,,2,2c9b1836ccc3e82d...
dfcf00deaf4e66afb9c5c72d9c71eba8.pdf,.pdf,pdf,224.04,,,False,False,,,,,,1,5fa2775e99c54329...
dff3f6db63a1e0e1b6ad9629afc7d424.jpg,.jpg,jpg,33.42,424,692,False,False,,,,,,,3055badce57b1e7e...
dff449a35fce8b83cef3b57373205feb.pdf,.pdf,pdf,249.39,,,False,False,,,,,,1,72774fd2a35b090b...
e013a6596c346275404407645cbc580a.pdf,.pdf,pdf,384.08,,,False,False,,,,,,1,08fb5a03077de1ba...
e01e27b0af11c498756e9edb757f6bac.pdf,.pdf,pdf,103.29,,,False,False,,,,,,1,652dd75bab2355ab...
e03aac80e988ccffa48bdc5d46d055cf.jpg,.jpg,jpg,22.36,540,692,False,False,,,,,,,7803eefa9d69e9f5...
e04329c0adc6b8c7683fbe3b9cd55c8b.pdf,.pdf,pdf,219.07,,,False,False,,,,,,1,bf8ff8b06cdd5db2...
e0489d26349ebdd48baaf5d55682e3fb.jpg,.jpg,jpg,25.08,425,615,False,False,,,,,,,55fae85b8089c25c...
e04b6d6ebaed0c6f1cef7cf9cb0d52eb.jpg,.jpg,jpg,640.68,2442,3258,False,False,,,,,,,d92541a19d59677a...
e06bde0ca1b772802f916821852e7412.pdf,.pdf,pdf,158.0,,,False,False,,,,,,1,778a13717abb9b31...
e0811ecc298337bc54cfe95526c58870.pdf,.pdf,pdf,178.36,,,False,False,,,,,,1,0a96d3d5fe76ac2c...
e09440ed09c27846adf5e3dc331a4d4d.jpg,.jpg,jpg,745.13,2250,3000,False,False,,,,,,,ed54cd7cd5af925d...
e09c5041253ed184ba0d30001a8fbe19.pdf,.pdf,pdf,190.74,,,False,False,,,,,,1,3d6c67aa82560b03...
e0a07e4b07088086c998799cf2faee2e.pdf,.pdf,pdf,363.54,,,False,False,,,,,,1,38f4272075355440...
e0af7ad93eb741df9789f6aa192ffe5b.pdf,.pdf,pdf,109.51,,,False,False,,,,,,1,7e60fb3f984cb870...
e0ddcc0fb89b8080311ff47c1030cb74.pdf,.pdf,pdf,337.86,,,False,False,,,,,,1,df341cf95672005a...
e10b0cad77d7abc1b0a722fbcd91e593.jpg,.jpg,jpg,94.76,610,794,False,False,,,,,,,cbc30cb3eb23c0a1...
e11b50417acb2a7a541b8b9d44a7a471.jpg,.jpg,jpg,18.1,336,639,False,False,,,,,,,0e70eaf975a89357...
e11b856d615a072bd96f96b206d124f3.jpg,.jpg,jpg,45.63,549,692,False,False,,,,,,,2463203e8e72d9be...
e1256fae4980ced6a98d2451a34e4e14.jpg,.jpg,jpg,33.76,516,692,False,False,,,,,,,0a7d7129c11ee44e...
e12837c41de6e32b77497e20d3729b6d.pdf,.pdf,pdf,420.51,,,False,False,,,,,,1,775d5783a5027617...
e12e66f39cd1387afa9d8a4ed7705f8f.jpg,.jpg,jpg,31.36,516,691,False,False,,,,,,,d58cff9e1f24c739...
e157608ca0ef8d053503d79c65bd8088.jpeg,.jpeg,png,897.87,686,976,False,False,,,,,,,f2c450f2d0aae792...
e1675aaf84d204ee412e151fb93a4776.pdf,.pdf,pdf,232.75,,,False,False,,,,,,1,46c20d525e4919da...
e18fc085dd81b99a2d69ea953214783c.pdf,.pdf,pdf,900.51,,,False,False,,,,,,1,ed5bba183c7505dc...
e19d84a883252dddff7938f5a178259a.pdf,.pdf,pdf,1347.07,,,False,False,,,,,,1,b77fa19dbb5e9d49...
e1b26e616354f715db758400246f3c34.pdf,.pdf,pdf,288.51,,,False,False,,,,,,1,3f027d0092cd0344...
e1dd02ec3f299204718108c7cf6b9390.pdf,.pdf,pdf,231.67,,,False,False,,,,,,1,29dcaeb35590cc4d...
e20ef52ec9b40c8742b486eb9b53ca7f.pdf,.pdf,pdf,298.97,,,False,False,,,,,,1,70138f639b6ba994...
e239a6f162359b945e4cba106bdcd1e0.jpg,.jpg,jpg,282.48,2550,3300,False,False,,,,,,,14a8a937cfd87d00...
e246827f3c860ddc375a657f6f8c3a5f.pdf,.pdf,pdf,168.6,,,False,False,,,,,,1,367bd9e90338f5a8...
e25460845b8587a082e607b8ef6fdb55.jpg,.jpg,jpg,33.38,513,686,False,False,,,,,,,c6b40dbf5355b87e...
e295d5348eb450b6e59dadfefa073518.pdf,.pdf,pdf,233.36,,,False,False,,,,,,1,60603936efabda45...
e2ba4fb620262425fd4b6e7c8da96f89.png,.png,png,351.72,457,692,False,False,,,,,,,6ab0fcc912dc3955...
e2c20a2b648f523c9a8b64adc83145e8.pdf,.pdf,pdf,492.29,,,False,False,,,,,,1,e974c3aa5d234a2b...
e2d48d560f56ca95cb36d73d68e25f72.pdf,.pdf,pdf,250.62,,,False,False,,,,,,1,74c29adca03261cf...
e3043b680280117ed96882b5d0e4a85a.pdf,.pdf,pdf,762.01,,,False,False,,,,,,1,3d7355f74252cb91...
e31dff8ef34540cda675cdbb5b7d5e31.jpg,.jpg,jpg,29.27,519,692,False,False,,,,,,,4880d23d95af5988...
e32c8235cab5b8c79c05adde871412a6.pdf,.pdf,pdf,217.48,,,False,False,,,,,,1,c2fe77787b05376f...
e32e646c07b322259154d6ad94a95222.jpg,.jpg,jpg,741.69,2616,2760,False,False,,,,,,,96ff3c6ebf489052...
e353ee7ff269d8f9aee6987ef2c01ba9.jpg,.jpg,jpg,107.41,610,803,False,False,,,,,,,9b0fbc2d08cf9f05...
e36845f264dde3044e15f54b65687473.pdf,.pdf,pdf,221.45,,,False,False,,,,,,1,b5734e248f1fdd1a...
e37edb6dead36b39a3d45c687143628e.pdf,.pdf,pdf,1830.46,,,False,False,,,,,,1,b039a2375e5e7ee9...
e38cc3e2a724c121aa74aa0b99daf129.pdf,.pdf,pdf,690.76,,,False,False,,,,,,1,86718a28b15121a9...
e3ac06cd306870e004adb4de66cfd2ed.jpg,.jpg,jpg,43.67,526,692,False,False,,,,,,,6ad53c5d4f6c8cc1...
e3b151c08d2e0bfbd5bf97efc143474b.pdf,.pdf,pdf,240.68,,,False,False,,,,,,1,b3e0dce2bb858a2a...
e3d6fba3030f2500859f92e4149760d8.pdf,.pdf,pdf,287.47,,,False,False,,,,,,1,0850b8433e4329ab...
e3f4ac3d7f0baf744043d84b8b90e2d6.pdf,.pdf,pdf,237.32,,,False,False,,,,,,1,267a80fb4a811b19...
e419c25af5727a228e2ebb560067c389.pdf,.pdf,pdf,161.25,,,False,False,,,,,,1,c05a48b85b0f9f80...
e420a6dbde72c8ee8ad169609be3d4eb.jpg,.jpg,jpg,15.23,330,412,False,False,,,,,,,1b967fe0156d5414...
e4225db4fe717c1487ee073b7be35a39.pdf,.pdf,pdf,99.06,,,False,False,,,,,,2,5ea61bf6c05ce47d...
e42cd56b77985015c76bfe23c41f4bd8.jpg,.jpg,jpg,37.5,570,762,False,False,,,,,,,5102bd98abbbdca1...
e44a1a51166fbd3e6bb93e9c267a35f7.pdf,.pdf,pdf,700.67,,,False,False,,,,,,1,92871f9e0aff15af...
e45c82214b035748191031a81f7d4371.pdf,.pdf,pdf,193.58,,,False,False,,,,,,2,3895920cb00994d3...
e463227ebe5cfbb561f5d294cfa69756.pdf,.pdf,pdf,353.46,,,False,False,,,,,,1,72f334c643159cb8...
e48a2f2a9dfe4f925ace3d0369bc8670.jpg,.jpg,jpg,6.2,144,194,False,False,,,,,,,c6b328851c26cb40...
e4973f2e9e9a2577eb44b1c5ea4fc513.jpg,.jpg,jpg,36.03,555,692,False,False,,,,,,,34c07cdd5a9e62a9...
e49e7a351f3e61601d0b5b0929d2f794.jpg,.jpg,jpg,21.17,513,686,False,False,,,,,,,5074bfb893e1bccf...
e4a6162f205247ab20cf9d2ff261e648.pdf,.pdf,pdf,244.5,,,False,False,,,,,,1,52c0b883b6f34cc6...
e4e4fa23912139a99fcc61035303c21a.pdf,.pdf,pdf,283.8,,,False,False,,,,,,1,f9eaf2fa3f5f2a6c...
e4e94fd89ae198acae686f3996c70522.pdf,.pdf,pdf,399.65,,,False,False,,,,,,1,a17fb0ecf7f45b0e...
e507425802727bfe114bcb421dcc340e.jpg,.jpg,jpg,31.01,365,692,False,False,,,,,,,42ddc9e3c3912450...
e526645e0af1d24d4df6bafafa6f0017.pdf,.pdf,pdf,2358.13,,,False,False,,,,,,1,b984ce69f14f9883...
e554dcdd896a82f46d3eef84951c17be.pdf,.pdf,pdf,282.89,,,False,False,,,,,,1,823368f4b5c18fb2...
e5848c160a465932609dadc478eef9d7.pdf,.pdf,pdf,640.0,,,False,False,,,,,,1,77611371eac77570...
e58a8c1473d06107d1ec75c4a6be0cbe.pdf,.pdf,pdf,1501.36,,,False,False,,,,,,1,4e4a967839df2a2c...
e59a964078f38b86abe69e07f182c023.pdf,.pdf,pdf,180.52,,,False,False,,,,,,1,fe822a1681cd1f0b...
e5e6ceca61cbf6d630ecd9dc567a45c3.png,.png,png,369.81,477,692,False,False,,,,,,,9b053d2a294b4418...
e60aed028582b6d267d8a982632bc3c9.jpg,.jpg,jpg,441.29,2994,3985,False,False,,,,,,,0f6fe1044691369d...
e61a97b6fc1a9000f07748bf2e9ee86f.jpg,.jpg,jpg,35.74,537,692,False,False,,,,,,,e6d42c10091ec135...
e61f9a7b85a26738d2b2b65847957dc2.jpg,.jpg,jpg,30.23,466,692,False,False,,,,,,,6f37a5a4e316ba44...
e65912991e8b5edb6fb7e3dfcbf34bc7.pdf,.pdf,pdf,1644.17,,,False,False,,,,,,1,63bb91a507f83d3b...
e66926f05f88f49175ba17006dd5734b.jpg,.jpg,jpg,69.21,1145,692,False,False,,,,,,,4434d8787250b0ac...
e66d9a38272540f8289ab540a604e12f.jpg,.jpg,jpg,4643.96,1200,1633,False,False,,,,,,,9d550d502a2fc201...
e69c36fbde540e46778734824b5f1b52.pdf,.pdf,pdf,2127.63,,,False,False,,,,,,1,6c8ab92817acbda0...
e6b09f0169c6e0821c22263de1a0e3c5.pdf,.pdf,pdf,238.92,,,False,False,,,,,,1,f9436403cfb63462...
e6baa25db193aa3dcfedbacc8f753ffc.jpeg,.jpeg,jpg,52.36,562,692,False,False,,,,,,,59be99bf0a5a2cbb...
e6c643324d7132e849dd7d67408a3041.jpg,.jpg,jpg,26.13,515,692,False,False,,,,,,,dc6ba09a074a31b9...
e71597d2f50b0a08cf360db53ae594f5.pdf,.pdf,pdf,174.14,,,False,False,,,,,,1,d87af049731ef815...
e71f698806983ae014622508c34b58d4.pdf,.pdf,pdf,239.32,,,False,False,,,,,,1,ee1e5babd98ab76c...
e7257df24eec278a97a02e23595ed116.png,.png,png,394.58,653,692,False,False,,,,,,,547ef52705bdcfd5...
e7339ccff1bcb8790f21ef258d93806d.jpg,.jpg,png,222.83,563,692,False,False,,,,,,,7fdff51a878b0dec...
e73587ac84facb48351a55ee1405a152.jpg,.jpg,jpg,46.98,468,686,False,False,,,,,,,c5154daa5bae2fd2...
e74ad50641ac6b678a3278f822daee6e.pdf,.pdf,pdf,317.19,,,False,False,,,,,,1,2650fd645625943a...
e768d2f9bd300525d17ed4b3b50311f5.jpg,.jpg,jpg,11.66,333,692,False,False,,,,,,,64779d02ab26db87...
e785a8f23a82935e219d72c155e1c5be.jpg,.jpg,jpg,16.76,474,520,False,False,,,,,,,77a7256d65ec6d11...
e792f79598b80c5c90cf8df46d31db09.jpg,.jpg,jpg,58.59,917,692,False,False,,,,,,,6278ecd2be93aa29...
e79479f3aa0838312616723c00e6559c.jpg,.jpg,jpg,23.89,685,692,False,False,,,,,,,73e6a831344e9ae4...
e7a0012000b199bb4025362aed99259a.jpg,.jpg,jpg,208.77,731,981,False,False,,,,,,,e1c05830efb2698d...
e7ab72f96fbafed26fa3f92205fcd605.pdf,.pdf,pdf,304.46,,,False,False,,,,,,1,79fd799ab9067f74...
e7cc0fbede12a6961987154290fc345e.png,.png,png,253.82,527,692,False,False,,,,,,,88f7bf7a7299a233...
e7dc5b7c2767bac1647dcecc4541065d.pdf,.pdf,pdf,287.95,,,False,False,,,,,,1,fa6098818010f974...
e7eee05603563d3cee66e222fe6fe204.pdf,.pdf,pdf,309.73,,,False,False,,,,,,1,b076a53e8662e82a...
e7fd781bcd7233edde049d54ec39fe0e.jpg,.jpg,jpg,18.28,287,692,False,False,,,,,,,ffd738b77c5856b8...
e844165ba49b1a82556cb7510c2bf80e.jpg,.jpg,jpg,10.93,198,542,False,False,,,,,,,cbc2f644a135be4d...
e850073251fc882dc34f3a2426828283.png,.png,png,328.78,489,692,False,False,,,,,,,64900cf278818b8f...
e85b13b99a7d6cf1a6e3684eb6d686cc.jpg,.jpg,jpg,29.1,584,692,False,False,,,,,,,61535e86d190c4bf...
e88312e8fe71a9d6fe2c84676973e86a.png,.png,png,264.07,608,692,False,False,,,,,,,dddb55eaa722b595...
e890d8a6d08b4e46493a3566bb6b06c9.pdf,.pdf,pdf,328.25,,,False,False,,,,,,1,8484002af37afdcf...
e8a5f8bd49f42a9f0cf8f8c765d35e6d.pdf,.pdf,pdf,315.14,,,False,False,,,,,,1,1f3390bbd3aa0585...
e8a90dcc0f21441e253958a791bbf942.pdf,.pdf,pdf,617.89,,,False,False,,,,,,1,a0b192bbdb59d995...
e8b4d3780796fecc5516faaee0761263.pdf,.pdf,pdf,576.82,,,False,False,,,,,,1,fd855e77566722c7...
e8cf5981a22ba884af511c6bdb5f88da.jpg,.jpg,jpg,28.19,547,686,False,False,,,,,,,9a9cd3fbadf226e2...
e8fbcbf574016088d6a3e72b25437a1b.jpg,.jpg,jpg,107.4,969,686,False,False,,,,,,,efbec538fb30d16e...
e8fd0b2a9a011b87dcb45d675da36fed.jpg,.jpg,jpg,26.65,547,692,False,False,,,,,,,bd86c108766e031c...
e912cf8e496dcba88de59c8664a17429.pdf,.pdf,pdf,619.59,,,False,False,,,,,,1,3f0790a816509e1b...
e920ff7ffc74e147069810b99ec8dfe9.pdf,.pdf,pdf,393.82,,,False,False,,,,,,1,149a7d64a1312d65...
e927b4577f049cbc495e78f71ebe89af.jpg,.jpg,jpg,23.97,472,692,False,False,,,,,,,ab4ca75e6e9a896a...
e94c03ad470fe5193faf0c5dab09c1c2.pdf,.pdf,pdf,379.12,,,False,False,,,,,,1,32d014a2af3e58e4...
e96fcc3fa55da755621bf7c7a7054fe1.jpg,.jpg,jpg,24.14,500,692,False,False,,,,,,,0379872382b76402...
e98fb01925c38c52669aca43547ad07c.pdf,.pdf,pdf,315.11,,,False,False,,,,,,1,0cf2e31027776a42...
e99d88f666771fdf3e3f3926da32236a.jpg,.jpg,jpg,292.45,1914,1872,False,False,,,,,,,c6204d374501dd23...
e99e276812a7ca859d061cad01560d5e.jpg,.jpg,jpg,24.82,417,692,False,False,,,,,,,a0da497bf16f7947...
e9b94dab9529186200a53a2662506b8e.pdf,.pdf,pdf,231.63,,,False,False,,,,,,1,aeb1e4d748ce0059...
e9cf85a782dcdf6ebd8b406ca3ddefe8.pdf,.pdf,pdf,305.46,,,False,False,,,,,,1,0d97f2597a98637b...
ea090d85fd6096d4e5ae72609c82308d.jpg,.jpg,jpg,37.78,513,686,False,False,,,,,,,0d21565caf8315c3...
ea41df833f79f08961ec8d9ae8df7739.pdf,.pdf,pdf,183.63,,,False,False,,,,,,1,1759c7d5124f06f0...
ea42c092929a14830fa94c2a25bca251.jpg,.jpg,jpg,1700.54,4032,3024,False,False,,,,,,,89a3861880daffdf...
ea74e8586cd93126bc8c408508af1cd0.jpg,.jpg,jpg,31.12,513,686,False,False,,,,,,,91b1857007d0a7fd...
ea7b564fd982c9aff7cad96e01dd1a09.pdf,.pdf,pdf,709.29,,,False,False,,,,,,1,b1b86d95313be30f...
ea7c3d1ab36a5893a5db67a311d2a771.jpg,.jpg,jpg,30.54,513,686,False,False,,,,,,,f8c43e4545706065...
eaad6d5ba152171854ce31028eda84b1.jpg,.jpg,jpg,862.52,2092,2820,False,False,,,,,,,b21ca236a12e9148...
eab768403baac0165da50eea26ede0ad.pdf,.pdf,pdf,235.3,,,False,False,,,,,,1,51ac43cc116797cc...
eab9ff3cc833b545debeeb066a65ae2b.pdf,.pdf,pdf,2056.05,,,False,False,,,,,,1,7571708597239f58...
eabe6bddd8316de9cb42f875c1c1c3d3.pdf,.pdf,pdf,131.34,,,False,False,,,,,,1,6acf00baa2c9d7f8...
ead61df17dd95946e6107c87f004e584.pdf,.pdf,pdf,707.15,,,False,False,,,,,,1,8433b2623fbfa703...
ead707874024e2e9e81f65e9cf34facc.jpeg,.jpeg,jpg,80.55,563,768,False,False,,,,,,,6dcce858a7f045ed...
eb1c19f3d75b4481a451817b6055e498.jpg,.jpg,jpg,22.97,513,686,False,False,,,,,,,89eefe1283d53b0e...
eb23329b14ca111e96c12d0531473602.pdf,.pdf,pdf,141.96,,,False,False,,,,,,1,8b36d9aeff7a80d2...
eb2d5ff9c354919bbf3efb17c3b2aa20.png,.png,png,240.09,428,692,False,False,,,,,,,0694c0fa696a66f1...
eb3a4cf22d8be88ebde33bee1129001d.jpg,.jpg,jpg,27.16,483,692,False,False,,,,,,,03ba8aba08629480...
eb473262e24869a6900a0113a7b9b8d4.pdf,.pdf,pdf,316.55,,,False,False,,,,,,1,da3276c19627ce04...
eb52cb9587e530087039ec3f6a83b5be.jpg,.jpg,jpg,27.44,513,686,False,False,,,,,,,ade894d69e9899b4...
eb73992e89afaa8ee9dd43d3dfcfb786.jpg,.jpg,jpg,32.1,481,692,False,False,,,,,,,e6f64939d94c59d0...
eb82c7f2357a57c6699694616e88e4b1.pdf,.pdf,pdf,649.96,,,False,False,,,,,,1,91d8f05aaa4f670f...
eb8313540deedc8776623ace1309b518.pdf,.pdf,pdf,420.75,,,False,False,,,,,,1,9aab29150b778002...
eb9a940a242b489651bc71c254c9cb46.jpg,.jpg,jpg,28.42,536,686,False,False,,,,,,,b844ddaa18616178...
eb9ea116c2d78aefe4e48dd07f7ecbb1.jpg,.jpg,jpg,33.05,513,686,False,False,,,,,,,16858c8a23c83d0f...
ebefbdddfc07e661e5c1362faa300e8c.pdf,.pdf,pdf,221.79,,,False,False,,,,,,1,30d1f4e1058a16e7...
ec016801b03ac472ac8a71a82d61e5aa.jpg,.jpg,jpg,52.27,500,864,False,False,,,,,,,f1d339f080aaa608...
ec40c9008c76a759c180ce18b1f61f01.png,.png,png,744.94,848,742,False,False,,,,,,,8b607ee7ef31e25c...
ec5805073042a2e18b91b50e902fdafd.jpg,.jpg,jpg,26.64,536,692,False,False,,,,,,,5f471e0ff159d410...
ecd865a0f1880ed99764f877a40b988c.jpg,.jpg,jpg,124.15,998,1348,False,False,,,,,,,c9c9bc30f9e3ae91...
ecde5062df03c328eb70be3c01918df7.pdf,.pdf,pdf,298.13,,,False,False,,,,,,1,a7cd65d1c07e0ce6...
ece383ebb1f1dd23ddec1ec4651506ea.jpg,.jpg,jpg,159.37,1107,1280,False,False,,,,,,,24e10951c938d8d7...
ece7219dbd81b377ca2ad53c021bf589.png,.png,png,587.97,577,692,False,False,,,,,,,77847fe79b55f6d8...
ecea5e177a220e6e3e6dd4dc9c26318b.pdf,.pdf,pdf,1022.99,,,False,False,,,,,,1,724252d91661902e...
ecf0cf89acb60cdc8974fa61b4fc6de0.jpg,.jpg,jpg,11.52,250,364,False,False,,,,,,,9cf4a6203c29a8b8...
ecffed2bc1f6eedb2e51792dac3c89d3.pdf,.pdf,pdf,351.43,,,False,False,,,,,,1,5bf2f75a377e3027...
ed32542353e94afdee7805c271856515.jpg,.jpg,jpg,18.84,384,516,False,False,,,,,,,97b284f5516ac145...
ed57df9656d362d294311fcb6ca19add.png,.png,png,271.18,427,692,False,False,,,,,,,70ae20c8080aafcf...
ed5ee8c0f93ae31f209fd6eb73287c5c.jpg,.jpg,jpg,36.56,1098,692,False,False,,,,,,,f02cddeb2d6b1376...
ed64fd06e4cb5694feb43f6efb2d31a8.jpg,.jpg,jpg,18.71,535,692,False,False,,,,,,,4a151a5d36efa0f5...
ed70e0289a5555d741532c01e8125726.jpeg,.jpeg,jpg,32.56,702,692,False,False,,,,,,,8f8cd6ceda1ac00b...
ed7e10ed202812dcee141d2eeb2a8e4b.pdf,.pdf,pdf,164.86,,,False,False,,,,,,1,2da0efd47622eb25...
ed82cc7c1464d85a61954862008f46db.pdf,.pdf,pdf,766.48,,,False,False,,,,,,1,67f87867deb82068...
ed89733ad408859aeb5b1102b4189eb6.jpg,.jpg,jpg,16.57,305,380,False,False,,,,,,,0192593899caaf2d...
ed89b6d53cfa154f70c314778f339e5c.pdf,.pdf,pdf,543.2,,,False,False,,,,,,1,55e776b67b895116...
edc49e69a109e3fcee601ecbf420be9e.pdf,.pdf,pdf,265.03,,,False,False,,,,,,1,12c05f7e01af4034...
eddf823c8816c866f162cf7caf454a71.pdf,.pdf,pdf,306.28,,,False,False,,,,,,1,57cb1f42d835c740...
edec99f1c32608114fd5753892cc89d2.pdf,.pdf,pdf,386.41,,,False,False,,,,,,1,6e6edfa9028743c5...
edf7dd98da12a2c7d6d154e01e064062.jpg,.jpg,jpg,51.9,794,1194,False,False,,,,,,,0a0a4c9e690fb1b9...
ee136b4bab23dbd2a5caffa9c6004d0a.jpg,.jpg,jpg,29.21,513,686,False,False,,,,,,,9e117aef54f641fc...
ee40697de318ce8574ae3813fab659e6.jpg,.jpg,jpg,26.53,513,686,False,False,,,,,,,690b2e6b3786f975...
ee4e60085d361b98fbab62319bf524a8.pdf,.pdf,pdf,474.14,,,False,False,,,,,,1,0d3d4c11a5e49bb2...
ee693deb2944cc6fda86ad26ae5c67f4.jpg,.jpg,jpg,28.41,458,678,False,False,,,,,,,97f6f6f0376632c9...
ee6f0d7761cbaf30f586728856621a45.pdf,.pdf,pdf,154.24,,,False,False,,,,,,1,07e0de641da37892...
ee8946c4901a0d0bce549479319ddbdc.pdf,.pdf,pdf,436.25,,,False,False,,,,,,1,29212d6b2a00873e...
eea0b7232d7e8c1404ae102bb2226376.pdf,.pdf,pdf,248.08,,,False,False,,,,,,2,799e61873b528708...
eea38886ce35387b48816b8bcd7283cd.jpg,.jpg,jpg,41.92,491,692,False,False,,,,,,,4d345cf034de16f4...
eea4acc4ef6c2eebccb7e58342e25a49.pdf,.pdf,pdf,155.43,,,False,False,,,,,,1,90c1fa0ff5141c74...
eee9f81db1a149c0a453bbf9567a8513.jpg,.jpg,jpg,35.82,383,692,False,False,,,,,,,76bb7bcfe20dfebe...
eeeed8e7c233d383ae5035bdcd1ec9c8.jpeg,.jpeg,jpg,33.75,589,692,False,False,,,,,,,7bb2c77d4f665a07...
ef05f9cf7152946da3c0451358bd3c65.jpg,.jpg,jpg,761.42,1358,1934,False,False,,,,,,,e5633fbe1917e08c...
ef389754c73980324416020c225864ee.jpg,.jpg,jpg,24.25,504,692,False,False,,,,,,,042080add4c87ff1...
ef40be4d6941e47a55c9fa992e867e90.pdf,.pdf,pdf,227.42,,,False,False,,,,,,1,9e470947221361af...
ef5344f54e084e7fd88f3ba333c84a4b.png,.png,png,324.05,563,692,False,False,,,,,,,91825064102ad590...
ef5edbed565ddedc6ab3a16a4854f8fe.pdf,.pdf,pdf,95.95,,,False,False,,,,,,1,c42688d0300820b0...
ef6eaec2315bd0c7e1b8fbfc4c4efea6.jpg,.jpg,jpg,22.9,497,692,False,False,,,,,,,ca21fb602e0f36ee...
ef9d404472d189993fc8853ce6f4f800.jpg,.jpg,jpg,17.67,513,686,False,False,,,,,,,721c147ee502923c...
efa053c1194faea8937772cadb45b84c.jpg,.jpg,jpg,26.22,474,692,False,False,,,,,,,a92f3fcd688182a7...
efa08dcab640f232f1d529974f0fa42a.pdf,.pdf,pdf,238.9,,,False,False,,,,,,1,982a4ec17066d603...
efb4d2dcdca98e20da1cfeae46d52c69.jpeg,.jpeg,jpg,30.07,440,692,False,False,,,,,,,d3cf6c895882a65e...
efbce3d9a8cfb56ee1126d58af755d73.jpg,.jpg,png,194.25,418,692,False,False,,,,,,,930542ea8a662115...
efbe6cdcb149ca322b8d611250b906e1.png,.png,png,340.16,478,692,False,False,,,,,,,aea22b1fffd9656b...
efc2186832e46dbf9f84b51ba8a164d6.pdf,.pdf,pdf,293.17,,,False,False,,,,,,1,06d02af054b8db88...
efc7cf2b3208b5efc57cd4ea4c27eb5b.pdf,.pdf,pdf,105.65,,,False,False,,,,,,2,8e1f35beca460432...
f00e16545b969754d11d9b5b6bd6bb0d.png,.png,png,1033.95,863,692,False,False,,,,,,,a232fc239f219033...
f0197dfc90b9c6ce04c4eb9a2cfd0cde.png,.png,png,354.25,633,809,False,False,,,,,,,f4338eee60d423e1...
f01cae9ddf22d3f7aa3bdbdddd09bf38.pdf,.pdf,pdf,252.2,,,False,False,,,,,,1,af000925ceb375f8...
f0252e6dfd504f09d31365f09a70958d.pdf,.pdf,pdf,588.85,,,False,False,,,,,,1,bc81d70791aa5fd3...
f03031ef8f8641aa921a00d54902ec83.pdf,.pdf,pdf,343.89,,,False,False,,,,,,1,41335d6d3644c89b...
f04e313c5aa11f4dbec4d3eff7ea6285.jpg,.jpg,jpg,37.29,553,692,False,False,,,,,,,8f622ccf513cb226...
f05756a97872841fb442c199f40cb2c3.jpg,.jpg,jpg,19.41,513,686,False,False,,,,,,,7ca9fceeab614175...
f08aa6c518c540c49d180c727cf0a084.pdf,.pdf,pdf,378.3,,,False,False,,,,,,1,5cc28dc08f84f8b4...
f0a71cdf51202d8caddafb7e8fe8cda9.jpg,.jpg,jpg,17.44,451,692,False,False,,,,,,,79ea89c3ed4f73b7...
f0d535b6e0cfb35f65357ca05fd625ac.jpg,.jpg,jpg,24.46,700,572,False,False,,,,,,,5e01a66c5eeba846...
f0f43e661e6c0a3c99349f021fc950de.pdf,.pdf,pdf,798.64,,,False,False,,,,,,1,7a7f525fcf0a9f72...
f146edff6d3a54c442c7e46454cae1b3.jpg,.jpg,jpg,33.69,513,686,False,False,,,,,,,df356b0b57b014b5...
f148438a0f00626a296e4e4a11117d5d.pdf,.pdf,pdf,606.92,,,False,False,,,,,,2,f62f6d76fb2a901b...
f16cca520fb43ca237ebf111eba2c806.pdf,.pdf,pdf,256.78,,,False,False,,,,,,1,0f52dac13548f926...
f1993bfa734c6bed8e6ba85718bc1324.png,.png,png,764.03,701,984,False,False,,,,,,,78f4a1c2b520ee02...
f1c9008207c6b54ece67bb50bc73faec.pdf,.pdf,pdf,469.05,,,False,False,,,,,,1,5a5bca9b312cd3e9...
f20b691a53420577f4b30897c153e434.jpg,.jpg,jpg,26.69,513,686,False,False,,,,,,,0e2647ef094c7ff3...
f20ffc05af80155f64d904963bf514ad.png,.png,png,599.5,1537,692,False,False,,,,,,,640dac0bc531a640...
f215459536e16da6ef207a28603ec1d9.pdf,.pdf,pdf,323.72,,,False,False,,,,,,1,d02dfd325b409e62...
f218e1fc66dead1d509daabb33de73ea.pdf,.pdf,pdf,203.86,,,False,False,,,,,,1,5f5afde817fd25c7...
f253d81495ce120217ef4e2bd207e415.pdf,.pdf,pdf,166.21,,,False,False,,,,,,1,92ee74162e3b9528...
f2544723e721423760c5d537475e5cb2.pdf,.pdf,pdf,275.6,,,False,False,,,,,,1,2a660138461f8f13...
f254fd4d3564f5080a86649569092587.pdf,.pdf,pdf,639.95,,,False,False,,,,,,1,236530b8885f25d7...
f26f9cd40b56a7e61166213962774490.pdf,.pdf,pdf,387.36,,,False,False,,,,,,1,cc0478726f19bdcd...
f2807a397acd7c39b9dc242224629261.jpg,.jpg,jpg,26.81,553,692,False,False,,,,,,,61b5bc5007ed434c...
f2917d5a183865e81f12799d01370fda.jpg,.jpg,jpg,23.79,390,692,False,False,,,,,,,0b1a0e743be9093d...
f2bca170e69f8ec29fe7f4052f977768.pdf,.pdf,pdf,223.96,,,False,False,,,,,,1,158d83b549bc124a...
f2bd6afb6b24e929fc684109d0e68b7c.jpg,.jpg,jpg,22.93,715,692,False,False,,,,,,,7d732c5cdd0603b3...
f2f3c8d3e5ae52e4e09cff5edeabb593.pdf,.pdf,pdf,117.66,,,False,False,,,,,,1,c9f7d533c0ced104...
f2fbf671a01f5ccd70abd273fc3d0dd8.pdf,.pdf,pdf,196.45,,,False,False,,,,,,1,11c5d9deb4730a0c...
f31a77cddcd95068c7b51e1c09586977.pdf,.pdf,pdf,1761.6,,,False,False,,,,,,1,5a4982807efa673c...
f31ff4e421674839bc98b4b13e042853.jpg,.jpg,jpg,36.19,549,686,False,False,,,,,,,3f55f4a0da4de8d2...
f33f0423e4cb1a0c2c8e64aa84f015eb.pdf,.pdf,pdf,519.67,,,False,False,,,,,,1,7814ab0c49c462c9...
f344be1efeb24194ab8e58456e623ef5.pdf,.pdf,pdf,259.83,,,False,False,,,,,,1,7372c389f06fea5a...
f373e4b9a8d742a9f85a8e8886e0320f.jpg,.jpg,jpg,70.23,1344,692,False,False,,,,,,,f06c8e8a101ffc93...
f398fe77320796babd747c43477f20ad.pdf,.pdf,pdf,275.49,,,False,False,,,,,,1,d206cf3d926d7988...
f3a689400478e2ccd9b369388476d44e.pdf,.pdf,pdf,215.3,,,False,False,,,,,,1,b5cedb02d9540495...
f3b25300354a314478a5c84c1a558dc9.pdf,.pdf,pdf,378.53,,,False,False,,,,,,1,e765b7c03f4e3216...
f3c145e5b3a18c25c2bc4610cef7aa52.pdf,.pdf,pdf,807.93,,,False,False,,,,,,1,5e206e6ba7067952...
f3e2a8cf44d98b217cd853cde1956509.pdf,.pdf,pdf,976.2,,,False,False,,,,,,1,f5e3f106fb9fd919...
f3eb51851e64e40664886ba88afb8f98.jpg,.jpg,jpg,51.08,692,692,False,False,,,,,,,2aced7720a9e62e2...
f3fbdb9d1db5b91ef1fedd6ae8e93b55.pdf,.pdf,pdf,366.46,,,False,False,,,,,,1,6de71bbe5a62f8bc...
f484d113d978421c720ed6b4420100af.jpg,.jpg,jpg,20.33,509,692,False,False,,,,,,,a7f518f1f401ffb4...
f48e80824b3b991833fa813ef8e79c63.pdf,.pdf,pdf,289.18,,,False,False,,,,,,1,50755d7a37c8b791...
f49341cb1181a7c0d2549906e2144be3.jpg,.jpg,jpg,25.26,513,686,False,False,,,,,,,c31b72b5fee508ad...
f4a20c1e10d4a2ddc571b6266512f16b.jpg,.jpg,jpg,16.48,532,692,False,False,,,,,,,62f00c498a2b295c...
f4b6422dd6ddcf6d1e7f16446cf09617.pdf,.pdf,pdf,129.51,,,False,False,,,,,,1,660bc8d1c1878625...
f4d6022d93d66872a2646cb270840870.jpg,.jpg,jpg,27.17,443,692,False,False,,,,,,,5f6d7a6a88ae9286...
f4e8f486e74d4e0574a9bf1d4ecd4bd1.pdf,.pdf,pdf,257.31,,,False,False,,,,,,1,4290cc80fddd9de7...
f4f18a72ef63052079a753b66c91e23f.jpg,.jpg,jpg,5.81,144,194,False,False,,,,,,,546882518f4bbe4b...
f4faa79f5a40ba7f872d0b05209d0b26.pdf,.pdf,pdf,335.67,,,False,False,,,,,,1,15aea781b2888ca9...
f5015497fcc34ac3d4ba52c0b8a8663e.pdf,.pdf,pdf,123.97,,,False,False,,,,,,1,1936206477dcac2c...
f5110e638c9f10182a447ef4e96b4e3f.pdf,.pdf,pdf,241.4,,,False,False,,,,,,1,8cfb131f2377a497...
f51668ac9d76fa9c2ee69a72902a4901.pdf,.pdf,pdf,1549.42,,,False,False,,,,,,1,55ebbebccbeba680...
f51b9e1e9cb2c3c0f70ffd15e2f65522.pdf,.pdf,pdf,166.54,,,False,False,,,,,,1,896c7ae4f81e3511...
f51d697bb0169a7b763495d6f1523ecf.pdf,.pdf,pdf,156.05,,,False,False,,,,,,1,ab49c18aeaca7d54...
f5315b4a4574ef811eafe3f36f312384.jpg,.jpg,jpg,29.8,513,686,False,False,,,,,,,d8ec401934701073...
f5327278d62f7b2bf4d9cb7249b7e568.pdf,.pdf,pdf,385.7,,,False,False,,,,,,1,250481d7a5fc3264...
f538bca23cc0c2a8d42565beeb0e30ec.pdf,.pdf,pdf,652.38,,,False,False,,,,,,1,481e70718589a372...
f54b3da7244b180055e1a45ef1221b67.pdf,.pdf,pdf,64.62,,,False,False,,,,,,1,0a120ef9168afb22...
f550b584268991d61905c0d9704fe34c.png,.png,png,297.79,515,692,False,False,,,,,,,2963285133424350...
f560fb065347012557c8f7366c917aa1.jpg,.jpg,jpg,41.9,502,692,False,False,,,,,,,a0ae6a31d6ec8713...
f59b991520c6c8411f326d64998c9e25.jpg,.jpg,jpg,23.26,519,692,False,False,,,,,,,be7729aeae94247d...
f5aa879b8008fd213b7f761f4483d448.jpg,.jpg,jpg,40.07,465,692,False,False,,,,,,,f3ec5596f2e385c2...
f5c45547fe28e8eec0dee1e5edf9f534.pdf,.pdf,pdf,352.77,,,False,False,,,,,,1,cedca5edc4f6f81f...
f5d9adc3a55f2f4f0eecc7ab790e88af.pdf,.pdf,pdf,117.26,,,False,False,,,,,,1,fcb826123739f261...
f5e1a04dd1d4f021dc7341be24311398.pdf,.pdf,pdf,74.24,,,False,False,,,,,,1,2786950c3d17a895...
f5e3ce8b273b3dd5ac01ae74fc4e84c6.pdf,.pdf,pdf,272.16,,,False,False,,,,,,1,5ac8445932536125...
f603dc9af44dac0b99af194655753f3c.jpg,.jpg,jpg,27.7,562,692,False,False,,,,,,,9506442fe511526f...
f60ba6e44dff52ebe760003d7f0b696d.jpg,.jpg,jpg,27.26,473,691,False,False,,,,,,,ac2ab642c44c214c...
f610762efcec29e434663ff1c410b315.pdf,.pdf,pdf,87.62,,,False,False,,,,,,1,4705057a96cfdb40...
f62a588c6d0d84c885e09fdc4a7dc008.jpg,.jpg,jpg,27.68,572,692,False,False,,,,,,,5199a7f29a2fdf82...
f637b77a7a178ecd94147dd11c0e7409.pdf,.pdf,pdf,103.28,,,False,False,,,,,,1,340b9e6c4477caeb...
f645d4062ec3a522f74d2fa27546d770.pdf,.pdf,pdf,207.72,,,False,False,,,,,,1,57961f4f900ce4fb...
f652d7081eb5324f1aa8c631e61b528f.jpg,.jpg,jpg,21.56,510,692,False,False,,,,,,,ba881b54b1eab7f2...
f68127adf2e305012971c9214ebd0cb8.png,.png,png,297.96,502,642,False,False,,,,,,,142564aed8dd6c34...
f6970c640b297d701f5f5144e53cf155.pdf,.pdf,pdf,314.57,,,False,False,,,,,,1,d38166314d493fa9...
f6a762d72eac351123c2fbef15f83a0b.pdf,.pdf,pdf,222.82,,,False,False,,,,,,1,3f4f3fb105915b29...
f6ccbbc6420f2dfff1c13fa4a2f97eea.pdf,.pdf,pdf,188.86,,,False,False,,,,,,1,416c7fdd427b957f...
f6e0f0e51cf589d3d55d203d48cdd190.jpg,.jpg,jpg,58.65,719,692,False,False,,,,,,,97fe40bcbe5a23a4...
f6e21eb845bebfdef8dadb83fa230246.jpg,.jpg,jpg,18.34,604,692,False,False,,,,,,,5e242d8c065f4a34...
f6e6c3090e5ef3745ae6f4363d07f872.pdf,.pdf,pdf,232.14,,,False,False,,,,,,1,90d0e71131b27abd...
f6f3289f6a3d26ad34d57dcb5ffa97d7.jpg,.jpg,jpg,70.2,759,1004,False,False,,,,,,,fb4666af686094be...
f71f16cbde3d609448fc1e49380e7b60.pdf,.pdf,pdf,155.15,,,False,False,,,,,,1,bd9f62382d4d9879...
f758f4db7b7b610114b3b8bde620d90a.jpg,.jpg,jpg,443.3,896,948,False,False,,,,,,,b7c407a4f9119fcb...
f75c7578d0972e44f20228b7cd004ad2.pdf,.pdf,pdf,114.16,,,False,False,,,,,,1,4286bfaff5fc9522...
f76ba431093385badf0453f4f4d85f92.png,.png,png,323.6,533,692,False,False,,,,,,,27f61c252ee113f8...
f796496147031a4fe9aeb23ee5eedbc4.pdf,.pdf,pdf,191.17,,,False,False,,,,,,1,c5cb781b483e41b0...
f7a4c3540a802cecab80d44a4c0690de.pdf,.pdf,pdf,621.89,,,False,False,,,,,,1,c0ffc7753222137b...
f7c3d3efe5687bfdf6ea7957bbfd8e9a.jpg,.jpg,jpg,30.52,630,692,False,False,,,,,,,02d825f7796c599e...
f7e1299d72760aa226c86ecfa18c372b.png,.png,png,254.69,480,480,False,False,,,,,,,c513f9ba06ce26b5...
f7f3c71d2ce0a5c8b7f27a6ca2aeb7cc.pdf,.pdf,pdf,1993.16,,,False,False,,,,,,1,cd2f05c3b00f5d38...
f7f60665ee3401c459a7fde743f48097.jpg,.jpg,jpg,27.46,463,692,False,False,,,,,,,bae708ef4d3ae305...
f81e99423306cdf19ba14f57cc9f653a.pdf,.pdf,pdf,103.03,,,False,False,,,,,,1,1f4e12605fa8f355...
f8526a4d604053e4cb1d24247f1b17a1.jpg,.jpg,jpg,27.11,513,686,False,False,,,,,,,e66d4595fe2a2738...
f853cedc1458e1615be3930a68b20701.pdf,.pdf,pdf,89.68,,,False,False,,,,,,1,dc0d8f34d36d5029...
f85f3c6e3d815af88c2c485ef72cb8df.pdf,.pdf,pdf,131.45,,,False,False,,,,,,1,6faf4ae04ef1a0b7...
f898dc81b4681daf48582e8e940b2374.png,.png,png,308.73,544,692,False,False,,,,,,,94d14a8686016409...
f89fd9f901f793dd0aab1d95fd4212c1.pdf,.pdf,pdf,990.2,,,False,False,,,,,,1,4bd143fa66312a7b...
f8b6f69ff603e473f5bb736584e44446.jpg,.jpg,jpg,20.49,484,692,False,False,,,,,,,3b2c523c7ed2b2c3...
f8d2312ef4aa8463afe05722acd19b38.pdf,.pdf,pdf,556.44,,,False,False,,,,,,1,d9a65c65948684e5...
f8e4f6d6ddf8ee5f4719eddf93fa308f.pdf,.pdf,pdf,396.1,,,False,False,,,,,,2,7fd71fb893fc1231...
f8ff439c71e7fc982d6aa7ab1e89b0df.jpg,.jpg,jpg,22.82,534,600,False,False,,,,,,,40c882f1ee7fd837...
f9005d421a26b15acc1df7c33e3bd970.pdf,.pdf,pdf,395.32,,,False,False,,,,,,1,a0ba3e75249b4fb6...
f91dc1f77624dc11b64ed614cdb58994.jpg,.jpg,jpg,20.16,320,496,False,False,,,,,,,ac7a302e165760d0...
f937bffec541b727fee85012082c30e0.pdf,.pdf,pdf,139.33,,,False,False,,,,,,1,57db307a64aafcc8...
f93812e5cbcabe931cc0e83f60a465a0.pdf,.pdf,pdf,696.14,,,False,False,,,,,,1,44da1b09e6a05160...
f942b1026c8843d46b3a24c46b15df11.pdf,.pdf,pdf,215.86,,,False,False,,,,,,1,056d46dcc0a56287...
f961554dd3ecec37a45810824ab6c4d5.pdf,.pdf,pdf,335.25,,,False,False,,,,,,2,ddb851b1b3bc12b7...
f969e42658b000c2af46abf7d9a5516e.pdf,.pdf,pdf,102.08,,,False,False,,,,,,1,c16ce5a6a52a4f27...
f97167901034474b6ea33b2ea79c891f.pdf,.pdf,pdf,569.53,,,False,False,,,,,,1,bc252b6f209cccd4...
f976373ef7f96b37f801054b9efeeb19.pdf,.pdf,pdf,211.47,,,False,False,,,,,,1,63771ffffdbdebfe...
f978de0e467de74044a237d579226376.jpg,.jpg,jpg,12.51,276,692,False,False,,,,,,,26bd6ebe762b702e...
f98e5dac2fad35843e9d945db8090656.jpg,.jpg,jpg,112.61,600,800,False,False,,,,,,,cd36a7f639cd8dd0...
f99ad5f42b24f777db8b5597e4d479eb.jpg,.jpg,jpg,793.78,1500,1964,False,False,,,,,,,5f59f4d65a276a36...
f9a286f0c29656b9774c4c88485cd85f.pdf,.pdf,pdf,294.01,,,False,False,,,,,,1,2c6d04aac1f2e620...
f9bcb14443f0d5d912b10b72c8c703e1.jpg,.jpg,jpg,14.78,290,620,False,False,,,,,,,645790a9281c68b2...
f9e4ffc5efa8225ca495d6c1a5f6696b.jpg,.jpg,jpg,27.99,464,692,False,False,,,,,,,1761bb8086e3128b...
f9e852d142ca3ec550c821addb68b641.jpg,.jpg,jpg,279.41,2508,1687,False,False,,,,,,,9e68471a37136c82...
f9ea4ff162c5f2b800ea67c683d7398d.jpg,.jpg,jpg,26.42,537,692,False,False,,,,,,,548b670d152899b8...
fa09c026fe5e7c743253049af5bac824.pdf,.pdf,pdf,103.03,,,False,False,,,,,,1,28c36970b190eade...
fa3994f0aa972d9f45320167005966d9.png,.png,png,618.01,407,719,False,False,,,,,,,a62b3c1e844bbdef...
fa613d352e4b2c2780d97a365c159595.pdf,.pdf,pdf,271.6,,,False,False,,,,,,1,1dcc4355860a57c4...
fa71f70bc95baf8421a771db6ebf08cd.jpg,.jpg,jpg,1444.68,1060,1605,False,False,,,,,,,757a747b8b9d965a...
fa8bf6e23461ab3e9e184d8bfafd30ce.jpg,.jpg,jpg,27.32,513,686,False,False,,,,,,,ac5e64ada9c065ff...
fa917b40cc72d6f35af646333a3b3302.pdf,.pdf,pdf,214.27,,,False,False,,,,,,1,984b6042c3332288...
faa8a3b401577d1c6f49743ca6d83386.pdf,.pdf,pdf,134.11,,,False,False,,,,,,1,9e19f43db2fa0177...
fab4c680521f318193faef223e747284.jpg,.jpg,jpg,16.87,465,692,False,False,,,,,,,843dd885b069d751...
fac0de5e988a442e2450c047692c9b04.png,.png,png,396.24,577,692,False,False,,,,,,,3d61b3f7159857d3...
facf60e2c3dc135a647d611930f0c319.jpg,.jpg,jpg,279.51,1247,1364,False,False,,,,,,,54effd3cbb5cce6a...
fae68c76dbe836769d05035ff410d9d1.pdf,.pdf,pdf,245.71,,,False,False,,,,,,1,6cb8558e13d74fa1...
faee9c2c8faf8b68ae86e961ae2a522f.pdf,.pdf,pdf,231.5,,,False,False,,,,,,1,19a5d035a4085141...
fb10a49a6f4cbf547d3a48f4e796fe9e.pdf,.pdf,pdf,1072.12,,,False,False,,,,,,1,15ce0c546da2da48...
fb1e4d0872f89885f8899ef25cb46406.jpg,.jpg,jpg,64.33,628,903,False,False,,,,,,,e0c4e49bfe3e05b7...
fb312e4a73999b47c9ed744e028269f6.pdf,.pdf,pdf,367.63,,,False,False,,,,,,1,3929877d33354d80...
fb6cedffa4e6607fa2bb8f08f3c82fc0.pdf,.pdf,pdf,102.85,,,False,False,,,,,,1,e7e184cabe0d6f9c...
fb78a7a4c6c39feb596767cb609ab701.pdf,.pdf,pdf,211.26,,,False,False,,,,,,1,54dd72f2c4b9812f...
fb7ce90322d1407e610d469b80d65282.pdf,.pdf,pdf,513.35,,,False,False,,,,,,2,1f5bb049e443f8d9...
fb8bbfe179edfb1cbd57ac8d784e96ec.pdf,.pdf,pdf,109.91,,,False,False,,,,,,1,465a16fe19ab959d...
fb9094269d0a846be236e8af809dac8a.pdf,.pdf,pdf,323.57,,,False,False,,,,,,1,8917191d912af12d...
fbae18de01b30efad5a245ac4cc39ed7.pdf,.pdf,pdf,292.6,,,False,False,,,,,,1,7618f63e222d6009...
fbc10f783d44f87b1d56cebf4a440a29.png,.png,png,381.81,443,692,False,False,,,,,,,c1eda4ff6c9549a7...
fbca5f3c7652901583951c4e5a203eec.jpg,.jpg,jpg,2020.37,4250,2826,False,False,,,,,,,e7f7bdb08c0415f7...
fbf098c684d981c23af2f41a19f4efe9.jpg,.jpg,jpg,40.23,933,686,False,False,,,,,,,08d66a9388958077...
fbf7369034b31cce2e2df56f03b1ae6e.jpg,.jpg,jpg,115.9,941,720,False,False,,,,,,,a5972ecbd9b461f1...
fc012487efda4e3d682b0492d2bdfdd5.pdf,.pdf,pdf,813.2,,,False,False,,,,,,1,c011efc59ce6d0e1...
fc0864b3832f21ff7537f119e3930ed4.jpg,.jpg,jpg,28.53,291,692,False,False,,,,,,,49712d085b8fe1bb...
fc282ce17638050602c1440c6e745543.pdf,.pdf,pdf,99.58,,,False,False,,,,,,1,bc666a9ef7b99b04...
fc2ac840d7690c65ffcdca88aa538db3.jpg,.jpg,jpg,107.86,600,800,False,False,,,,,,,4ebcff0f5dab5f04...
fc31420151573a65b04b0ab1f030becf.pdf,.pdf,pdf,244.54,,,False,False,,,,,,1,d1a1feecfe356fbe...
fc332ec5d1fac3b1bd4326713149f289.pdf,.pdf,pdf,580.06,,,False,False,,,,,,1,e90acbbe1912850a...
fc341112dab595cfa1b129920a0e1422.pdf,.pdf,pdf,197.26,,,False,False,,,,,,1,34f8798f50ff0d2e...
fc3b9c6dc783d13d7d36c17b136015e4.jpg,.jpg,jpg,155.28,768,1024,False,False,,,,,,,230338ae712e8cd6...
fc45cb6beec4b6de763e383133666348.pdf,.pdf,pdf,676.62,,,False,False,,,,,,1,0f6ed31a9c568c9d...
fc4ab1cb022e7a719bfabbe1de7fe35e.pdf,.pdf,pdf,368.5,,,False,False,,,,,,1,18b21230b5c5fc3b...
fc5a6ab0ee72f854e7716e61f069a692.pdf,.pdf,pdf,311.19,,,False,False,,,,,,1,488617d095e677ea...
fc5ed42b627e1fb9860e60319593e73f.jpg,.jpg,jpg,20.43,444,692,False,False,,,,,,,6c9254d310abdcbc...
fc84d4d6f1c476113e46ce51b377c5a0.pdf,.pdf,pdf,214.61,,,False,False,,,,,,1,d1fa783a2f297b42...
fca688be6d706214107646e981244161.jpg,.jpg,jpg,24.89,507,692,False,False,,,,,,,d4eb7ccfd5763779...
fca8d3ba037518183fa9ca70aadc085e.pdf,.pdf,pdf,148.85,,,False,False,,,,,,1,9d2e647f9cf42049...
fcc01fe43bd9df252ade6812db342407.pdf,.pdf,pdf,785.47,,,False,False,,,,,,1,9b4f30a5b3f20e82...
fcc17d68a7f135b9d6cefa70e545908e.pdf,.pdf,pdf,148.76,,,False,False,,,,,,1,1db2ce4657f0d120...
fcd63643dce0e741a3bd768141bb372a.jpg,.jpg,jpg,28.82,493,692,False,False,,,,,,,5effa606e4ce0578...
fceb80a3c9a046390e2b16bb6b6a9a40.pdf,.pdf,pdf,30.42,,,False,False,,,,,,1,c99e1605a48fbaf3...
fcf18a08ee6a6924189454bba9cae850.png,.png,png,62.8,969,692,False,False,,,,,,,af4cdcbcdc5167a6...
fd0818ada764f6cfc14eff0170e77ea6.jpg,.jpg,jpg,35.69,607,686,False,False,,,,,,,7de5fb34fefb3d6e...
fd0e5218e8294f13430a19c85165108c.jpg,.jpg,jpg,25.47,513,686,False,False,,,,,,,4aedf76893429518...
fd3f09a398244b12a09d07cb4d865948.pdf,.pdf,pdf,484.08,,,False,False,,,,,,2,0d68fd15a63eb1c3...
fd474c9ab35dd17c5640087ef48b43e1.pdf,.pdf,pdf,188.61,,,False,False,,,,,,1,4a06957e518bdf0c...
fd650fa7df966db7b415036c4344c735.jpg,.jpg,jpg,26.67,470,692,False,False,,,,,,,544e4f4bfd979d32...
fd68c9218e7030041ce874f088982850.png,.png,png,680.03,407,719,False,False,,,,,,,55e72a02eb17e60d...
fd75f5ddc254fe63f5fda837620f9ac5.pdf,.pdf,pdf,105.09,,,False,False,,,,,,1,c90f5308861a9002...
fdadf94c19eddc17f59ed4183f426e34.pdf,.pdf,pdf,334.93,,,False,False,,,,,,1,d964a45a912e9a90...
fde3b1662f6266400408dc88c4ba8eff.pdf,.pdf,pdf,616.92,,,False,False,,,,,,1,9b22cf5d580130f0...
fe110535d133e484fb765c70cca3f5dc.pdf,.pdf,pdf,234.91,,,False,False,,,,,,1,43fdfab3a75455bb...
fe295cd788ca241d93a3f6942bf77366.pdf,.pdf,pdf,798.41,,,False,False,,,,,,1,9ac8a05bcbb88878...
fe38ce771abd66036dc3dd8bc9d42f7b.pdf,.pdf,pdf,129.48,,,False,False,,,,,,1,a432498aaf33ff55...
fe4b34a4f54feeaf5f393309bbcfe479.jpeg,.jpeg,jpg,41.85,449,692,False,False,,,,,,,b11ec3459ddaef2a...
fe5035b1ab093da7a71d20ccfdb5a332.jpg,.jpg,jpg,25.61,529,692,False,False,,,,,,,0d3b695b5a1411e3...
fe58f8568c1580c7181dc33cd23399f8.pdf,.pdf,pdf,148.2,,,False,False,,,,,,1,e6e14d464326ecdc...
fe65836487cb1f29583afa06a77f2d06.jpg,.jpg,jpg,82.43,1046,686,False,False,,,,,,,08556a2d15e60aa7...
fe67fb64294985d5e8466e899578f0db.jpg,.jpg,jpg,282.93,1152,864,False,False,,,,,,,6a816e8e86955b6f...
fe73e68b5c7872001b1069fe23cbb744.pdf,.pdf,pdf,448.06,,,False,False,,,,,,1,3c6338edb16c205b...
fe90be6fb1dfb73a07a6d01d26290de0.png,.png,png,190.16,508,692,False,False,,,,,,,c8a0344271fdeb87...
feb64574e79d3ff13670395efb4fdf4d.pdf,.pdf,pdf,552.44,,,False,False,,,,,,1,8048dd016b751713...
febb0e527a5e2f715008ab6707821fd4.jpg,.jpg,png,268.65,628,776,False,False,,,,,,,40c34fc61d9d29ec...
fec40d2f6d9efabb346e693818ffb072.pdf,.pdf,pdf,91.6,,,False,False,,,,,,1,a77611fff47c62e7...
ff172f4d982871116dfda099d32ea86b.jpg,.jpg,jpg,29.99,509,692,False,False,,,,,,,de7c138507b0b9b4...
ff184597c3a6a85c4435f89856e57f0a.jpg,.jpg,jpg,31.43,513,686,False,False,,,,,,,4293d1e3ccc80a59...
ff425e7e288c75fbc90c729523775bd7.pdf,.pdf,pdf,292.91,,,False,False,,,,,,1,b37b6d06d7fba9aa...
ff46baa56a8423d9bbd7bab244977e76.pdf,.pdf,pdf,150.98,,,False,False,,,,,,1,8992fc8343711ab2...
ff55365ca1f451e3e493d64507333fb7.pdf,.pdf,pdf,438.48,,,False,False,,,,,,1,1d8b7531da8659e3...
ff94b90d6412285c5fbc75a7f2c8b7ba.pdf,.pdf,pdf,267.78,,,False,False,,,,,,1,8da033383fcb5156...
ff9526b2421f5653ffcf5f63d5461df7.png,.png,png,267.43,519,692,False,False,,,,,,,d2e30e2e2de26dc4...
ffc56ba1549beb10927b136b0c81d202.pdf,.pdf,pdf,285.53,,,False,False,,,,,,1,4bb9643724a0fb8b...
ffd5aa597bf443bb1401b8b6621a9a33.png,.png,png,191.16,454,692,False,False,,,,,,,fe119346a17082a2...
ffd666ed6eaf047b40cfe2b83b4451ce.pdf,.pdf,pdf,248.28,,,False,False,,,,,,1,b4ddcdb4a129252a...
ffdcf3bd4162708b764b002a73f1ca69.pdf,.pdf,pdf,143.71,,,False,False,,,,,,1,deb54599ae7eb215...
ffff49e075646ca5280c2a8ee7c3566e.png,.png,png,368.68,810,692,False,False,,,,,,,3def26f486d60e15...
